Gene_set,Term,Overlap,P-value,Adjusted P-value,Old P-value,Old Adjusted P-value,Odds Ratio,Combined Score,Genes
GO_Biological_Process_2023,Positive Regulation Of Lipid Metabolic Process (GO:0045834),3/24,2.867422295491e-05,0.0071827413461135,0,0,60.57446808510638,633.5793754459056,ZBTB20;SORBS1;APOE
GO_Biological_Process_2023,Neuron Projection Morphogenesis (GO:0048812),5/146,3.147591302714306e-05,0.0071827413461135,0,0,15.609929078014185,161.81702002089756,GPM6A;CTNND2;PARD3;TNIK;CTNNA2
GO_Biological_Process_2023,Cellular Response To Organic Cyclic Compound (GO:0071407),5/152,3.817232757406669e-05,0.0071827413461135,0,0,14.968253968253968,152.2780306384961,RORA;ATP1A2;ADCY2;CLU;RYR3
GO_Biological_Process_2023,Regulation Of Lipid Biosynthetic Process (GO:0046890),3/28,4.6085838596253206e-05,0.0071827413461135,0,0,50.87234042553192,507.9605655722774,ZBTB20;APOE;SORBS1
GO_Biological_Process_2023,L-aspartate Import Across Plasma Membrane (GO:0140009),2/5,6.0956786529959696e-05,0.0071827413461135,0,0,277.0416666666667,2688.78505476905,SLC1A2;SLC1A3
GO_Biological_Process_2023,L-aspartate Transmembrane Transport (GO:0070778),2/5,6.0956786529959696e-05,0.0071827413461135,0,0,277.0416666666667,2688.78505476905,SLC1A2;SLC1A3
GO_Biological_Process_2023,Neuron Projection Development (GO:0031175),5/192,0.00011549478910912796,0.0111441493057525,0,0,11.742721330956623,106.46285996423896,GPM6A;ADGRV1;CTNND2;TNIK;APOE
GO_Biological_Process_2023,Positive Regulation Of Lipid Biosynthetic Process (GO:0046889),3/39,0.00012610069935787855,0.0111441493057525,0,0,35.308510638297875,317.0149830122188,ZBTB20;APOE;SORBS1
GO_Biological_Process_2023,Positive Regulation Of Biosynthetic Process (GO:0009891),3/44,0.0001811421903351466,0.0140144502877626,0,0,30.994810586403737,267.0583626754283,ZBTB20;APOE;SORBS1
GO_Biological_Process_2023,Aspartate Transmembrane Transport (GO:0015810),2/9,0.00021804660985203623,0.0140144502877626,0,0,118.70833333333331,1000.8064198202924,SLC1A2;SLC1A3
GO_Biological_Process_2023,Cellular Response To Purine-Containing Compound (GO:0071415),2/9,0.00021804660985203623,0.0140144502877626,0,0,118.70833333333331,1000.8064198202924,CLU;RYR3
GO_Biological_Process_2023,Acidic Amino Acid Transport (GO:0015800),2/10,0.00027212309342677823,0.0159264990657421,0,0,103.86458333333331,852.6509585567859,GJA1;SLC1A3
GO_Biological_Process_2023,Protein Homooligomerization (GO:0051260),4/129,0.00030233842173203154,0.0159264990657421,0,0,13.791304347826086,111.76422796561604,SLC1A2;AQP4;CLU;RYR3
GO_Biological_Process_2023,Protein Homotetramerization (GO:0051289),3/53,0.000315376219123607,0.0159264990657421,0,0,25.404255319148938,204.8026101434528,AQP4;CLU;RYR3
GO_Biological_Process_2023,Cellular Response To Metal Ion (GO:0071248),4/135,0.0003594242355042837,0.0169408623001019,0,0,13.155658811815467,104.33762413438907,MT2A;ADGRV1;CLU;RYR3
GO_Biological_Process_2023,Striated Muscle Contraction (GO:0006941),3/57,0.0003911590889551034,0.0172843422432036,0,0,23.5177304964539,184.5294312848504,DTNA;ATP1A2;RYR3
GO_Biological_Process_2023,Negative Regulation Of Protein Metabolic Process (GO:0051248),4/147,0.0004961294316551132,0.0188203198502197,0,0,12.04439039221648,91.6418365827904,CST3;FMN2;APOE;CLU
GO_Biological_Process_2023,L-glutamate Transmembrane Transport (GO:0015813),2/14,0.0005467878206419364,0.0188203198502197,0,0,69.22916666666667,520.0114050756229,SLC1A2;SLC1A3
GO_Biological_Process_2023,L-glutamate Import (GO:0051938),2/15,0.0006299020654549659,0.0188203198502197,0,0,63.90064102564103,470.9442866528224,SLC1A2;SLC1A3
GO_Biological_Process_2023,Negative Regulation Of Platelet Activation (GO:0010544),2/15,0.0006299020654549659,0.0188203198502197,0,0,63.90064102564103,470.9442866528224,APOE;PRKG1
GO_Biological_Process_2023,Regulation Of Amyloid-Beta Clearance (GO:1900221),2/15,0.0006299020654549659,0.0188203198502197,0,0,63.90064102564103,470.9442866528224,APOE;CLU
GO_Biological_Process_2023,Monoatomic Cation Transmembrane Transport (GO:0098655),5/281,0.0006676277835550033,0.0188203198502197,0,0,7.920289855072464,57.91141497624296,SLC1A3;ATP1A2;CLU;RYR3;TRPM3
GO_Biological_Process_2023,Cellular Response To Calcium Ion (GO:0071277),3/69,0.0006858216610371124,0.0188203198502197,0,0,19.230174081237912,140.08975927188362,ADGRV1;CLU;RYR3
GO_Biological_Process_2023,Inorganic Cation Transmembrane Transport (GO:0098662),5/284,0.0007003643084666374,0.0188203198502197,0,0,7.833930704898447,56.90496694138906,SLC1A3;ATP1A2;CLU;RYR3;TRPM3
GO_Biological_Process_2023,Cell Communication By Electrical Coupling Involved In Cardiac Conduction (GO:0086064),2/16,0.0007187392304892979,0.0188203198502197,0,0,59.333333333333336,429.45537567816734,GJA1;ATP1A2
GO_Biological_Process_2023,Negative Regulation Of Amyloid-Beta Formation (GO:1902430),2/16,0.0007187392304892979,0.0188203198502197,0,0,59.333333333333336,429.45537567816734,APOE;CLU
GO_Biological_Process_2023,Reverse Cholesterol Transport (GO:0043691),2/16,0.0007187392304892979,0.0188203198502197,0,0,59.333333333333336,429.45537567816734,APOE;CLU
GO_Biological_Process_2023,Protein Tetramerization (GO:0051262),3/73,0.0008084332971786784,0.0191660945160203,0,0,18.127659574468087,129.07641173230985,AQP4;CLU;RYR3
GO_Biological_Process_2023,Transepithelial Transport (GO:0070633),2/17,0.0008132713373134499,0.0191660945160203,0,0,55.375,393.9624337310239,SLC1A2;SLC1A3
GO_Biological_Process_2023,Regulation Of Cartilage Development (GO:0061035),2/17,0.0008132713373134499,0.0191660945160203,0,0,55.375,393.9624337310239,TRPS1;SOX5
GO_Biological_Process_2023,Negative Regulation Of Neuron Apoptotic Process (GO:0043524),3/74,0.000841115699760175,0.0191828645074336,0,0,17.87144141444411,126.5437687687522,PTPRZ1;APOE;CLU
GO_Biological_Process_2023,Negative Regulation Of Amyloid Precursor Protein Catabolic Process (GO:1902992),2/18,0.000913470506242016,0.0201819889972845,0,0,51.911458333333336,363.2898548418271,APOE;CLU
GO_Biological_Process_2023,Calcium Ion Transmembrane Transport (GO:0070588),3/80,0.0010548985204026,0.022600401634081,0,0,16.473887814313347,112.9171456129886,CLU;RYR3;TRPM3
GO_Biological_Process_2023,Vascular Transport (GO:0010232),3/83,0.0011735239744728,0.0244023955868329,0,0,15.85372340425532,106.97686877010656,SLC1A2;SLC1A3;ATP1A2
GO_Biological_Process_2023,Regulation Of Steroid Metabolic Process (GO:0019218),2/21,0.0012477930702112,0.0246879974254461,0,0,43.708333333333336,292.25047477799524,RORA;APOE
GO_Biological_Process_2023,Transport Across Blood-Brain Barrier (GO:0150104),3/85,0.0012570974643791,0.0246879974254461,0,0,15.465490399584846,103.29323424451243,SLC1A2;SLC1A3;ATP1A2
GO_Biological_Process_2023,Negative Regulation Of Neuron Death (GO:1901215),3/88,0.0013893445250705,0.0265477453844555,0,0,14.917396745932416,98.14040765115747,PTPRZ1;APOE;CLU
GO_Biological_Process_2023,Acylglycerol Homeostasis (GO:0055090),2/24,0.0016321249773357,0.02958749638401,0,0,37.74242424242424,242.22606459531664,RORA;APOE
GO_Biological_Process_2023,Dicarboxylic Acid Transport (GO:0006835),2/24,0.0016321249773357,0.02958749638401,0,0,37.74242424242424,242.22606459531664,GJA1;SLC1A3
GO_Biological_Process_2023,Regulation Of Chondrocyte Differentiation (GO:0032330),2/25,0.0017712212130127,0.0305427657951219,0,0,36.09963768115942,228.73040961874747,TRPS1;SOX5
GO_Biological_Process_2023,Regulation Of Myelination (GO:0031641),2/25,0.0017712212130127,0.0305427657951219,0,0,36.09963768115942,228.73040961874747,PTPRZ1;PARD3
GO_Biological_Process_2023,Amino Acid Import Across Plasma Membrane (GO:0089718),2/27,0.0020657293545543,0.0347731108016648,0,0,33.208333333333336,205.3029465636782,SLC1A2;SLC1A3
GO_Biological_Process_2023,Regulation Of Neuron Apoptotic Process (GO:0043523),3/105,0.0023037892218876,0.0378785809273152,0,0,12.42052565707134,75.43233671724062,PTPRZ1;APOE;CLU
GO_Biological_Process_2023,Response To Calcium Ion (GO:0051592),3/106,0.0023667454978385,0.0380292969766323,0,0,12.299318322660609,74.36462396066707,ADGRV1;CLU;RYR3
GO_Biological_Process_2023,Monoatomic Ion Transport (GO:0006811),3/107,0.0024307608837506,0.0381899543291486,0,0,12.180441898527006,73.32079059873531,SLC1A2;SLC1A3;TRPM3
GO_Biological_Process_2023,Cellular Response To Salt (GO:1902075),3/109,0.0025619933727431,0.0393767242289001,0,0,11.94941790445604,71.30181411758254,ADGRV1;CLU;RYR3
GO_Biological_Process_2023,Triglyceride Homeostasis (GO:0070328),2/31,0.0027192556482504,0.0407546648738826,0,0,28.62212643678161,169.08226656127547,RORA;APOE
GO_Biological_Process_2023,Calcium Ion Transport (GO:0006816),3/112,0.0027669362290613,0.0407546648738826,0,0,11.618778059730626,68.43477270112554,CLU;RYR3;TRPM3
GO_Biological_Process_2023,Amide Transport (GO:0042886),2/32,0.0028959211173454,0.0417840046931269,0,0,27.666666666666668,161.69650653172428,GJA1;SLC1A3
GO_Biological_Process_2023,Positive Regulation Of Small Molecule Metabolic Process (GO:0062013),2/33,0.0030778471463162,0.0426674104401097,0,0,26.772849462365592,154.84144163978604,ZBTB20;APOE
GO_Biological_Process_2023,Regulation Of Amyloid-Beta Formation (GO:1902003),2/33,0.0030778471463162,0.0426674104401097,0,0,26.772849462365592,154.84144163978604,APOE;CLU
GO_Biological_Process_2023,Apoptotic Mitochondrial Changes (GO:0008637),2/34,0.0032650074009337,0.0438035769835684,0,0,25.93489583333333,148.46413612460563,ERBB4;CLU
GO_Biological_Process_2023,Regulation Of Protein-Containing Complex Assembly (GO:0043254),3/119,0.0032837193495461,0.0438035769835684,0,0,10.913793103448276,62.413565909911824,APOE;CLU;GFAP
GO_Biological_Process_2023,Dendrite Morphogenesis (GO:0048813),2/35,0.0034573756419477,0.0444429923428555,0,0,25.147727272727277,142.5183432834292,CTNND2;CTNNA2
GO_Biological_Process_2023,Regulation Of Axon Extension (GO:0030516),2/35,0.0034573756419477,0.0444429923428555,0,0,25.147727272727277,142.5183432834292,MACF1;APOE
GO_Biological_Process_2023,Regulation Of Protein Catabolic Process (GO:0042176),3/122,0.0035220951104472,0.0444664507693961,0,0,10.637046307884855,60.085475656896094,FMN2;APOE;GFAP
GO_Biological_Process_2023,Negative Regulation Of Smooth Muscle Cell Proliferation (GO:0048662),2/37,0.0038576315924392,0.0462261955229581,0,0,23.70833333333333,131.76384828572083,APOE;PRKG1
GO_Biological_Process_2023,Regulation Of Vascular Associated Smooth Muscle Cell Proliferation (GO:1904705),2/37,0.0038576315924392,0.0462261955229581,0,0,23.70833333333333,131.76384828572083,GJA1;PRKG1
GO_Biological_Process_2023,Regulation Of Cellular Component Biogenesis (GO:0044087),2/37,0.0038576315924392,0.0462261955229581,0,0,23.70833333333333,131.76384828572083,APOE;GFAP
GO_Biological_Process_2023,Nervous System Development (GO:0007399),5/433,0.0044229197944068,0.0504598783875024,0,0,5.068016614745587,27.473491092415564,GPM6A;ADGRV1;PTPRZ1;ERBB4;LSAMP
GO_Biological_Process_2023,L-alpha-amino Acid Transmembrane Transport (GO:1902475),2/40,0.0044964248068071,0.0504598783875024,0,0,21.83333333333333,117.99765363023796,SLC1A2;SLC1A3
GO_Biological_Process_2023,Regulation Of Small Molecule Metabolic Process (GO:0062012),2/40,0.0044964248068071,0.0504598783875024,0,0,21.83333333333333,117.99765363023796,RORA;APOE
GO_Biological_Process_2023,Cyclic-Nucleotide-Mediated Signaling (GO:0019935),2/40,0.0044964248068071,0.0504598783875024,0,0,21.83333333333333,117.99765363023796,ADCY2;APOE
GO_Biological_Process_2023,Chemical Synaptic Transmission (GO:0007268),4/273,0.0047785056003444,0.0527875540538052,0,0,6.362049458542105,33.99642191669823,DTNA;SLC1A2;SLC1A3;APOE
GO_Biological_Process_2023,Monoatomic Cation Transport (GO:0006812),2/42,0.0049475924537835,0.0538145825357688,0,0,20.73958333333333,110.1034239545967,ATP1A2;TRPM3
GO_Biological_Process_2023,Regulation Of Filopodium Assembly (GO:0051489),2/43,0.0051806911627924,0.0554961916983974,0,0,20.23272357723577,106.48111760263689,GPM6A;CLU
GO_Biological_Process_2023,Negative Regulation Of Response To External Stimulus (GO:0032102),3/146,0.0058125493407035,0.0613354087145879,0,0,8.841095075137629,45.5116235690624,RORA;CTNNA2;APOE
GO_Biological_Process_2023,Skeletal System Development (GO:0001501),3/149,0.0061486161723867,0.0639275240276092,0,0,8.658117167006704,44.08304801864367,GJA1;TRPS1;SOX5
GO_Biological_Process_2023,Regulation Of Cellular Component Organization (GO:0051128),3/153,0.0066144943222188,0.0677746012436045,0,0,8.425531914893616,42.28346390775979,NRG3;APOE;GFAP
GO_Biological_Process_2023,Negative Regulation Of Apoptotic Process (GO:0043066),5/482,0.0069168190120408,0.0692093200262806,0,0,4.535988819007687,22.5610979918269,PTPRZ1;ERBB4;FMN2;APOE;CLU
GO_Biological_Process_2023,Plasma Membrane Bounded Cell Projection Morphogenesis (GO:0120039),2/50,0.0069502994651568,0.0692093200262806,0,0,17.276041666666668,85.84414194819459,GPM6A;TNIK
GO_Biological_Process_2023,Cholesterol Transport (GO:0030301),2/51,0.0072225026271421,0.070920963297076,0,0,16.922619047619047,83.43788300609687,APOE;CLU
GO_Biological_Process_2023,Neurotransmitter Transport (GO:0006836),2/52,0.007499481830469,0.0726319678649538,0,0,16.583333333333332,81.14094572244915,SLC1A2;SLC1A3
GO_Biological_Process_2023,ERBB Signaling Pathway (GO:0038127),2/54,0.0080676700842631,0.0760512366609874,0,0,15.943910256410255,76.8479024006269,NRG3;ERBB4
GO_Biological_Process_2023,Negative Regulation Of Protein Catabolic Process (GO:0042177),2/54,0.0080676700842631,0.0760512366609874,0,0,15.943910256410255,76.8479024006269,CST3;FMN2
GO_Biological_Process_2023,Metal Ion Transport (GO:0030001),3/171,0.0089682253768461,0.0834280965977662,0,0,7.51595744680851,35.43073044803733,ATP1A2;CLU;RYR3
GO_Biological_Process_2023,Phospholipid Transport (GO:0015914),2/59,0.0095700107879558,0.0878700990530487,0,0,14.541666666666666,67.6059670933825,APOE;PITPNC1
GO_Biological_Process_2023,Negative Regulation Of Trophoblast Cell Migration (GO:1901164),1/5,0.0124387771927725,0.0998522049215508,0,0,101.76530612244898,446.4379351400606,GJA1
GO_Biological_Process_2023,Intracellular Water Homeostasis (GO:0009992),1/5,0.0124387771927725,0.0998522049215508,0,0,101.76530612244898,446.4379351400606,AQP4
GO_Biological_Process_2023,Lipoprotein Metabolic Process (GO:0042157),1/5,0.0124387771927725,0.0998522049215508,0,0,101.76530612244898,446.4379351400606,APOE
GO_Biological_Process_2023,Protein Import (GO:0017038),1/5,0.0124387771927725,0.0998522049215508,0,0,101.76530612244898,446.4379351400606,CLU
GO_Biological_Process_2023,Cellular Response To Magnesium Ion (GO:0071286),1/5,0.0124387771927725,0.0998522049215508,0,0,101.76530612244898,446.4379351400606,RYR3
GO_Biological_Process_2023,Negative Regulation Of Arp2/3 Complex-Mediated Actin Nucleation (GO:0034316),1/5,0.0124387771927725,0.0998522049215508,0,0,101.76530612244898,446.4379351400606,CTNNA2
GO_Biological_Process_2023,Regulation Of Blood Vessel Remodeling (GO:0060312),1/5,0.0124387771927725,0.0998522049215508,0,0,101.76530612244898,446.4379351400606,CST3
GO_Biological_Process_2023,Anterograde Trans-Synaptic Signaling (GO:0098916),3/199,0.0134968444200566,0.0998522049215508,0,0,6.433130699088146,27.696553529978505,DTNA;SLC1A2;SLC1A3
GO_Biological_Process_2023,Negative Regulation Of Supramolecular Fiber Organization (GO:1902904),2/71,0.0136373517747766,0.0998522049215508,0,0,12.005434782608695,51.56265564232933,APOE;CLU
GO_Biological_Process_2023,Cell-Cell Junction Assembly (GO:0007043),2/71,0.0136373517747766,0.0998522049215508,0,0,12.005434782608695,51.56265564232933,GJA1;CTNND2
GO_Biological_Process_2023,Organic Substance Transport (GO:0071702),3/201,0.0138618079930174,0.0998522049215508,0,0,6.367504835589942,27.24411982978463,AQP4;CLU;RYR3
GO_Biological_Process_2023,Cellular Response To Hypoxia (GO:0071456),2/72,0.0140048037295852,0.0998522049215508,0,0,11.833333333333334,50.50886613536219,RORA;FMN2
GO_Biological_Process_2023,Cholesterol Homeostasis (GO:0042632),2/72,0.0140048037295852,0.0998522049215508,0,0,11.833333333333334,50.50886613536219,RORA;APOE
GO_Biological_Process_2023,Negative Regulation Of Catabolic Process (GO:0009895),2/72,0.0140048037295852,0.0998522049215508,0,0,11.833333333333334,50.50886613536219,CST3;FMN2
GO_Biological_Process_2023,Sterol Homeostasis (GO:0055092),2/73,0.0143765335552059,0.0998522049215508,0,0,11.666079812206572,49.48935398933624,RORA;APOE
GO_Biological_Process_2023,Cellular Response To Decreased Oxygen Levels (GO:0036294),2/73,0.0143765335552059,0.0998522049215508,0,0,11.666079812206572,49.48935398933624,RORA;FMN2
GO_Biological_Process_2023,Sterol Catabolic Process (GO:0016127),1/6,0.0149082847993736,0.0998522049215508,0,0,81.40816326530613,342.3895623444841,APOE
GO_Biological_Process_2023,Synaptic Signaling (GO:0099536),1/6,0.0149082847993736,0.0998522049215508,0,0,81.40816326530613,342.3895623444841,DTNA
GO_Biological_Process_2023,Positive Regulation Of Receptor Catabolic Process (GO:2000646),1/6,0.0149082847993736,0.0998522049215508,0,0,81.40816326530613,342.3895623444841,APOE
GO_Biological_Process_2023,Positive Regulation Of Steroid Metabolic Process (GO:0045940),1/6,0.0149082847993736,0.0998522049215508,0,0,81.40816326530613,342.3895623444841,APOE
GO_Biological_Process_2023,Parallel Actin Filament Bundle Assembly (GO:0030046),1/6,0.0149082847993736,0.0998522049215508,0,0,81.40816326530613,342.3895623444841,FMN2
GO_Biological_Process_2023,Cellular Response To Caffeine (GO:0071313),1/6,0.0149082847993736,0.0998522049215508,0,0,81.40816326530613,342.3895623444841,RYR3
GO_Biological_Process_2023,Cholesterol Catabolic Process (GO:0006707),1/6,0.0149082847993736,0.0998522049215508,0,0,81.40816326530613,342.3895623444841,APOE
GO_Biological_Process_2023,Release Of Sequestered Calcium Ion Into Cytosol By Sarcoplasmic Reticulum (GO:0014808),1/6,0.0149082847993736,0.0998522049215508,0,0,81.40816326530613,342.3895623444841,RYR3
GO_Biological_Process_2023,Positive Regulation Of Amyloid-Beta Clearance (GO:1900223),1/6,0.0149082847993736,0.0998522049215508,0,0,81.40816326530613,342.3895623444841,APOE
GO_Biological_Process_2023,Response To Caffeine (GO:0031000),1/6,0.0149082847993736,0.0998522049215508,0,0,81.40816326530613,342.3895623444841,RYR3
GO_Biological_Process_2023,Positive Regulation Of Blood Circulation (GO:1903524),1/6,0.0149082847993736,0.0998522049215508,0,0,81.40816326530613,342.3895623444841,ATP1A2
GO_Biological_Process_2023,Regulation Of Canonical Wnt Signaling Pathway (GO:0060828),3/207,0.0149903872851396,0.0998522049215508,0,0,6.178347934918649,25.95119984420915,CTNND2;GPC5;APOE
GO_Biological_Process_2023,Positive Regulation Of Multicellular Organismal Process (GO:0051240),4/387,0.0157901812747111,0.0998522049215508,0,0,4.442501986604609,18.42912850730668,GJA1;CADM1;APOE;SOX5
GO_Biological_Process_2023,Cell Morphogenesis Involved In Neuron Differentiation (GO:0048667),2/77,0.0159057771109684,0.0998522049215508,0,0,11.041666666666666,45.72434655376785,PARD3;CTNNA2
GO_Biological_Process_2023,Positive Regulation Of JNK Cascade (GO:0046330),2/77,0.0159057771109684,0.0998522049215508,0,0,11.041666666666666,45.72434655376785,TNIK;TPD52L1
GO_Biological_Process_2023,Positive Regulation Of Endocytosis (GO:0045807),2/79,0.0166954776383478,0.0998522049215508,0,0,10.75378787878788,44.01113934918422,APOE;CLU
GO_Biological_Process_2023,Regulation Of Chaperone-Mediated Autophagy (GO:1904714),1/7,0.0173717414502839,0.0998522049215508,0,0,67.83673469387755,274.9362107684438,GFAP
GO_Biological_Process_2023,Establishment Of Centrosome Localization (GO:0051660),1/7,0.0173717414502839,0.0998522049215508,0,0,67.83673469387755,274.9362107684438,PARD3
GO_Biological_Process_2023,Regulation Of Extent Of Cell Growth (GO:0061387),1/7,0.0173717414502839,0.0998522049215508,0,0,67.83673469387755,274.9362107684438,APOE
GO_Biological_Process_2023,Positive Regulation Of Oligodendrocyte Differentiation (GO:0048714),1/7,0.0173717414502839,0.0998522049215508,0,0,67.83673469387755,274.9362107684438,PTPRZ1
GO_Biological_Process_2023,Very-Low-Density Lipoprotein Particle Remodeling (GO:0034372),1/7,0.0173717414502839,0.0998522049215508,0,0,67.83673469387755,274.9362107684438,APOE
GO_Biological_Process_2023,Regulation Of Mesenchymal Stem Cell Differentiation (GO:2000739),1/7,0.0173717414502839,0.0998522049215508,0,0,67.83673469387755,274.9362107684438,SOX5
GO_Biological_Process_2023,Atrial Cardiac Muscle Cell To AV Node Cell Signaling (GO:0086026),1/7,0.0173717414502839,0.0998522049215508,0,0,67.83673469387755,274.9362107684438,GJA1
GO_Biological_Process_2023,Mammary Gland Epithelial Cell Differentiation (GO:0060644),1/7,0.0173717414502839,0.0998522049215508,0,0,67.83673469387755,274.9362107684438,ERBB4
GO_Biological_Process_2023,Positive Regulation Of CoA-transferase Activity (GO:1905920),1/7,0.0173717414502839,0.0998522049215508,0,0,67.83673469387755,274.9362107684438,APOE
GO_Biological_Process_2023,Regulation Of Cdc42 Protein Signal Transduction (GO:0032489),1/7,0.0173717414502839,0.0998522049215508,0,0,67.83673469387755,274.9362107684438,APOE
GO_Biological_Process_2023,Regulation Of CoA-transferase Activity (GO:1905918),1/7,0.0173717414502839,0.0998522049215508,0,0,67.83673469387755,274.9362107684438,APOE
GO_Biological_Process_2023,Release Of Sequestered Calcium Ion Into Cytosol By Endoplasmic Reticulum (GO:1903514),1/7,0.0173717414502839,0.0998522049215508,0,0,67.83673469387755,274.9362107684438,RYR3
GO_Biological_Process_2023,Response To Auditory Stimulus (GO:0010996),1/7,0.0173717414502839,0.0998522049215508,0,0,67.83673469387755,274.9362107684438,ATP1A2
GO_Biological_Process_2023,Negative Regulation Of Actin Nucleation (GO:0051126),1/7,0.0173717414502839,0.0998522049215508,0,0,67.83673469387755,274.9362107684438,CTNNA2
GO_Biological_Process_2023,Cellular Response To Oxygen-Containing Compound (GO:1901701),4/406,0.018493879689585,0.1030824790146167,0,0,4.228423101881895,16.872741944723884,ADGRV1;RORA;CLU;RYR3
GO_Biological_Process_2023,Cellular Response To Lipid (GO:0071396),3/228,0.0193416216092602,0.1030824790146167,0,0,5.595744680851064,22.07798794779856,RORA;ATP1A2;ADCY2
GO_Biological_Process_2023,Negative Regulation Of Long-Term Synaptic Potentiation (GO:1900272),1/8,0.0198291614511851,0.1030824790146167,0,0,58.142857142857146,227.9549801512961,APOE
GO_Biological_Process_2023,Triglyceride-Rich Lipoprotein Particle Remodeling (GO:0034370),1/8,0.0198291614511851,0.1030824790146167,0,0,58.142857142857146,227.9549801512961,APOE
GO_Biological_Process_2023,Schwann Cell Development (GO:0014044),1/8,0.0198291614511851,0.1030824790146167,0,0,58.142857142857146,227.9549801512961,PARD3
GO_Biological_Process_2023,Negative Regulation Of Platelet Aggregation (GO:0090331),1/8,0.0198291614511851,0.1030824790146167,0,0,58.142857142857146,227.9549801512961,PRKG1
GO_Biological_Process_2023,Alcohol Catabolic Process (GO:0046164),1/8,0.0198291614511851,0.1030824790146167,0,0,58.142857142857146,227.9549801512961,APOE
GO_Biological_Process_2023,Regulation Of Morphogenesis Of An Epithelium (GO:1905330),1/8,0.0198291614511851,0.1030824790146167,0,0,58.142857142857146,227.9549801512961,GJA1
GO_Biological_Process_2023,Lactation (GO:0007595),1/8,0.0198291614511851,0.1030824790146167,0,0,58.142857142857146,227.9549801512961,ERBB4
GO_Biological_Process_2023,Peripheral Nervous System Axon Ensheathment (GO:0032292),1/8,0.0198291614511851,0.1030824790146167,0,0,58.142857142857146,227.9549801512961,PARD3
GO_Biological_Process_2023,Mitochondrial Fragmentation Involved In Apoptotic Process (GO:0043653),1/8,0.0198291614511851,0.1030824790146167,0,0,58.142857142857146,227.9549801512961,ERBB4
GO_Biological_Process_2023,Response To Magnesium Ion (GO:0032026),1/8,0.0198291614511851,0.1030824790146167,0,0,58.142857142857146,227.9549801512961,RYR3
GO_Biological_Process_2023,Response To Misfolded Protein (GO:0051788),1/8,0.0198291614511851,0.1030824790146167,0,0,58.142857142857146,227.9549801512961,CLU
GO_Biological_Process_2023,Positive Regulation Of Developmental Process (GO:0051094),3/233,0.0204702375459646,0.105638379160562,0,0,5.472710453283996,21.28218487847684,GJA1;APOE;SOX5
GO_Biological_Process_2023,Negative Regulation Of Extracellular Matrix Organization (GO:1903054),1/9,0.0222805591236868,0.1097051077391842,0,0,50.87244897959184,193.52086993316271,CST3
GO_Biological_Process_2023,Negative Regulation Of Hormone Secretion (GO:0046888),1/9,0.0222805591236868,0.1097051077391842,0,0,50.87244897959184,193.52086993316271,GJA1
GO_Biological_Process_2023,High-Density Lipoprotein Particle Assembly (GO:0034380),1/9,0.0222805591236868,0.1097051077391842,0,0,50.87244897959184,193.52086993316271,APOE
GO_Biological_Process_2023,cAMP Biosynthetic Process (GO:0006171),1/9,0.0222805591236868,0.1097051077391842,0,0,50.87244897959184,193.52086993316271,ADCY2
GO_Biological_Process_2023,Regulation Of Tau-Protein Kinase Activity (GO:1902947),1/9,0.0222805591236868,0.1097051077391842,0,0,50.87244897959184,193.52086993316271,CLU
GO_Biological_Process_2023,Myelin Maintenance (GO:0043217),1/9,0.0222805591236868,0.1097051077391842,0,0,50.87244897959184,193.52086993316271,CLU
GO_Biological_Process_2023,Negative Regulation Of Amide Metabolic Process (GO:0034249),2/93,0.0226749954090764,0.1097051077391842,0,0,9.092948717948715,34.43038199107018,APOE;CLU
GO_Biological_Process_2023,Muscle Contraction (GO:0006936),2/94,0.0231314233527167,0.1097051077391842,0,0,8.993659420289855,33.87518721331595,DTNA;RYR3
GO_Biological_Process_2023,Cell Junction Assembly (GO:0034329),2/95,0.0235916467130086,0.1097051077391842,0,0,8.896505376344086,33.333983109146935,GPM6A;CTNND2
GO_Biological_Process_2023,Positive Regulation Of Supramolecular Fiber Organization (GO:1902905),2/96,0.0240556444712905,0.1097051077391842,0,0,8.801418439716311,32.80628046281635,APOE;CLU
GO_Biological_Process_2023,Negative Regulation Of Hemostasis (GO:1900047),1/10,0.024725948817258,0.1097051077391842,0,0,45.21768707482993,167.3010120823387,APOE
GO_Biological_Process_2023,Negative Regulation Of Homotypic Cell-Cell Adhesion (GO:0034111),1/10,0.024725948817258,0.1097051077391842,0,0,45.21768707482993,167.3010120823387,PRKG1
GO_Biological_Process_2023,Fatty Acid Homeostasis (GO:0055089),1/10,0.024725948817258,0.1097051077391842,0,0,45.21768707482993,167.3010120823387,APOE
GO_Biological_Process_2023,Positive Regulation Of Phospholipid Transport (GO:2001140),1/10,0.024725948817258,0.1097051077391842,0,0,45.21768707482993,167.3010120823387,APOE
GO_Biological_Process_2023,Lipoprotein Catabolic Process (GO:0042159),1/10,0.024725948817258,0.1097051077391842,0,0,45.21768707482993,167.3010120823387,APOE
GO_Biological_Process_2023,Protein Kinase C-activating G Protein-Coupled Receptor Signaling Pathway (GO:0007205),1/10,0.024725948817258,0.1097051077391842,0,0,45.21768707482993,167.3010120823387,PARD3
GO_Biological_Process_2023,Cellular Response To Forskolin (GO:1904322),1/10,0.024725948817258,0.1097051077391842,0,0,45.21768707482993,167.3010120823387,ADCY2
GO_Biological_Process_2023,Response To Forskolin (GO:1904321),1/10,0.024725948817258,0.1097051077391842,0,0,45.21768707482993,167.3010120823387,ADCY2
GO_Biological_Process_2023,Response To Sterol (GO:0036314),1/10,0.024725948817258,0.1097051077391842,0,0,45.21768707482993,167.3010120823387,RORA
GO_Biological_Process_2023,Positive Regulation Of Cholesterol Metabolic Process (GO:0090205),1/10,0.024725948817258,0.1097051077391842,0,0,45.21768707482993,167.3010120823387,APOE
GO_Biological_Process_2023,Positive Regulation Of Chondrocyte Differentiation (GO:0032332),1/10,0.024725948817258,0.1097051077391842,0,0,45.21768707482993,167.3010120823387,SOX5
GO_Biological_Process_2023,Sarcoplasmic Reticulum Calcium Ion Transport (GO:0070296),1/10,0.024725948817258,0.1097051077391842,0,0,45.21768707482993,167.3010120823387,RYR3
GO_Biological_Process_2023,Axon Development (GO:0061564),2/99,0.0254700751762328,0.1097051077391842,0,0,8.527920962199312,31.299610767204847,PARD3;CTNNA2
GO_Biological_Process_2023,Negative Regulation Of Heart Contraction (GO:0045822),1/11,0.0271653448579923,0.1097051077391842,0,0,40.69387755102041,146.73452100035948,ATP1A2
GO_Biological_Process_2023,Positive Regulation Of Lipid Transport (GO:0032370),1/11,0.0271653448579923,0.1097051077391842,0,0,40.69387755102041,146.73452100035948,APOE
GO_Biological_Process_2023,Positive Regulation Of Myelination (GO:0031643),1/11,0.0271653448579923,0.1097051077391842,0,0,40.69387755102041,146.73452100035948,PARD3
GO_Biological_Process_2023,Negative Regulation Of Nitrogen Compound Metabolic Process (GO:0051172),1/11,0.0271653448579923,0.1097051077391842,0,0,40.69387755102041,146.73452100035948,APOE
GO_Biological_Process_2023,Intracellular Copper Ion Homeostasis (GO:0006878),1/11,0.0271653448579923,0.1097051077391842,0,0,40.69387755102041,146.73452100035948,MT2A
GO_Biological_Process_2023,Regulation Of Muscle System Process (GO:0090257),1/11,0.0271653448579923,0.1097051077391842,0,0,40.69387755102041,146.73452100035948,ATP1A2
GO_Biological_Process_2023,Neurotransmitter Uptake (GO:0001504),1/11,0.0271653448579923,0.1097051077391842,0,0,40.69387755102041,146.73452100035948,SLC1A3
GO_Biological_Process_2023,Brain Morphogenesis (GO:0048854),1/11,0.0271653448579923,0.1097051077391842,0,0,40.69387755102041,146.73452100035948,CTNNA2
GO_Biological_Process_2023,Phospholipid Efflux (GO:0033700),1/11,0.0271653448579923,0.1097051077391842,0,0,40.69387755102041,146.73452100035948,APOE
GO_Biological_Process_2023,Central Nervous System Myelination (GO:0022010),1/11,0.0271653448579923,0.1097051077391842,0,0,40.69387755102041,146.73452100035948,CLU
GO_Biological_Process_2023,Regulation Of Amyloid Precursor Protein Catabolic Process (GO:1902991),1/11,0.0271653448579923,0.1097051077391842,0,0,40.69387755102041,146.73452100035948,APOE
GO_Biological_Process_2023,Negative Regulation Of Amyloid Fibril Formation (GO:1905907),1/11,0.0271653448579923,0.1097051077391842,0,0,40.69387755102041,146.73452100035948,CLU
GO_Biological_Process_2023,Positive Regulation Of Circadian Rhythm (GO:0042753),1/11,0.0271653448579923,0.1097051077391842,0,0,40.69387755102041,146.73452100035948,RORA
GO_Biological_Process_2023,Inorganic Cation Import Across Plasma Membrane (GO:0098659),2/103,0.0274075630593292,0.1097051077391842,0,0,8.188531353135314,29.45362550083794,ATP1A2;CLU
GO_Biological_Process_2023,Positive Regulation Of Stress-Activated MAPK Cascade (GO:0032874),2/105,0.0283980432384044,0.1097051077391842,0,0,8.028721682847896,28.593770697553435,TNIK;TPD52L1
GO_Biological_Process_2023,Cellular Response To Organonitrogen Compound (GO:0071417),2/105,0.0283980432384044,0.1097051077391842,0,0,8.028721682847896,28.593770697553435,CLU;RYR3
GO_Biological_Process_2023,Positive Regulation Of Signal Transduction (GO:0009967),3/266,0.0288170218953855,0.1097051077391842,0,0,4.77801148774371,16.94659872229953,MACF1;SORBS1;TPD52L1
GO_Biological_Process_2023,Positive Regulation Of Insulin Receptor Signaling Pathway (GO:0046628),1/12,0.029598761568907,0.1097051077391842,0,0,36.99257884972171,130.2147194065139,SORBS1
GO_Biological_Process_2023,Atrial Cardiac Muscle Cell Action Potential (GO:0086014),1/12,0.029598761568907,0.1097051077391842,0,0,36.99257884972171,130.2147194065139,GJA1
GO_Biological_Process_2023,cAMP Metabolic Process (GO:0046058),1/12,0.029598761568907,0.1097051077391842,0,0,36.99257884972171,130.2147194065139,ADCY2
GO_Biological_Process_2023,Regulation Of Vascular Associated Smooth Muscle Cell Migration (GO:1904752),1/12,0.029598761568907,0.1097051077391842,0,0,36.99257884972171,130.2147194065139,PRKG1
GO_Biological_Process_2023,Relaxation Of Cardiac Muscle (GO:0055119),1/12,0.029598761568907,0.1097051077391842,0,0,36.99257884972171,130.2147194065139,ATP1A2
GO_Biological_Process_2023,Myelination In Peripheral Nervous System (GO:0022011),1/12,0.029598761568907,0.1097051077391842,0,0,36.99257884972171,130.2147194065139,PARD3
GO_Biological_Process_2023,Negative Regulation Of Coagulation (GO:0050819),1/12,0.029598761568907,0.1097051077391842,0,0,36.99257884972171,130.2147194065139,APOE
GO_Biological_Process_2023,Sodium Ion Export Across Plasma Membrane (GO:0036376),1/12,0.029598761568907,0.1097051077391842,0,0,36.99257884972171,130.2147194065139,ATP1A2
GO_Biological_Process_2023,Lipid Transport (GO:0006869),2/108,0.029910476921657,0.1097051077391842,0,0,7.800314465408805,27.37556602865933,APOE;PITPNC1
GO_Biological_Process_2023,Positive Regulation Of Wnt Signaling Pathway (GO:0030177),2/109,0.0304216645881743,0.1097051077391842,0,0,7.72702492211838,26.98740935600948,MACF1;GPC5
GO_Biological_Process_2023,Regulation Of Wnt Signaling Pathway (GO:0030111),2/109,0.0304216645881743,0.1097051077391842,0,0,7.72702492211838,26.98740935600948,MACF1;CTNND2
GO_Biological_Process_2023,Regulation Of JNK Cascade (GO:0046328),2/110,0.0309363405009925,0.1097051077391842,0,0,7.655092592592593,26.607752397672005,TNIK;TPD52L1
GO_Biological_Process_2023,Negative Regulation Of Inflammatory Response (GO:0050728),2/111,0.0314544847807964,0.1097051077391842,0,0,7.584480122324159,26.23633758944092,RORA;APOE
GO_Biological_Process_2023,Cytoskeleton Organization (GO:0007010),2/111,0.0314544847807964,0.1097051077391842,0,0,7.584480122324159,26.23633758944092,TNIK;APOE
GO_Biological_Process_2023,Negative Regulation Of Defense Response (GO:0031348),2/112,0.031976077624072,0.1097051077391842,0,0,7.515151515151516,25.872917364872013,RORA;APOE
GO_Biological_Process_2023,Positive Regulation Of Glycogen Biosynthetic Process (GO:0045725),1/13,0.032026213248763,0.1097051077391842,0,0,33.90816326530612,116.6847899929619,SORBS1
GO_Biological_Process_2023,Intracellular Potassium Ion Homeostasis (GO:0030007),1/13,0.032026213248763,0.1097051077391842,0,0,33.90816326530612,116.6847899929619,ATP1A2
GO_Biological_Process_2023,Regulation Of Nitrogen Compound Metabolic Process (GO:0051171),1/13,0.032026213248763,0.1097051077391842,0,0,33.90816326530612,116.6847899929619,APOE
GO_Biological_Process_2023,Body Fluid Secretion (GO:0007589),1/13,0.032026213248763,0.1097051077391842,0,0,33.90816326530612,116.6847899929619,ERBB4
GO_Biological_Process_2023,Regulation Of Response To Endoplasmic Reticulum Stress (GO:1905897),1/13,0.032026213248763,0.1097051077391842,0,0,33.90816326530612,116.6847899929619,CLU
GO_Biological_Process_2023,Microvillus Organization (GO:0032528),1/13,0.032026213248763,0.1097051077391842,0,0,33.90816326530612,116.6847899929619,TNIK
GO_Biological_Process_2023,Regulation Of Trophoblast Cell Migration (GO:1901163),1/13,0.032026213248763,0.1097051077391842,0,0,33.90816326530612,116.6847899929619,GJA1
GO_Biological_Process_2023,Relaxation Of Muscle (GO:0090075),1/13,0.032026213248763,0.1097051077391842,0,0,33.90816326530612,116.6847899929619,ATP1A2
GO_Biological_Process_2023,Positive Regulation Of Cardiac Muscle Cell Proliferation (GO:0060045),1/13,0.032026213248763,0.1097051077391842,0,0,33.90816326530612,116.6847899929619,ERBB4
GO_Biological_Process_2023,Positive Regulation Of Cellular Response To Insulin Stimulus (GO:1900078),1/13,0.032026213248763,0.1097051077391842,0,0,33.90816326530612,116.6847899929619,SORBS1
GO_Biological_Process_2023,Regulation Of Cell Projection Organization (GO:0031344),1/13,0.032026213248763,0.1097051077391842,0,0,33.90816326530612,116.6847899929619,MACF1
GO_Biological_Process_2023,Positive Regulation Of Cellular Component Organization (GO:0051130),2/113,0.032501099312465,0.1097051077391842,0,0,7.447072072072072,25.517253680402074,APOE;CLU
GO_Biological_Process_2023,Regulation Of MAP Kinase Activity (GO:0043405),2/114,0.0330295301793541,0.1097051077391842,0,0,7.380208333333333,25.169117576656426,APOE;TPD52L1
GO_Biological_Process_2023,Positive Regulation Of Glycogen Metabolic Process (GO:0070875),1/14,0.0344477141698711,0.1097051077391842,0,0,31.298273155416013,105.4223689491126,SORBS1
GO_Biological_Process_2023,Stress Fiber Assembly (GO:0043149),1/14,0.0344477141698711,0.1097051077391842,0,0,31.298273155416013,105.4223689491126,SORBS1
GO_Biological_Process_2023,Regulation Of Extracellular Matrix Disassembly (GO:0010715),1/14,0.0344477141698711,0.1097051077391842,0,0,31.298273155416013,105.4223689491126,CST3
GO_Biological_Process_2023,Positive Regulation Of Membrane Protein Ectodomain Proteolysis (GO:0051044),1/14,0.0344477141698711,0.1097051077391842,0,0,31.298273155416013,105.4223689491126,APOE
GO_Biological_Process_2023,Negative Regulation Of Peptidyl-Threonine Phosphorylation (GO:0010801),1/14,0.0344477141698711,0.1097051077391842,0,0,31.298273155416013,105.4223689491126,PARD3
GO_Biological_Process_2023,T Cell Proliferation (GO:0042098),1/14,0.0344477141698711,0.1097051077391842,0,0,31.298273155416013,105.4223689491126,CADM1
GO_Biological_Process_2023,Negative Regulation Of Smooth Muscle Cell Migration (GO:0014912),1/14,0.0344477141698711,0.1097051077391842,0,0,31.298273155416013,105.4223689491126,PRKG1
GO_Biological_Process_2023,Regulation Of Neuron Projection Arborization (GO:0150011),1/14,0.0344477141698711,0.1097051077391842,0,0,31.298273155416013,105.4223689491126,MACF1
GO_Biological_Process_2023,Lipoprotein Biosynthetic Process (GO:0042158),1/14,0.0344477141698711,0.1097051077391842,0,0,31.298273155416013,105.4223689491126,APOE
GO_Biological_Process_2023,Protein Homotrimerization (GO:0070207),1/14,0.0344477141698711,0.1097051077391842,0,0,31.298273155416013,105.4223689491126,SLC1A2
GO_Biological_Process_2023,Mammary Gland Epithelium Development (GO:0061180),1/14,0.0344477141698711,0.1097051077391842,0,0,31.298273155416013,105.4223689491126,ERBB4
GO_Biological_Process_2023,Cellular Response To ATP (GO:0071318),1/14,0.0344477141698711,0.1097051077391842,0,0,31.298273155416013,105.4223689491126,RYR3
GO_Biological_Process_2023,Microvillus Assembly (GO:0030033),1/14,0.0344477141698711,0.1097051077391842,0,0,31.298273155416013,105.4223689491126,TNIK
GO_Biological_Process_2023,Protein Trimerization (GO:0070206),1/14,0.0344477141698711,0.1097051077391842,0,0,31.298273155416013,105.4223689491126,SLC1A2
GO_Biological_Process_2023,Renal Water Homeostasis (GO:0003091),1/14,0.0344477141698711,0.1097051077391842,0,0,31.298273155416013,105.4223689491126,AQP4
GO_Biological_Process_2023,Contractile Actin Filament Bundle Assembly (GO:0030038),1/14,0.0344477141698711,0.1097051077391842,0,0,31.298273155416013,105.4223689491126,SORBS1
GO_Biological_Process_2023,Copper Ion Homeostasis (GO:0055070),1/14,0.0344477141698711,0.1097051077391842,0,0,31.298273155416013,105.4223689491126,MT2A
GO_Biological_Process_2023,Regulation Of Cholesterol Biosynthetic Process (GO:0045540),1/15,0.0368632785936063,0.112337663645171,0,0,29.06122448979592,95.91771596133704,APOE
GO_Biological_Process_2023,Regulation Of Intrinsic Apoptotic Signaling Pathway In Response To DNA Damage (GO:1902229),1/15,0.0368632785936063,0.112337663645171,0,0,29.06122448979592,95.91771596133704,CLU
GO_Biological_Process_2023,High-Density Lipoprotein Particle Remodeling (GO:0034375),1/15,0.0368632785936063,0.112337663645171,0,0,29.06122448979592,95.91771596133704,APOE
GO_Biological_Process_2023,Cardiac Myofibril Assembly (GO:0055003),1/15,0.0368632785936063,0.112337663645171,0,0,29.06122448979592,95.91771596133704,NEBL
GO_Biological_Process_2023,Cellular Response To Sterol (GO:0036315),1/15,0.0368632785936063,0.112337663645171,0,0,29.06122448979592,95.91771596133704,RORA
GO_Biological_Process_2023,Cellular Response To Zinc Ion (GO:0071294),1/15,0.0368632785936063,0.112337663645171,0,0,29.06122448979592,95.91771596133704,MT2A
GO_Biological_Process_2023,Dendritic Cell Chemotaxis (GO:0002407),1/15,0.0368632785936063,0.112337663645171,0,0,29.06122448979592,95.91771596133704,CLU
GO_Biological_Process_2023,Dendritic Spine Morphogenesis (GO:0060997),1/15,0.0368632785936063,0.112337663645171,0,0,29.06122448979592,95.91771596133704,CTNND2
GO_Biological_Process_2023,Regulation Of Amyloid Fibril Formation (GO:1905906),1/15,0.0368632785936063,0.112337663645171,0,0,29.06122448979592,95.91771596133704,CLU
GO_Biological_Process_2023,Regulation Of Carbohydrate Metabolic Process (GO:0006109),1/15,0.0368632785936063,0.112337663645171,0,0,29.06122448979592,95.91771596133704,RORA
GO_Biological_Process_2023,Potassium Ion Transport (GO:0006813),2/122,0.0373773734873947,0.1134154637578886,0,0,6.885416666666667,22.63022834568748,SLC1A3;ATP1A2
GO_Biological_Process_2023,Modulation Of Chemical Synaptic Transmission (GO:0050804),2/123,0.0379356146383277,0.1141297002097774,0,0,6.828168044077135,22.34084340876857,NRG3;ATP1A2
GO_Biological_Process_2023,Regulation Of Cell Motility (GO:2000145),2/123,0.0379356146383277,0.1141297002097774,0,0,6.828168044077135,22.34084340876857,MACF1;ERBB4
GO_Biological_Process_2023,Negative Regulation Of Growth (GO:0045926),2/124,0.038497072428768,0.1142631891327856,0,0,6.771857923497268,22.05711333941876,GJA1;MT2A
GO_Biological_Process_2023,"Synaptic Transmission, Cholinergic (GO:0007271)",1/16,0.0392729207344652,0.1142631891327856,0,0,27.12244897959184,87.80133530116419,APOE
GO_Biological_Process_2023,Negative Regulation Of Release Of Cytochrome C From Mitochondria (GO:0090201),1/16,0.0392729207344652,0.1142631891327856,0,0,27.12244897959184,87.80133530116419,CLU
GO_Biological_Process_2023,Positive Regulation Of Stem Cell Proliferation (GO:2000648),1/16,0.0392729207344652,0.1142631891327856,0,0,27.12244897959184,87.80133530116419,GJA1
GO_Biological_Process_2023,Membrane Depolarization During Cardiac Muscle Cell Action Potential (GO:0086012),1/16,0.0392729207344652,0.1142631891327856,0,0,27.12244897959184,87.80133530116419,ATP1A2
GO_Biological_Process_2023,Regulation Of Stem Cell Proliferation (GO:0072091),1/16,0.0392729207344652,0.1142631891327856,0,0,27.12244897959184,87.80133530116419,GJA1
GO_Biological_Process_2023,Positive Regulation Of Cardiac Muscle Tissue Growth (GO:0055023),1/16,0.0392729207344652,0.1142631891327856,0,0,27.12244897959184,87.80133530116419,ERBB4
GO_Biological_Process_2023,Regulation Of Cardiac Muscle Contraction By Regulation Of The Release Of Sequestered Calcium Ion (GO:0010881),1/16,0.0392729207344652,0.1142631891327856,0,0,27.12244897959184,87.80133530116419,ATP1A2
GO_Biological_Process_2023,Positive Regulation Of Glial Cell Differentiation (GO:0045687),1/17,0.0416766547912334,0.1169261703865161,0,0,25.426020408163264,80.79916728086499,PTPRZ1
GO_Biological_Process_2023,Positive Regulation Of Nitric-Oxide Synthase Activity (GO:0051000),1/17,0.0416766547912334,0.1169261703865161,0,0,25.426020408163264,80.79916728086499,APOE
GO_Biological_Process_2023,Amyloid Precursor Protein Metabolic Process (GO:0042982),1/17,0.0416766547912334,0.1169261703865161,0,0,25.426020408163264,80.79916728086499,APOE
GO_Biological_Process_2023,Negative Regulation Of Vascular Associated Smooth Muscle Cell Proliferation (GO:1904706),1/17,0.0416766547912334,0.1169261703865161,0,0,25.426020408163264,80.79916728086499,PRKG1
GO_Biological_Process_2023,Positive Regulation Of Stem Cell Differentiation (GO:2000738),1/17,0.0416766547912334,0.1169261703865161,0,0,25.426020408163264,80.79916728086499,SOX5
GO_Biological_Process_2023,Cellular Response To Alkaloid (GO:0071312),1/17,0.0416766547912334,0.1169261703865161,0,0,25.426020408163264,80.79916728086499,RYR3
GO_Biological_Process_2023,Positive Regulation Of Amyloid-Beta Formation (GO:1902004),1/17,0.0416766547912334,0.1169261703865161,0,0,25.426020408163264,80.79916728086499,CLU
GO_Biological_Process_2023,Positive Regulation Of Cartilage Development (GO:0061036),1/17,0.0416766547912334,0.1169261703865161,0,0,25.426020408163264,80.79916728086499,SOX5
GO_Biological_Process_2023,Negative Regulation Of Calcium Ion Transport (GO:0051926),1/17,0.0416766547912334,0.1169261703865161,0,0,25.426020408163264,80.79916728086499,ATP1A2
GO_Biological_Process_2023,Positive Regulation Of MAPK Cascade (GO:0043410),3/310,0.0423559096851941,0.11758742610078,0,0,4.084066809896735,12.912378899302078,ERBB4;APOE;TPD52L1
GO_Biological_Process_2023,Synapse Organization (GO:0050808),2/131,0.0425157677463691,0.11758742610078,0,0,6.4021317829457365,20.217165618082923,GPM6A;CTNND2
GO_Biological_Process_2023,Plasma Membrane Bounded Cell Projection Organization (GO:0120036),2/132,0.0431022856735813,0.11758742610078,0,0,6.352564102564102,19.973600244527297,GPM6A;APOE
GO_Biological_Process_2023,Circulatory System Development (GO:0072359),2/132,0.0431022856735813,0.11758742610078,0,0,6.352564102564102,19.973600244527297,GJA1;ERBB4
GO_Biological_Process_2023,Protein Transport (GO:0015031),3/313,0.0433776766781525,0.11758742610078,0,0,4.043925875085793,12.689072394546434,MACF1;APOE;CLU
GO_Biological_Process_2023,Positive Regulation Of Glycolytic Process (GO:0045821),1/18,0.0440744949316926,0.11758742610078,0,0,23.92917166866747,74.70385911458476,ZBTB20
GO_Biological_Process_2023,Positive Regulation Of Nervous System Process (GO:0031646),1/18,0.0440744949316926,0.11758742610078,0,0,23.92917166866747,74.70385911458476,PARD3
GO_Biological_Process_2023,Neuromuscular Synaptic Transmission (GO:0007274),1/18,0.0440744949316926,0.11758742610078,0,0,23.92917166866747,74.70385911458476,DTNA
GO_Biological_Process_2023,Intracellular Sodium Ion Homeostasis (GO:0006883),1/18,0.0440744949316926,0.11758742610078,0,0,23.92917166866747,74.70385911458476,ATP1A2
GO_Biological_Process_2023,Nitric Oxide Mediated Signal Transduction (GO:0007263),1/18,0.0440744949316926,0.11758742610078,0,0,23.92917166866747,74.70385911458476,APOE
GO_Biological_Process_2023,Regulation Of Oligodendrocyte Differentiation (GO:0048713),1/18,0.0440744949316926,0.11758742610078,0,0,23.92917166866747,74.70385911458476,PTPRZ1
GO_Biological_Process_2023,Membrane Repolarization (GO:0086009),1/18,0.0440744949316926,0.11758742610078,0,0,23.92917166866747,74.70385911458476,ATP1A2
GO_Biological_Process_2023,Dendritic Cell Migration (GO:0036336),1/18,0.0440744949316926,0.11758742610078,0,0,23.92917166866747,74.70385911458476,CLU
GO_Biological_Process_2023,Supramolecular Fiber Organization (GO:0097435),3/316,0.0444118411273289,0.1180419987857953,0,0,4.0045544150635575,12.47118019542631,CST3;COL5A3;GFAP
GO_Biological_Process_2023,Potassium Ion Transmembrane Transport (GO:0071805),2/137,0.0460802533373535,0.1181718845098462,0,0,6.1157407407407405,18.820401760879264,SLC1A3;ATP1A2
GO_Biological_Process_2023,Establishment Of Epithelial Cell Polarity (GO:0090162),1/19,0.0464664552952436,0.1181718845098462,0,0,22.598639455782312,69.35578082800635,PARD3
GO_Biological_Process_2023,Fluid Transport (GO:0042044),1/19,0.0464664552952436,0.1181718845098462,0,0,22.598639455782312,69.35578082800635,AQP4
GO_Biological_Process_2023,Water Transport (GO:0006833),1/19,0.0464664552952436,0.1181718845098462,0,0,22.598639455782312,69.35578082800635,AQP4
GO_Biological_Process_2023,Oligodendrocyte Differentiation (GO:0048709),1/19,0.0464664552952436,0.1181718845098462,0,0,22.598639455782312,69.35578082800635,PTPRZ1
GO_Biological_Process_2023,Regulation Of Tissue Remodeling (GO:0034103),1/19,0.0464664552952436,0.1181718845098462,0,0,22.598639455782312,69.35578082800635,CST3
GO_Biological_Process_2023,Release Of Cytochrome C From Mitochondria (GO:0001836),1/19,0.0464664552952436,0.1181718845098462,0,0,22.598639455782312,69.35578082800635,CLU
GO_Biological_Process_2023,Multicellular Organismal-Level Water Homeostasis (GO:0050891),1/19,0.0464664552952436,0.1181718845098462,0,0,22.598639455782312,69.35578082800635,AQP4
GO_Biological_Process_2023,Positive Regulation Of Axon Extension (GO:0045773),1/19,0.0464664552952436,0.1181718845098462,0,0,22.598639455782312,69.35578082800635,MACF1
GO_Biological_Process_2023,Cyclic Nucleotide Biosynthetic Process (GO:0009190),1/19,0.0464664552952436,0.1181718845098462,0,0,22.598639455782312,69.35578082800635,ADCY2
GO_Biological_Process_2023,Regulation Of Behavior (GO:0050795),1/19,0.0464664552952436,0.1181718845098462,0,0,22.598639455782312,69.35578082800635,APOE
GO_Biological_Process_2023,Negative Regulation Of Calcium Ion Transmembrane Transport (GO:1903170),1/19,0.0464664552952436,0.1181718845098462,0,0,22.598639455782312,69.35578082800635,ATP1A2
GO_Biological_Process_2023,Epithelial Cilium Movement Involved In Extracellular Fluid Movement (GO:0003351),1/20,0.0488525499820277,0.1190991477148056,0,0,21.40816326530612,64.63014669364038,AQP4
GO_Biological_Process_2023,T Cell Mediated Immunity (GO:0002456),1/20,0.0488525499820277,0.1190991477148056,0,0,21.40816326530612,64.63014669364038,CADM1
GO_Biological_Process_2023,Xenobiotic Transport (GO:0042908),1/20,0.0488525499820277,0.1190991477148056,0,0,21.40816326530612,64.63014669364038,GJA1
GO_Biological_Process_2023,Negative Regulation Of Reproductive Process (GO:2000242),1/20,0.0488525499820277,0.1190991477148056,0,0,21.40816326530612,64.63014669364038,GJA1
GO_Biological_Process_2023,Positive Regulation Of Vascular Associated Smooth Muscle Cell Proliferation (GO:1904707),1/20,0.0488525499820277,0.1190991477148056,0,0,21.40816326530612,64.63014669364038,GJA1
GO_Biological_Process_2023,Calcium-Mediated Signaling Using Intracellular Calcium Source (GO:0035584),1/20,0.0488525499820277,0.1190991477148056,0,0,21.40816326530612,64.63014669364038,CLU
GO_Biological_Process_2023,Cellular Response To Copper Ion (GO:0071280),1/20,0.0488525499820277,0.1190991477148056,0,0,21.40816326530612,64.63014669364038,MT2A
GO_Biological_Process_2023,Microglial Cell Activation (GO:0001774),1/20,0.0488525499820277,0.1190991477148056,0,0,21.40816326530612,64.63014669364038,CLU
GO_Biological_Process_2023,Response To ATP (GO:0033198),1/20,0.0488525499820277,0.1190991477148056,0,0,21.40816326530612,64.63014669364038,RYR3
GO_Biological_Process_2023,Regulation Of Calcium Ion Transmembrane Transport (GO:1903169),1/20,0.0488525499820277,0.1190991477148056,0,0,21.40816326530612,64.63014669364038,ATP1A2
GO_Biological_Process_2023,Regulation Of Cardiac Muscle Cell Proliferation (GO:0060043),1/20,0.0488525499820277,0.1190991477148056,0,0,21.40816326530612,64.63014669364038,ERBB4
GO_Biological_Process_2023,Regulation Of Cardiac Muscle Contraction By Calcium Ion Signaling (GO:0010882),1/20,0.0488525499820277,0.1190991477148056,0,0,21.40816326530612,64.63014669364038,ATP1A2
GO_Biological_Process_2023,Positive Regulation Of Transferase Activity (GO:0051347),2/143,0.0497512691479657,0.1208733583766729,0,0,5.85372340425532,17.565380826397597,ERBB4;APOE
GO_Biological_Process_2023,Positive Regulation Of Nucleic Acid-Templated Transcription (GO:1903508),4/557,0.0501151092637066,0.1211424237408743,0,0,3.050082553659879,9.130216958284665,ERBB4;RORA;APOE;NPAS3
GO_Biological_Process_2023,Positive Regulation Of Heart Contraction (GO:0045823),1/21,0.0512327930672156,0.1211424237408743,0,0,20.336734693877556,60.42807445408675,ATP1A2
GO_Biological_Process_2023,Focal Adhesion Assembly (GO:0048041),1/21,0.0512327930672156,0.1211424237408743,0,0,20.336734693877556,60.42807445408675,SORBS1
GO_Biological_Process_2023,Positive Regulation Of Natural Killer Cell Mediated Cytotoxicity (GO:0045954),1/21,0.0512327930672156,0.1211424237408743,0,0,20.336734693877556,60.42807445408675,CADM1
GO_Biological_Process_2023,Regulation Of Membrane Protein Ectodomain Proteolysis (GO:0051043),1/21,0.0512327930672156,0.1211424237408743,0,0,20.336734693877556,60.42807445408675,APOE
GO_Biological_Process_2023,Chaperone-Mediated Protein Complex Assembly (GO:0051131),1/21,0.0512327930672156,0.1211424237408743,0,0,20.336734693877556,60.42807445408675,CLU
GO_Biological_Process_2023,Positive Regulation Of Amyloid Precursor Protein Catabolic Process (GO:1902993),1/21,0.0512327930672156,0.1211424237408743,0,0,20.336734693877556,60.42807445408675,CLU
GO_Biological_Process_2023,Regulation Of Cell-Substrate Junction Assembly (GO:0090109),1/21,0.0512327930672156,0.1211424237408743,0,0,20.336734693877556,60.42807445408675,MACF1
GO_Biological_Process_2023,Positive Regulation Of Cellular Catabolic Process (GO:0031331),2/146,0.0516255263806262,0.1216641571703424,0,0,5.730902777777778,16.984900248335105,ZBTB20;APOE
GO_Biological_Process_2023,Homologous Chromosome Segregation (GO:0045143),1/22,0.0536071985992547,0.1238571549335723,0,0,19.367346938775512,56.67024999786951,FMN2
GO_Biological_Process_2023,Regulation Of Neural Precursor Cell Proliferation (GO:2000177),1/22,0.0536071985992547,0.1238571549335723,0,0,19.367346938775512,56.67024999786951,PTPRZ1
GO_Biological_Process_2023,Mammary Gland Development (GO:0030879),1/22,0.0536071985992547,0.1238571549335723,0,0,19.367346938775512,56.67024999786951,ERBB4
GO_Biological_Process_2023,Regulation Of Release Of Sequestered Calcium Ion Into Cytosol By Sarcoplasmic Reticulum (GO:0010880),1/22,0.0536071985992547,0.1238571549335723,0,0,19.367346938775512,56.67024999786951,ATP1A2
GO_Biological_Process_2023,Dendritic Cell Differentiation (GO:0097028),1/22,0.0536071985992547,0.1238571549335723,0,0,19.367346938775512,56.67024999786951,CLU
GO_Biological_Process_2023,Positive Regulation Of Cholesterol Efflux (GO:0010875),1/22,0.0536071985992547,0.1238571549335723,0,0,19.367346938775512,56.67024999786951,APOE
GO_Biological_Process_2023,Neuron Development (GO:0048666),2/150,0.0541636617411515,0.1247352079836942,0,0,5.574887387387387,16.25495026487543,GPM6A;APOE
GO_Biological_Process_2023,Regulation Of Cholesterol Metabolic Process (GO:0090181),1/23,0.0559757805878795,0.1264373063119195,0,0,18.4860853432282,53.29235549319145,APOE
GO_Biological_Process_2023,Positive Regulation Of Morphogenesis Of An Epithelium (GO:1905332),1/23,0.0559757805878795,0.1264373063119195,0,0,18.4860853432282,53.29235549319145,GJA1
GO_Biological_Process_2023,Potassium Ion Homeostasis (GO:0055075),1/23,0.0559757805878795,0.1264373063119195,0,0,18.4860853432282,53.29235549319145,ATP1A2
GO_Biological_Process_2023,Long-Chain Fatty Acid Transport (GO:0015909),1/23,0.0559757805878795,0.1264373063119195,0,0,18.4860853432282,53.29235549319145,APOE
GO_Biological_Process_2023,Cell-Cell Signaling By Wnt (GO:0198738),1/23,0.0559757805878795,0.1264373063119195,0,0,18.4860853432282,53.29235549319145,CPE
GO_Biological_Process_2023,Cholesterol Efflux (GO:0033344),1/23,0.0559757805878795,0.1264373063119195,0,0,18.4860853432282,53.29235549319145,APOE
GO_Biological_Process_2023,Protein Localization (GO:0008104),3/351,0.0573776228581519,0.1279527639779165,0,0,3.595377842993397,10.275952639346544,GJA1;PARD3;CPE
GO_Biological_Process_2023,Regulation Of Cysteine-Type Endopeptidase Activity (GO:2000116),1/24,0.0583385530130099,0.1279527639779165,0,0,17.68145519077196,50.24171555062859,CST3
GO_Biological_Process_2023,Positive Regulation Of Natural Killer Cell Mediated Immunity (GO:0002717),1/24,0.0583385530130099,0.1279527639779165,0,0,17.68145519077196,50.24171555062859,CADM1
GO_Biological_Process_2023,Positive Regulation Of Vascular Endothelial Growth Factor Production (GO:0010575),1/24,0.0583385530130099,0.1279527639779165,0,0,17.68145519077196,50.24171555062859,RORA
GO_Biological_Process_2023,Regulation Of Supramolecular Fiber Organization (GO:1902903),1/24,0.0583385530130099,0.1279527639779165,0,0,17.68145519077196,50.24171555062859,APOE
GO_Biological_Process_2023,Mononuclear Cell Differentiation (GO:1903131),1/24,0.0583385530130099,0.1279527639779165,0,0,17.68145519077196,50.24171555062859,CLU
GO_Biological_Process_2023,Response To Copper Ion (GO:0046688),1/24,0.0583385530130099,0.1279527639779165,0,0,17.68145519077196,50.24171555062859,MT2A
GO_Biological_Process_2023,Response To Purine-Containing Compound (GO:0014074),1/24,0.0583385530130099,0.1279527639779165,0,0,17.68145519077196,50.24171555062859,CLU
GO_Biological_Process_2023,Positive Regulation Of Glucose Import (GO:0046326),1/25,0.0606955298241754,0.1279527639779165,0,0,16.943877551020407,47.47480020477031,SORBS1
GO_Biological_Process_2023,Negative Regulation Of Intrinsic Apoptotic Signaling Pathway In Response To DNA Damage (GO:1902230),1/25,0.0606955298241754,0.1279527639779165,0,0,16.943877551020407,47.47480020477031,CLU
GO_Biological_Process_2023,Regulation Of Glycogen Biosynthetic Process (GO:0005979),1/25,0.0606955298241754,0.1279527639779165,0,0,16.943877551020407,47.47480020477031,SORBS1
GO_Biological_Process_2023,Negative Regulation Of Protein Transport (GO:0051224),1/25,0.0606955298241754,0.1279527639779165,0,0,16.943877551020407,47.47480020477031,APOE
GO_Biological_Process_2023,Negative Regulation Of Response To Endoplasmic Reticulum Stress (GO:1903573),1/25,0.0606955298241754,0.1279527639779165,0,0,16.943877551020407,47.47480020477031,CLU
GO_Biological_Process_2023,Regulation Of Platelet Aggregation (GO:0090330),1/25,0.0606955298241754,0.1279527639779165,0,0,16.943877551020407,47.47480020477031,PRKG1
GO_Biological_Process_2023,Cardiac Conduction System Development (GO:0003161),1/25,0.0606955298241754,0.1279527639779165,0,0,16.943877551020407,47.47480020477031,GJA1
GO_Biological_Process_2023,Organophosphate Ester Transport (GO:0015748),1/25,0.0606955298241754,0.1279527639779165,0,0,16.943877551020407,47.47480020477031,PITPNC1
GO_Biological_Process_2023,Regulation Of Synapse Organization (GO:0050807),1/25,0.0606955298241754,0.1279527639779165,0,0,16.943877551020407,47.47480020477031,CTNNA2
GO_Biological_Process_2023,Cellular Response To Hexose Stimulus (GO:0071331),1/25,0.0606955298241754,0.1279527639779165,0,0,16.943877551020407,47.47480020477031,ZBTB20
GO_Biological_Process_2023,Cellular Response To Steroid Hormone Stimulus (GO:0071383),1/25,0.0606955298241754,0.1279527639779165,0,0,16.943877551020407,47.47480020477031,ATP1A2
GO_Biological_Process_2023,Regulation Of Actin Cytoskeleton Reorganization (GO:2000249),1/25,0.0606955298241754,0.1279527639779165,0,0,16.943877551020407,47.47480020477031,CLU
GO_Biological_Process_2023,Response To Zinc Ion (GO:0010043),1/25,0.0606955298241754,0.1279527639779165,0,0,16.943877551020407,47.47480020477031,MT2A
GO_Biological_Process_2023,Sodium Ion Homeostasis (GO:0055078),1/25,0.0606955298241754,0.1279527639779165,0,0,16.943877551020407,47.47480020477031,ATP1A2
GO_Biological_Process_2023,Regulation Of Gene Expression (GO:0010468),6/1127,0.0608092343657425,0.1279527639779165,0,0,2.290446841294299,6.413282352717693,GJA1;NFIA;ZBTB20;RORA;APOE;CLU
GO_Biological_Process_2023,Protein Autophosphorylation (GO:0046777),2/162,0.0620359971863136,0.1295756818096185,0,0,5.153645833333333,14.327343946785978,ERBB4;TNIK
GO_Biological_Process_2023,Establishment Or Maintenance Of Apical/Basal Cell Polarity (GO:0035088),1/26,0.0630467249540435,0.1295756818096185,0,0,16.26530612244898,44.95534064809558,PARD3
GO_Biological_Process_2023,L-amino Acid Transport (GO:0015807),1/26,0.0630467249540435,0.1295756818096185,0,0,16.26530612244898,44.95534064809558,SLC1A3
GO_Biological_Process_2023,Positive Regulation Of Monooxygenase Activity (GO:0032770),1/26,0.0630467249540435,0.1295756818096185,0,0,16.26530612244898,44.95534064809558,APOE
GO_Biological_Process_2023,cAMP-mediated Signaling (GO:0019933),1/26,0.0630467249540435,0.1295756818096185,0,0,16.26530612244898,44.95534064809558,ADCY2
GO_Biological_Process_2023,Protein Targeting To Lysosome (GO:0006622),1/26,0.0630467249540435,0.1295756818096185,0,0,16.26530612244898,44.95534064809558,CLU
GO_Biological_Process_2023,Regulation Of Vascular Endothelial Growth Factor Production (GO:0010574),1/26,0.0630467249540435,0.1295756818096185,0,0,16.26530612244898,44.95534064809558,RORA
GO_Biological_Process_2023,Dendritic Spine Organization (GO:0097061),1/26,0.0630467249540435,0.1295756818096185,0,0,16.26530612244898,44.95534064809558,CTNND2
GO_Biological_Process_2023,Positive Regulation Of Nitric Oxide Biosynthetic Process (GO:0045429),1/27,0.0653921522588676,0.1325379264201896,0,0,15.638932496075354,42.652889831563165,CLU
GO_Biological_Process_2023,Regulation Of Peptidase Activity (GO:0052547),1/27,0.0653921522588676,0.1325379264201896,0,0,15.638932496075354,42.652889831563165,CST3
GO_Biological_Process_2023,Cell Surface Receptor Signaling Pathway Involved In Cell-Cell Signaling (GO:1905114),1/27,0.0653921522588676,0.1325379264201896,0,0,15.638932496075354,42.652889831563165,CPE
GO_Biological_Process_2023,Positive Regulation Of Filopodium Assembly (GO:0051491),1/27,0.0653921522588676,0.1325379264201896,0,0,15.638932496075354,42.652889831563165,GPM6A
GO_Biological_Process_2023,Regulation Of Cytokine Production (GO:0001817),2/167,0.0654253696190186,0.1325379264201896,0,0,4.996212121212121,13.62389694635344,CADM1;ZBTB20
GO_Biological_Process_2023,Golgi To Plasma Membrane Protein Transport (GO:0043001),1/28,0.0677318256109869,0.1339164547961052,0,0,15.058956916099774,40.54171043527237,MACF1
GO_Biological_Process_2023,Regulation Of Glucose Metabolic Process (GO:0010906),1/28,0.0677318256109869,0.1339164547961052,0,0,15.058956916099774,40.54171043527237,RORA
GO_Biological_Process_2023,Positive Regulation Of Nitric Oxide Metabolic Process (GO:1904407),1/28,0.0677318256109869,0.1339164547961052,0,0,15.058956916099774,40.54171043527237,CLU
GO_Biological_Process_2023,Negative Regulation Of Wound Healing (GO:0061045),1/28,0.0677318256109869,0.1339164547961052,0,0,15.058956916099774,40.54171043527237,APOE
GO_Biological_Process_2023,Regulation Of Nitric-Oxide Synthase Activity (GO:0050999),1/28,0.0677318256109869,0.1339164547961052,0,0,15.058956916099774,40.54171043527237,APOE
GO_Biological_Process_2023,Regulation Of Plasma Membrane Bounded Cell Projection Organization (GO:0120035),1/28,0.0677318256109869,0.1339164547961052,0,0,15.058956916099774,40.54171043527237,CTNNA2
GO_Biological_Process_2023,Regulation Of Protein Localization To Membrane (GO:1905475),1/28,0.0677318256109869,0.1339164547961052,0,0,15.058956916099774,40.54171043527237,GPC5
GO_Biological_Process_2023,Cell-Substrate Junction Assembly (GO:0007044),1/28,0.0677318256109869,0.1339164547961052,0,0,15.058956916099774,40.54171043527237,SORBS1
GO_Biological_Process_2023,Heart Development (GO:0007507),2/171,0.0681810821272572,0.1339164547961052,0,0,4.876972386587771,13.097539204308813,GJA1;ERBB4
GO_Biological_Process_2023,Establishment Of Mitotic Spindle Orientation (GO:0000132),1/29,0.0700657588372089,0.1339164547961052,0,0,14.520408163265309,38.5999069065122,GJA1
GO_Biological_Process_2023,Regulation Of Developmental Growth (GO:0048638),1/29,0.0700657588372089,0.1339164547961052,0,0,14.520408163265309,38.5999069065122,APOE
GO_Biological_Process_2023,Regulation Of Muscle Contraction (GO:0006937),1/29,0.0700657588372089,0.1339164547961052,0,0,14.520408163265309,38.5999069065122,ATP1A2
GO_Biological_Process_2023,Regulation Of Neuron Migration (GO:2001222),1/29,0.0700657588372089,0.1339164547961052,0,0,14.520408163265309,38.5999069065122,CTNNA2
GO_Biological_Process_2023,Cardiac Muscle Cell Action Potential (GO:0086001),1/29,0.0700657588372089,0.1339164547961052,0,0,14.520408163265309,38.5999069065122,ATP1A2
GO_Biological_Process_2023,Maintenance Of Blood-Brain Barrier (GO:0035633),1/29,0.0700657588372089,0.1339164547961052,0,0,14.520408163265309,38.5999069065122,GJA1
GO_Biological_Process_2023,Peptidyl-Tyrosine Dephosphorylation (GO:0035335),1/29,0.0700657588372089,0.1339164547961052,0,0,14.520408163265309,38.5999069065122,PTPRZ1
GO_Biological_Process_2023,Regulation Of Striated Muscle Contraction (GO:0006942),1/29,0.0700657588372089,0.1339164547961052,0,0,14.520408163265309,38.5999069065122,ATP1A2
GO_Biological_Process_2023,Chondrocyte Differentiation (GO:0002062),1/29,0.0700657588372089,0.1339164547961052,0,0,14.520408163265309,38.5999069065122,SOX5
GO_Biological_Process_2023,Response To Steroid Hormone (GO:0048545),1/29,0.0700657588372089,0.1339164547961052,0,0,14.520408163265309,38.5999069065122,ATP1A2
GO_Biological_Process_2023,Regulation Of Blood Coagulation (GO:0030193),1/29,0.0700657588372089,0.1339164547961052,0,0,14.520408163265309,38.5999069065122,APOE
GO_Biological_Process_2023,Regulation Of Neuron Projection Development (GO:0010975),2/174,0.0702729911306294,0.1339164547961052,0,0,4.791182170542636,12.722350612514177,CTNNA2;APOE
GO_Biological_Process_2023,Positive Regulation Of Cellular Biosynthetic Process (GO:0031328),2/174,0.0702729911306294,0.1339164547961052,0,0,4.791182170542636,12.722350612514177,SORBS1;CLU
GO_Biological_Process_2023,Cardiac Muscle Cell Action Potential Involved In Contraction (GO:0086002),1/30,0.0723939657090184,0.1364867566834026,0,0,14.019000703729768,36.80874147674154,GJA1
GO_Biological_Process_2023,Regulation Of Arp2/3 Complex-Mediated Actin Nucleation (GO:0034315),1/30,0.0723939657090184,0.1364867566834026,0,0,14.019000703729768,36.80874147674154,CTNNA2
GO_Biological_Process_2023,Negative Regulation Of Blood Coagulation (GO:0030195),1/30,0.0723939657090184,0.1364867566834026,0,0,14.019000703729768,36.80874147674154,APOE
GO_Biological_Process_2023,Negative Regulation Of Calcium Ion Transmembrane Transporter Activity (GO:1901020),1/30,0.0723939657090184,0.1364867566834026,0,0,14.019000703729768,36.80874147674154,ATP1A2
GO_Biological_Process_2023,Positive Regulation Of ERK1 And ERK2 Cascade (GO:0070374),2/179,0.0738061123878065,0.1382841288530307,0,0,4.654661016949152,12.131506903576025,ERBB4;APOE
GO_Biological_Process_2023,Positive Regulation Of Glucose Transmembrane Transport (GO:0010828),1/31,0.0747164600026276,0.1382841288530307,0,0,13.551020408163266,35.15209038871121,SORBS1
GO_Biological_Process_2023,Regulation Of Dendrite Morphogenesis (GO:0048814),1/31,0.0747164600026276,0.1382841288530307,0,0,13.551020408163266,35.15209038871121,TNIK
GO_Biological_Process_2023,Regulation Of Long-Term Synaptic Potentiation (GO:1900271),1/31,0.0747164600026276,0.1382841288530307,0,0,13.551020408163266,35.15209038871121,APOE
GO_Biological_Process_2023,Positive Regulation Of Proteolysis Involved In Protein Catabolic Process (GO:1903052),1/31,0.0747164600026276,0.1382841288530307,0,0,13.551020408163266,35.15209038871121,CLU
GO_Biological_Process_2023,Positive Regulation Of Cholesterol Transport (GO:0032376),1/31,0.0747164600026276,0.1382841288530307,0,0,13.551020408163266,35.15209038871121,APOE
GO_Biological_Process_2023,Regulation Of Cell Morphogenesis (GO:0022604),1/31,0.0747164600026276,0.1382841288530307,0,0,13.551020408163266,35.15209038871121,MACF1
GO_Biological_Process_2023,Regulation Of Cholesterol Efflux (GO:0010874),1/32,0.0770332554327668,0.1403672979148612,0,0,13.113232389730086,33.61600807740255,APOE
GO_Biological_Process_2023,Negative Regulation Of Fat Cell Differentiation (GO:0045599),1/32,0.0770332554327668,0.1403672979148612,0,0,13.113232389730086,33.61600807740255,RORA
GO_Biological_Process_2023,Female Gamete Generation (GO:0007292),1/32,0.0770332554327668,0.1403672979148612,0,0,13.113232389730086,33.61600807740255,FMN2
GO_Biological_Process_2023,Regulation Of Natural Killer Cell Mediated Cytotoxicity (GO:0042269),1/32,0.0770332554327668,0.1403672979148612,0,0,13.113232389730086,33.61600807740255,CADM1
GO_Biological_Process_2023,Mesenchymal Cell Migration (GO:0090497),1/32,0.0770332554327668,0.1403672979148612,0,0,13.113232389730086,33.61600807740255,ERBB4
GO_Biological_Process_2023,Purine Ribonucleoside Triphosphate Metabolic Process (GO:0009205),1/32,0.0770332554327668,0.1403672979148612,0,0,13.113232389730086,33.61600807740255,ATP1A2
GO_Biological_Process_2023,Negative Regulation Of Epithelial Cell Migration (GO:0010633),1/33,0.0793443657059371,0.1438191524219441,0,0,12.70280612244898,32.18837516559274,APOE
GO_Biological_Process_2023,Negative Regulation Of Blood Vessel Endothelial Cell Migration (GO:0043537),1/33,0.0793443657059371,0.1438191524219441,0,0,12.70280612244898,32.18837516559274,APOE
GO_Biological_Process_2023,Axonogenesis (GO:0007409),2/188,0.0803070740494964,0.1438191524219441,0,0,4.42741935483871,11.165498097498467,PARD3;CTNNA2
GO_Biological_Process_2023,ATP Metabolic Process (GO:0046034),1/34,0.0816498044624026,0.1438191524219441,0,0,12.317254174397032,30.85861216573232,ATP1A2
GO_Biological_Process_2023,Establishment Of Mitotic Spindle Localization (GO:0040001),1/34,0.0816498044624026,0.1438191524219441,0,0,12.317254174397032,30.85861216573232,GJA1
GO_Biological_Process_2023,Glial Cell Differentiation (GO:0010001),1/34,0.0816498044624026,0.1438191524219441,0,0,12.317254174397032,30.85861216573232,PTPRZ1
GO_Biological_Process_2023,Positive Regulation Of Neuron Death (GO:1901216),1/34,0.0816498044624026,0.1438191524219441,0,0,12.317254174397032,30.85861216573232,CLU
GO_Biological_Process_2023,Regulation Of Metal Ion Transport (GO:0010959),1/34,0.0816498044624026,0.1438191524219441,0,0,12.317254174397032,30.85861216573232,NKAIN3
GO_Biological_Process_2023,Regulation Of Neuronal Synaptic Plasticity (GO:0048168),1/34,0.0816498044624026,0.1438191524219441,0,0,12.317254174397032,30.85861216573232,APOE
GO_Biological_Process_2023,Cellular Response To Amyloid-Beta (GO:1904646),1/34,0.0816498044624026,0.1438191524219441,0,0,12.317254174397032,30.85861216573232,GJA1
GO_Biological_Process_2023,Cellular Response To Glucose Stimulus (GO:0071333),1/34,0.0816498044624026,0.1438191524219441,0,0,12.317254174397032,30.85861216573232,ZBTB20
GO_Biological_Process_2023,Cellular Response To Hydrogen Peroxide (GO:0070301),1/34,0.0816498044624026,0.1438191524219441,0,0,12.317254174397032,30.85861216573232,CLU
GO_Biological_Process_2023,Positive Regulation Of Carbohydrate Metabolic Process (GO:0045913),1/34,0.0816498044624026,0.1438191524219441,0,0,12.317254174397032,30.85861216573232,ZBTB20
GO_Biological_Process_2023,Intracellular Monoatomic Cation Homeostasis (GO:0030003),2/190,0.0817755293827744,0.1438191524219441,0,0,4.379875886524823,10.966233523351685,MT2A;ATP1A2
GO_Biological_Process_2023,Transcription By RNA Polymerase II (GO:0006366),2/192,0.0832523822519886,0.1455482901624632,0,0,4.333333333333333,10.772140317863167,GLIS3;SOX5
GO_Biological_Process_2023,Protein Localization To Membrane (GO:0072657),2/192,0.0832523822519886,0.1455482901624632,0,0,4.333333333333333,10.772140317863167,CPE;TNIK
GO_Biological_Process_2023,Establishment Of Spindle Orientation (GO:0051294),1/35,0.0839495853612937,0.1455482901624632,0,0,11.95438175270108,29.61744503578088,GJA1
GO_Biological_Process_2023,Macrophage Activation (GO:0042116),1/35,0.0839495853612937,0.1455482901624632,0,0,11.95438175270108,29.61744503578088,CLU
GO_Biological_Process_2023,Regulation Of Sodium Ion Transport (GO:0002028),1/35,0.0839495853612937,0.1455482901624632,0,0,11.95438175270108,29.61744503578088,NKAIN3
GO_Biological_Process_2023,Regulation Of Signal Transduction (GO:0009966),2/193,0.0839939213384511,0.1455482901624632,0,0,4.31042757417103,10.676975859773291,RORA;CLU
GO_Biological_Process_2023,Positive Regulation Of Protein Metabolic Process (GO:0051247),2/196,0.0862308158063644,0.1472809454971871,0,0,4.243127147766323,10.398749122125208,APOE;CLU
GO_Biological_Process_2023,Regulation Of Glucose Import (GO:0046324),1/36,0.0862437219743075,0.1472809454971871,0,0,11.612244897959185,28.456712045041098,SORBS1
GO_Biological_Process_2023,Negative Regulation Of Sequestering Of Calcium Ion (GO:0051283),1/36,0.0862437219743075,0.1472809454971871,0,0,11.612244897959185,28.456712045041098,CLU
GO_Biological_Process_2023,Neural Crest Cell Migration (GO:0001755),1/36,0.0862437219743075,0.1472809454971871,0,0,11.612244897959185,28.456712045041098,ERBB4
GO_Biological_Process_2023,Regulation Of Peptidyl-Threonine Phosphorylation (GO:0010799),1/36,0.0862437219743075,0.1472809454971871,0,0,11.612244897959185,28.456712045041098,PARD3
GO_Biological_Process_2023,Regulation Of Trans-Synaptic Signaling (GO:0099177),1/36,0.0862437219743075,0.1472809454971871,0,0,11.612244897959185,28.456712045041098,NRG3
GO_Biological_Process_2023,Positive Regulation Of DNA-templated Transcription (GO:0045893),6/1243,0.0882672060282212,0.1479723052444899,0,0,2.0628720511501437,5.007388042580923,NFIA;ERBB4;GLIS3;RORA;APOE;NPAS3
GO_Biological_Process_2023,DNA-templated Transcription (GO:0006351),2/199,0.0884858252339979,0.1479723052444899,0,0,4.177876480541455,10.130986600028606,GLIS3;SOX5
GO_Biological_Process_2023,Negative Regulation Of Endothelial Cell Migration (GO:0010596),1/37,0.0885322278902676,0.1479723052444899,0,0,11.289115646258503,27.36920368672352,APOE
GO_Biological_Process_2023,Negative Regulation Of Endothelial Cell Proliferation (GO:0001937),1/37,0.0885322278902676,0.1479723052444899,0,0,11.289115646258503,27.36920368672352,APOE
GO_Biological_Process_2023,Positive Regulation Of Receptor Signaling Pathway Via JAK-STAT (GO:0046427),1/37,0.0885322278902676,0.1479723052444899,0,0,11.289115646258503,27.36920368672352,ERBB4
GO_Biological_Process_2023,Positive Regulation Of Receptor Signaling Pathway Via STAT (GO:1904894),1/37,0.0885322278902676,0.1479723052444899,0,0,11.289115646258503,27.36920368672352,ERBB4
GO_Biological_Process_2023,Calcium Ion Import Across Plasma Membrane (GO:0098703),1/37,0.0885322278902676,0.1479723052444899,0,0,11.289115646258503,27.36920368672352,CLU
GO_Biological_Process_2023,Melanosome Organization (GO:0032438),1/37,0.0885322278902676,0.1479723052444899,0,0,11.289115646258503,27.36920368672352,APOE
GO_Biological_Process_2023,Muscle Cell Differentiation (GO:0042692),1/37,0.0885322278902676,0.1479723052444899,0,0,11.289115646258503,27.36920368672352,RORA
GO_Biological_Process_2023,Establishment Of Protein Localization To Plasma Membrane (GO:0061951),1/38,0.0908151166313484,0.1489705045437665,0,0,10.983452840595698,26.34852930034076,MACF1
GO_Biological_Process_2023,Fatty Acid Transport (GO:0015908),1/38,0.0908151166313484,0.1489705045437665,0,0,10.983452840595698,26.34852930034076,APOE
GO_Biological_Process_2023,G2/M Transition Of Mitotic Cell Cycle (GO:0000086),1/38,0.0908151166313484,0.1489705045437665,0,0,10.983452840595698,26.34852930034076,TPD52L1
GO_Biological_Process_2023,Import Into Cell (GO:0098657),1/38,0.0908151166313484,0.1489705045437665,0,0,10.983452840595698,26.34852930034076,SLC1A3
GO_Biological_Process_2023,Connective Tissue Development (GO:0061448),1/38,0.0908151166313484,0.1489705045437665,0,0,10.983452840595698,26.34852930034076,SOX5
GO_Biological_Process_2023,Positive Regulation Of Axonogenesis (GO:0050772),1/38,0.0908151166313484,0.1489705045437665,0,0,10.983452840595698,26.34852930034076,MACF1
GO_Biological_Process_2023,Positive Regulation Of Bone Mineralization (GO:0030501),1/38,0.0908151166313484,0.1489705045437665,0,0,10.983452840595698,26.34852930034076,ADGRV1
GO_Biological_Process_2023,Response To Transforming Growth Factor Beta (GO:0071559),1/38,0.0908151166313484,0.1489705045437665,0,0,10.983452840595698,26.34852930034076,SOX5
GO_Biological_Process_2023,Negative Regulation Of Mitochondrion Organization (GO:0010823),1/39,0.0930924017046572,0.1509548807458547,0,0,10.693877551020408,25.38900533231373,CLU
GO_Biological_Process_2023,Negative Regulation Of Protein Secretion (GO:0050709),1/39,0.0930924017046572,0.1509548807458547,0,0,10.693877551020408,25.38900533231373,APOE
GO_Biological_Process_2023,Regulation Of Nitric Oxide Biosynthetic Process (GO:0045428),1/39,0.0930924017046572,0.1509548807458547,0,0,10.693877551020408,25.38900533231373,CLU
GO_Biological_Process_2023,Regulation Of Receptor-Mediated Endocytosis (GO:0048259),1/39,0.0930924017046572,0.1509548807458547,0,0,10.693877551020408,25.38900533231373,CLU
GO_Biological_Process_2023,Release Of Sequestered Calcium Ion Into Cytosol (GO:0051209),1/39,0.0930924017046572,0.1509548807458547,0,0,10.693877551020408,25.38900533231373,CLU
GO_Biological_Process_2023,Regulation Of Cell Migration (GO:0030334),3/434,0.0943327759416907,0.1525394033459224,0,0,2.8907044478451893,6.824740962285768,MACF1;ERBB4;CTNNA2
GO_Biological_Process_2023,Negative Regulation Of Cell Differentiation (GO:0045596),2/207,0.0945848472510804,0.1525394033459224,0,0,4.013211382113822,9.464187818681536,ADGRV1;RORA
GO_Biological_Process_2023,Establishment Or Maintenance Of Epithelial Cell Apical/Basal Polarity (GO:0045197),1/40,0.0953640965755271,0.1525394033459224,0,0,10.419152276295131,24.485561288951835,PARD3
GO_Biological_Process_2023,Regulation Of Glycolytic Process (GO:0006110),1/40,0.0953640965755271,0.1525394033459224,0,0,10.419152276295131,24.485561288951835,ZBTB20
GO_Biological_Process_2023,Negative Regulation Of Secretion By Cell (GO:1903531),1/40,0.0953640965755271,0.1525394033459224,0,0,10.419152276295131,24.485561288951835,APOE
GO_Biological_Process_2023,Cell Cycle G2/M Phase Transition (GO:0044839),1/40,0.0953640965755271,0.1525394033459224,0,0,10.419152276295131,24.485561288951835,TPD52L1
GO_Biological_Process_2023,Stem Cell Differentiation (GO:0048863),1/41,0.0976302146847681,0.1533879150714024,0,0,10.158163265306122,23.633660200289185,GPM6A
GO_Biological_Process_2023,Regulation Of Dendrite Development (GO:0050773),1/41,0.0976302146847681,0.1533879150714024,0,0,10.158163265306122,23.633660200289185,TNIK
GO_Biological_Process_2023,Heart Contraction (GO:0060047),1/41,0.0976302146847681,0.1533879150714024,0,0,10.158163265306122,23.633660200289185,ATP1A2
GO_Biological_Process_2023,Positive Regulation Of Ossification (GO:0045778),1/41,0.0976302146847681,0.1533879150714024,0,0,10.158163265306122,23.633660200289185,ADGRV1
GO_Biological_Process_2023,Negative Regulation Of Proteolysis (GO:0045861),1/41,0.0976302146847681,0.1533879150714024,0,0,10.158163265306122,23.633660200289185,CST3
GO_Biological_Process_2023,Acylglycerol Metabolic Process (GO:0006639),1/41,0.0976302146847681,0.1533879150714024,0,0,10.158163265306122,23.633660200289185,APOE
GO_Biological_Process_2023,Regulation Of Microtubule-Based Process (GO:0032886),1/41,0.0976302146847681,0.1533879150714024,0,0,10.158163265306122,23.633660200289185,MACF1
GO_Biological_Process_2023,Regulation Of Release Of Cytochrome C From Mitochondria (GO:0090199),1/41,0.0976302146847681,0.1533879150714024,0,0,10.158163265306122,23.633660200289185,CLU
GO_Biological_Process_2023,Potassium Ion Import Across Plasma Membrane (GO:1990573),1/42,0.0998907694703361,0.1552148879462146,0,0,9.909905425584869,22.829231064333683,ATP1A2
GO_Biological_Process_2023,Cardiac Ventricle Morphogenesis (GO:0003208),1/42,0.0998907694703361,0.1552148879462146,0,0,9.909905425584869,22.829231064333683,CPE
GO_Biological_Process_2023,Regulation Of Ubiquitin-Dependent Protein Catabolic Process (GO:2000058),1/42,0.0998907694703361,0.1552148879462146,0,0,9.909905425584869,22.829231064333683,CLU
GO_Biological_Process_2023,Collagen Fibril Organization (GO:0030199),1/42,0.0998907694703361,0.1552148879462146,0,0,9.909905425584869,22.829231064333683,COL5A3
GO_Biological_Process_2023,Negative Regulation Of I-kappaB kinase/NF-kappaB Signaling (GO:0043124),1/42,0.0998907694703361,0.1552148879462146,0,0,9.909905425584869,22.829231064333683,RORA
GO_Biological_Process_2023,Protein Modification Process (GO:0036211),4/711,0.1013309496019486,0.1566530638081281,0,0,2.366767111493758,5.418389978149346,PTPRZ1;CPE;TNIK;PRKG1
GO_Biological_Process_2023,Positive Regulation Of Receptor-Mediated Endocytosis (GO:0048260),1/43,0.1021457742794159,0.1566530638081281,0,0,9.673469387755102,22.068611238785657,CLU
GO_Biological_Process_2023,Intracellular Glucose Homeostasis (GO:0001678),1/43,0.1021457742794159,0.1566530638081281,0,0,9.673469387755102,22.068611238785657,ZBTB20
GO_Biological_Process_2023,Regulation Of Primary Metabolic Process (GO:0080090),1/43,0.1021457742794159,0.1566530638081281,0,0,9.673469387755102,22.068611238785657,APOE
GO_Biological_Process_2023,Response To Amyloid-Beta (GO:1904645),1/43,0.1021457742794159,0.1566530638081281,0,0,9.673469387755102,22.068611238785657,GJA1
GO_Biological_Process_2023,Positive Regulation Of Biomineral Tissue Development (GO:0070169),1/43,0.1021457742794159,0.1566530638081281,0,0,9.673469387755102,22.068611238785657,ADGRV1
GO_Biological_Process_2023,Regulation Of DNA-templated Transcription (GO:0006355),8/1922,0.1027437730248664,0.1572291072047199,0,0,1.7948947604120018,4.084313595463984,NFIA;ERBB4;TRPS1;GLIS3;RORA;APOE;SOX5;NPAS3
GO_Biological_Process_2023,Regulation Of Insulin Receptor Signaling Pathway (GO:0046626),1/44,0.1043952424647777,0.1583850567008537,0,0,9.448030374940672,21.34849709415977,SORBS1
GO_Biological_Process_2023,Neural Crest Cell Development (GO:0014032),1/44,0.1043952424647777,0.1583850567008537,0,0,9.448030374940672,21.34849709415977,ERBB4
GO_Biological_Process_2023,Bone Development (GO:0060348),1/44,0.1043952424647777,0.1583850567008537,0,0,9.448030374940672,21.34849709415977,GJA1
GO_Biological_Process_2023,Cellular Response To Ketone (GO:1901655),1/44,0.1043952424647777,0.1583850567008537,0,0,9.448030374940672,21.34849709415977,ADCY2
GO_Biological_Process_2023,Triglyceride Metabolic Process (GO:0006641),1/45,0.1066391873529346,0.1610980885865914,0,0,9.232838589981448,20.665901611884028,APOE
GO_Biological_Process_2023,Regulation Of Apoptotic Signaling Pathway (GO:2001233),1/45,0.1066391873529346,0.1610980885865914,0,0,9.232838589981448,20.665901611884028,TPD52L1
GO_Biological_Process_2023,Positive Regulation Of Protein Modification Process (GO:0031401),2/225,0.108732282094746,0.1630857603844432,0,0,3.685911808669656,8.178546402117632,ERBB4;TNIK
GO_Biological_Process_2023,Regulation Of Nervous System Development (GO:0051960),1/46,0.1088776222085674,0.1630857603844432,0,0,9.02721088435374,20.01811780873028,PTPRZ1
GO_Biological_Process_2023,Response To Glucose (GO:0009749),1/46,0.1088776222085674,0.1630857603844432,0,0,9.02721088435374,20.01811780873028,ZBTB20
GO_Biological_Process_2023,Response To Hydrogen Peroxide (GO:0042542),1/46,0.1088776222085674,0.1630857603844432,0,0,9.02721088435374,20.01811780873028,CLU
GO_Biological_Process_2023,Regulation Of Cell Growth (GO:0001558),2/227,0.1103380372278293,0.1636565961139258,0,0,3.6527777777777777,8.0514767388936,GJA1;NRG3
GO_Biological_Process_2023,Negative Regulation Of Hydrolase Activity (GO:0051346),1/47,0.1111105603036554,0.1636565961139258,0,0,8.830523513753327,19.4026870705364,CST3
GO_Biological_Process_2023,Golgi To Plasma Membrane Transport (GO:0006893),1/47,0.1111105603036554,0.1636565961139258,0,0,8.830523513753327,19.4026870705364,MACF1
GO_Biological_Process_2023,Insulin Receptor Signaling Pathway (GO:0008286),1/47,0.1111105603036554,0.1636565961139258,0,0,8.830523513753327,19.4026870705364,SORBS1
GO_Biological_Process_2023,Positive Regulation Of Smooth Muscle Cell Proliferation (GO:0048661),1/47,0.1111105603036554,0.1636565961139258,0,0,8.830523513753327,19.4026870705364,GJA1
GO_Biological_Process_2023,Bicellular Tight Junction Assembly (GO:0070830),1/47,0.1111105603036554,0.1636565961139258,0,0,8.830523513753327,19.4026870705364,PARD3
GO_Biological_Process_2023,Response To Organonitrogen Compound (GO:0010243),1/47,0.1111105603036554,0.1636565961139258,0,0,8.830523513753327,19.4026870705364,CLU
GO_Biological_Process_2023,Secondary Alcohol Metabolic Process (GO:1902652),1/47,0.1111105603036554,0.1636565961139258,0,0,8.830523513753327,19.4026870705364,APOE
GO_Biological_Process_2023,Chloride Transmembrane Transport (GO:1902476),1/48,0.1133380148369131,0.1662381033780932,0,0,8.642205818497612,18.81737166641443,SLC1A3
GO_Biological_Process_2023,Myelination (GO:0042552),1/48,0.1133380148369131,0.1662381033780932,0,0,8.642205818497612,18.81737166641443,PARD3
GO_Biological_Process_2023,Positive Regulation Of Phosphorylation (GO:0042327),2/231,0.1135686052781033,0.1662381033780932,0,0,3.588245997088792,7.805684373606142,ERBB4;TNIK
GO_Biological_Process_2023,Regulation Of I-kappaB kinase/NF-kappaB Signaling (GO:0043122),2/232,0.1143801446099869,0.1670800872711998,0,0,3.572463768115942,7.745915171502187,GJA1;RORA
GO_Biological_Process_2023,Heterophilic Cell-Cell Adhesion Via Plasma Membrane Cell Adhesion Molecules (GO:0007157),1/49,0.1155599990222406,0.167763694679105,0,0,8.46173469387755,18.26013079359792,CADM1
GO_Biological_Process_2023,Neurogenesis (GO:0022008),1/49,0.1155599990222406,0.167763694679105,0,0,8.46173469387755,18.26013079359792,ERBB4
GO_Biological_Process_2023,Proton Transmembrane Transport (GO:1902600),1/49,0.1155599990222406,0.167763694679105,0,0,8.46173469387755,18.26013079359792,ATP1A2
GO_Biological_Process_2023,Regulation Of Epithelial Cell Migration (GO:0010632),1/50,0.1177765260040411,0.1692439103350753,0,0,8.28862973760933,17.7290996615035,MACF1
GO_Biological_Process_2023,Positive Regulation Of Transport (GO:0051050),1/50,0.1177765260040411,0.1692439103350753,0,0,8.28862973760933,17.7290996615035,APOE
GO_Biological_Process_2023,Positive Regulation Of Cell Death (GO:0010942),1/50,0.1177765260040411,0.1692439103350753,0,0,8.28862973760933,17.7290996615035,CLU
GO_Biological_Process_2023,Positive Regulation Of Developmental Growth (GO:0048639),1/50,0.1177765260040411,0.1692439103350753,0,0,8.28862973760933,17.7290996615035,MACF1
GO_Biological_Process_2023,Negative Regulation Of Cell Projection Organization (GO:0031345),1/50,0.1177765260040411,0.1692439103350753,0,0,8.28862973760933,17.7290996615035,APOE
GO_Biological_Process_2023,Positive Regulation Of Gene Expression (GO:0010628),3/480,0.1181552270790639,0.169443702930828,0,0,2.6057808109193097,5.565312093553977,GJA1;CADM1;CLU
GO_Biological_Process_2023,Positive Regulation Of Leukocyte Mediated Cytotoxicity (GO:0001912),1/51,0.1199876089220907,0.1703438544335706,0,0,8.122448979591837,17.22257115519733,CADM1
GO_Biological_Process_2023,Positive Regulation Of Protein Localization To Cell Periphery (GO:1904377),1/51,0.1199876089220907,0.1703438544335706,0,0,8.122448979591837,17.22257115519733,SORBS1
GO_Biological_Process_2023,Positive Regulation Of Protein Localization To Plasma Membrane (GO:1903078),1/51,0.1199876089220907,0.1703438544335706,0,0,8.122448979591837,17.22257115519733,SORBS1
GO_Biological_Process_2023,Regulation Of Smoothened Signaling Pathway (GO:0008589),1/51,0.1199876089220907,0.1703438544335706,0,0,8.122448979591837,17.22257115519733,RORA
GO_Biological_Process_2023,Negative Regulation Of MAP Kinase Activity (GO:0043407),1/51,0.1199876089220907,0.1703438544335706,0,0,8.122448979591837,17.22257115519733,APOE
GO_Biological_Process_2023,Regulation Of Inflammatory Response (GO:0050727),2/240,0.1209266562339864,0.1713329578305178,0,0,3.450980392156863,7.290441318878535,RORA;APOE
GO_Biological_Process_2023,Negative Regulation Of Response To Stimulus (GO:0048585),1/52,0.1221932608707862,0.1717507662736498,0,0,7.962785114045618,16.738979733033663,CLU
GO_Biological_Process_2023,Cardiac Muscle Tissue Development (GO:0048738),1/52,0.1221932608707862,0.1717507662736498,0,0,7.962785114045618,16.738979733033663,GJA1
GO_Biological_Process_2023,Cartilage Development (GO:0051216),1/52,0.1221932608707862,0.1717507662736498,0,0,7.962785114045618,16.738979733033663,SOX5
GO_Biological_Process_2023,Regulation Of Proteolysis (GO:0030162),1/52,0.1221932608707862,0.1717507662736498,0,0,7.962785114045618,16.738979733033663,CST3
GO_Biological_Process_2023,Regulation Of ERK1 And ERK2 Cascade (GO:0070372),2/244,0.1242347823719992,0.1724435311831378,0,0,3.3932506887052343,7.076902888304532,ERBB4;APOE
GO_Biological_Process_2023,Tight Junction Assembly (GO:0120192),1/53,0.1243934949128716,0.1724435311831378,0,0,7.809262166405023,16.276887238960814,PARD3
GO_Biological_Process_2023,Actin Cytoskeleton Reorganization (GO:0031532),1/53,0.1243934949128716,0.1724435311831378,0,0,7.809262166405023,16.276887238960814,TNIK
GO_Biological_Process_2023,Regulation Of Proteasomal Protein Catabolic Process (GO:0061136),1/53,0.1243934949128716,0.1724435311831378,0,0,7.809262166405023,16.276887238960814,APOE
GO_Biological_Process_2023,Regulation Of Receptor Signaling Pathway Via JAK-STAT (GO:0046425),1/53,0.1243934949128716,0.1724435311831378,0,0,7.809262166405023,16.276887238960814,ERBB4
GO_Biological_Process_2023,Cellular Response To Alcohol (GO:0097306),1/53,0.1243934949128716,0.1724435311831378,0,0,7.809262166405023,16.276887238960814,ADCY2
GO_Biological_Process_2023,Negative Regulation Of Cysteine-Type Endopeptidase Activity (GO:2000117),1/53,0.1243934949128716,0.1724435311831378,0,0,7.809262166405023,16.276887238960814,CST3
GO_Biological_Process_2023,Regulation Of Focal Adhesion Assembly (GO:0051893),1/54,0.1265883240687765,0.1727759558236003,0,0,7.661532537543319,15.834970375184442,MACF1
GO_Biological_Process_2023,Negative Regulation Of Neuron Projection Development (GO:0010977),1/54,0.1265883240687765,0.1727759558236003,0,0,7.661532537543319,15.834970375184442,APOE
GO_Biological_Process_2023,Regulation Of Lipid Metabolic Process (GO:0019216),1/54,0.1265883240687765,0.1727759558236003,0,0,7.661532537543319,15.834970375184442,RORA
GO_Biological_Process_2023,Apical Junction Assembly (GO:0043297),1/54,0.1265883240687765,0.1727759558236003,0,0,7.661532537543319,15.834970375184442,PARD3
GO_Biological_Process_2023,Peptidyl-Tyrosine Modification (GO:0018212),1/54,0.1265883240687765,0.1727759558236003,0,0,7.661532537543319,15.834970375184442,ERBB4
GO_Biological_Process_2023,Regulation Of Smooth Muscle Cell Proliferation (GO:0048660),1/54,0.1265883240687765,0.1727759558236003,0,0,7.661532537543319,15.834970375184442,APOE
GO_Biological_Process_2023,Monoatomic Anion Transmembrane Transport (GO:0098656),1/54,0.1265883240687765,0.1727759558236003,0,0,7.661532537543319,15.834970375184442,SLC1A3
GO_Biological_Process_2023,Regulation Of Blood Vessel Endothelial Cell Migration (GO:0043535),1/54,0.1265883240687765,0.1727759558236003,0,0,7.661532537543319,15.834970375184442,APOE
GO_Biological_Process_2023,Neuron Migration (GO:0001764),1/55,0.1287777613922166,0.1744173894718336,0,0,7.519274376417234,15.412009607623004,GPM6A
GO_Biological_Process_2023,Positive Regulation Of Tyrosine Phosphorylation Of STAT Protein (GO:0042531),1/55,0.1287777613922166,0.1744173894718336,0,0,7.519274376417234,15.412009607623004,ERBB4
GO_Biological_Process_2023,"Regulation Of Synaptic Transmission, Glutamatergic (GO:0051966)",1/55,0.1287777613922166,0.1744173894718336,0,0,7.519274376417234,15.412009607623004,ATP1A2
GO_Biological_Process_2023,Purine Ribonucleotide Biosynthetic Process (GO:0009152),1/55,0.1287777613922166,0.1744173894718336,0,0,7.519274376417234,15.412009607623004,ADCY2
GO_Biological_Process_2023,Protein Phosphorylation (GO:0006468),3/500,0.129160251906065,0.1746009523854454,0,0,2.498351813005694,5.113380110281715,ERBB4;TNIK;PRKG1
GO_Biological_Process_2023,Peptide Metabolic Process (GO:0006518),1/56,0.1309618198144747,0.1763619173501593,0,0,7.382189239332097,15.00687933540933,CPE
GO_Biological_Process_2023,Cellular Response To Peptide (GO:1901653),1/56,0.1309618198144747,0.1763619173501593,0,0,7.382189239332097,15.00687933540933,GJA1
GO_Biological_Process_2023,Regulation Of Neuron Death (GO:1901214),1/58,0.1353138517398134,0.1808447886201288,0,0,7.122448979591836,14.246025949065045,CLU
GO_Biological_Process_2023,Memory (GO:0007613),1/58,0.1353138517398134,0.1808447886201288,0,0,7.122448979591836,14.246025949065045,APOE
GO_Biological_Process_2023,Response To Organic Cyclic Compound (GO:0014070),1/58,0.1353138517398134,0.1808447886201288,0,0,7.122448979591836,14.246025949065045,CLU
GO_Biological_Process_2023,Regulation Of Bone Mineralization (GO:0030500),1/58,0.1353138517398134,0.1808447886201288,0,0,7.122448979591836,14.246025949065045,ADGRV1
GO_Biological_Process_2023,Negative Regulation Of Protein-Containing Complex Assembly (GO:0031333),1/59,0.1374818510452552,0.1823633558892972,0,0,6.999296270232231,13.8884471557023,CLU
GO_Biological_Process_2023,Positive Regulation Of Protein Binding (GO:0032092),1/59,0.1374818510452552,0.1823633558892972,0,0,6.999296270232231,13.8884471557023,APOE
GO_Biological_Process_2023,Positive Regulation Of Proteolysis (GO:0045862),1/59,0.1374818510452552,0.1823633558892972,0,0,6.999296270232231,13.8884471557023,APOE
GO_Biological_Process_2023,Regulation Of Cell Death (GO:0010941),1/59,0.1374818510452552,0.1823633558892972,0,0,6.999296270232231,13.8884471557023,CLU
GO_Biological_Process_2023,Sterol Metabolic Process (GO:0016125),1/60,0.1396445230534406,0.1841952944007136,0,0,6.88031822898651,13.544974303558986,APOE
GO_Biological_Process_2023,Negative Regulation Of Peptidase Activity (GO:0010466),1/60,0.1396445230534406,0.1841952944007136,0,0,6.88031822898651,13.544974303558986,CST3
GO_Biological_Process_2023,Homophilic Cell Adhesion Via Plasma Membrane Adhesion Molecules (GO:0007156),1/60,0.1396445230534406,0.1841952944007136,0,0,6.88031822898651,13.544974303558986,CADM1
GO_Biological_Process_2023,Negative Regulation Of Intrinsic Apoptotic Signaling Pathway (GO:2001243),1/61,0.1418018805927374,0.1865402583856688,0,0,6.76530612244898,13.214837540593155,CLU
GO_Biological_Process_2023,Regulation Of Protein Phosphorylation (GO:0001932),2/265,0.1419500127460959,0.1865402583856688,0,0,3.118979721166033,6.089122685288893,ERBB4;TNIK
GO_Biological_Process_2023,Cell Junction Organization (GO:0034330),1/62,0.1439539364695556,0.1884730242295849,0,0,6.654064904650385,12.897320592663672,CTNND2
GO_Biological_Process_2023,Positive Regulation Of Apoptotic Signaling Pathway (GO:2001235),1/62,0.1439539364695556,0.1884730242295849,0,0,6.654064904650385,12.897320592663672,TPD52L1
GO_Biological_Process_2023,Inorganic Anion Transmembrane Transport (GO:0098661),1/63,0.1461007034145454,0.1907682517069593,0,0,6.54641211323239,12.591756250239603,SLC1A3
GO_Biological_Process_2023,Positive Regulation Of Apoptotic Process (GO:0043065),2/270,0.1462466653821385,0.1907682517069593,0,0,3.060012437810945,5.882753328645588,TPD52L1;CLU
GO_Biological_Process_2023,Regulation Of Tyrosine Phosphorylation Of STAT Protein (GO:0042509),1/65,0.1503784214913892,0.1951597986828283,0,0,6.341198979591836,12.01403781811508,ERBB4
GO_Biological_Process_2023,Regulation Of Cell-Matrix Adhesion (GO:0001952),1/65,0.1503784214913892,0.1951597986828283,0,0,6.341198979591836,12.01403781811508,MACF1
GO_Biological_Process_2023,Negative Regulation Of Cellular Process (GO:0048523),3/537,0.150441428970497,0.1951597986828283,0,0,2.320822376284963,4.396058686518376,GJA1;ERBB4;CLU
GO_Biological_Process_2023,Negative Regulation Of Endopeptidase Activity (GO:0010951),1/66,0.1525093979756266,0.1964009915642405,0,0,6.243328100470958,11.740759916332207,CST3
GO_Biological_Process_2023,Regulation Of Endocytosis (GO:0030100),1/66,0.1525093979756266,0.1964009915642405,0,0,6.243328100470958,11.740759916332207,APOE
GO_Biological_Process_2023,Cellular Response To Type II Interferon (GO:0071346),1/66,0.1525093979756266,0.1964009915642405,0,0,6.243328100470958,11.740759916332207,AQP4
GO_Biological_Process_2023,Response To Reactive Oxygen Species (GO:0000302),1/66,0.1525093979756266,0.1964009915642405,0,0,6.243328100470958,11.740759916332207,APOE
GO_Biological_Process_2023,Peptidyl-Tyrosine Phosphorylation (GO:0018108),1/67,0.1546351363099914,0.198415683069263,0,0,6.148423005565863,11.477180657220888,ERBB4
GO_Biological_Process_2023,Cholesterol Metabolic Process (GO:0008203),1/67,0.1546351363099914,0.198415683069263,0,0,6.148423005565863,11.477180657220888,APOE
GO_Biological_Process_2023,Intermediate Filament Organization (GO:0045109),1/68,0.1567556490806558,0.1996869259459886,0,0,6.056350898568383,11.222824361971773,GFAP
GO_Biological_Process_2023,Neuropeptide Signaling Pathway (GO:0007218),1/68,0.1567556490806558,0.1996869259459886,0,0,6.056350898568383,11.222824361971773,CPE
GO_Biological_Process_2023,Cell-Cell Junction Organization (GO:0045216),1/68,0.1567556490806558,0.1996869259459886,0,0,6.056350898568383,11.222824361971773,CTNND2
GO_Biological_Process_2023,Skin Development (GO:0043588),1/68,0.1567556490806558,0.1996869259459886,0,0,6.056350898568383,11.222824361971773,COL5A3
GO_Biological_Process_2023,Positive Regulation Of Cell Differentiation (GO:0045597),2/283,0.157543301545723,0.2003293420734283,0,0,2.916518386714116,5.38988617732673,GJA1;SOX5
GO_Biological_Process_2023,Transmembrane Receptor Protein Tyrosine Kinase Signaling Pathway (GO:0007169),2/284,0.1584193142173303,0.2009333825741776,0,0,2.9060283687943262,5.354385963176766,ERBB4;SORBS1
GO_Biological_Process_2023,Establishment Of Protein Localization To Membrane (GO:0090150),1/69,0.158870948881139,0.2009333825741776,0,0,5.966986794717887,10.977245117600177,PARD3
GO_Biological_Process_2023,Regulation Of Heart Contraction (GO:0008016),1/69,0.158870948881139,0.2009333825741776,0,0,5.966986794717887,10.977245117600177,ATP1A2
GO_Biological_Process_2023,Negative Regulation Of Epithelial Cell Proliferation (GO:0050680),1/70,0.1609810482853106,0.2032385734602046,0,0,5.880212954747116,10.740024519792764,APOE
GO_Biological_Process_2023,Synapse Assembly (GO:0007416),1/71,0.16308595979881,0.2051632981810653,0,0,5.795918367346939,10.51076961698872,GPM6A
GO_Biological_Process_2023,Regulation Of Hydrolase Activity (GO:0051336),1/71,0.16308595979881,0.2051632981810653,0,0,5.795918367346939,10.51076961698872,PRKG1
GO_Biological_Process_2023,Protein Targeting To Membrane (GO:0006612),1/72,0.1651856959101235,0.2070678847667683,0,0,5.713998275366484,10.28911103101624,PARD3
GO_Biological_Process_2023,Second-Messenger-Mediated Signaling (GO:0019932),1/72,0.1651856959101235,0.2070678847667683,0,0,5.713998275366484,10.28911103101624,APOE
GO_Biological_Process_2023,Cellular Response To Reactive Oxygen Species (GO:0034614),1/73,0.1672802691231711,0.2089525623146324,0,0,5.634353741496598,10.074701240888364,CLU
GO_Biological_Process_2023,Regulation Of Rho Protein Signal Transduction (GO:0035023),1/73,0.1672802691231711,0.2089525623146324,0,0,5.634353741496598,10.074701240888364,APOE
GO_Biological_Process_2023,Regulation Of Fat Cell Differentiation (GO:0045598),1/75,0.1714539764404576,0.2134119037735977,0,0,5.4815223386651954,9.666337985731484,RORA
GO_Biological_Process_2023,Regulation Of Plasma Membrane Bounded Cell Projection Assembly (GO:0120032),1/75,0.1714539764404576,0.2134119037735977,0,0,5.4815223386651954,9.666337985731484,CLU
GO_Biological_Process_2023,Wnt Signaling Pathway (GO:0016055),1/76,0.1735331353639065,0.2156202578247485,0,0,5.408163265306122,9.4717853003048,CPE
GO_Biological_Process_2023,Actomyosin Structure Organization (GO:0031032),1/77,0.1756071809118701,0.2174330593777446,0,0,5.336734693877551,9.283280446293812,SORBS1
GO_Biological_Process_2023,Chloride Transport (GO:0006821),1/77,0.1756071809118701,0.2174330593777446,0,0,5.336734693877551,9.283280446293812,SLC1A3
GO_Biological_Process_2023,Positive Regulation Of Tumor Necrosis Factor Production (GO:0032760),1/78,0.1776761254379788,0.2196101760221172,0,0,5.267161410018553,9.10056411919043,CLU
GO_Biological_Process_2023,Cellular Response To Cytokine Stimulus (GO:0071345),2/308,0.179707813401232,0.2202359908212183,0,0,2.6748366013071894,4.59115107946999,MT2A;AQP4
GO_Biological_Process_2023,Positive Regulation Of Protein Localization To Membrane (GO:1905477),1/79,0.1797399811935544,0.2202359908212183,0,0,5.199372056514914,8.923391206941128,SORBS1
GO_Biological_Process_2023,Response To Insulin (GO:0032868),1/79,0.1797399811935544,0.2202359908212183,0,0,5.199372056514914,8.923391206941128,SORBS1
GO_Biological_Process_2023,Positive Regulation Of Catabolic Process (GO:0009896),1/79,0.1797399811935544,0.2202359908212183,0,0,5.199372056514914,8.923391206941128,CLU
GO_Biological_Process_2023,Negative Regulation Of Cellular Component Organization (GO:0051129),1/79,0.1797399811935544,0.2202359908212183,0,0,5.199372056514914,8.923391206941128,CLU
GO_Biological_Process_2023,Negative Regulation Of Protein Serine/Threonine Kinase Activity (GO:0071901),1/80,0.181798760490535,0.2212249977053498,0,0,5.133298889175924,8.751529842637671,APOE
GO_Biological_Process_2023,Wound Healing (GO:0042060),1/80,0.181798760490535,0.2212249977053498,0,0,5.133298889175924,8.751529842637671,MACF1
GO_Biological_Process_2023,Regulation Of Protein Localization To Plasma Membrane (GO:1903076),1/80,0.181798760490535,0.2212249977053498,0,0,5.133298889175924,8.751529842637671,SORBS1
GO_Biological_Process_2023,Response To Type II Interferon (GO:0034341),1/80,0.181798760490535,0.2212249977053498,0,0,5.133298889175924,8.751529842637671,AQP4
GO_Biological_Process_2023,Macromolecule Modification (GO:0043412),1/81,0.1838524754991919,0.2233396910273689,0,0,5.0688775510204085,8.584760541358477,CPE
GO_Biological_Process_2023,Positive Regulation Of Tumor Necrosis Factor Superfamily Cytokine Production (GO:1903557),1/82,0.1859011384602527,0.2246702647716216,0,0,5.00604686318972,8.422875391899517,CLU
GO_Biological_Process_2023,Negative Regulation Of Apoptotic Signaling Pathway (GO:2001234),1/82,0.1859011384602527,0.2246702647716216,0,0,5.00604686318972,8.422875391899517,CLU
GO_Biological_Process_2023,Sodium Ion Transmembrane Transport (GO:0035725),1/82,0.1859011384602527,0.2246702647716216,0,0,5.00604686318972,8.422875391899517,ATP1A2
GO_Biological_Process_2023,Positive Regulation Of Proteasomal Ubiquitin-Dependent Protein Catabolic Process (GO:0032436),1/83,0.1879447615357932,0.225981201370418,0,0,4.944748631159781,8.265677319811374,CLU
GO_Biological_Process_2023,Positive Regulation Of Ubiquitin-Dependent Protein Catabolic Process (GO:2000060),1/83,0.1879447615357932,0.225981201370418,0,0,4.944748631159781,8.265677319811374,CLU
GO_Biological_Process_2023,Calcium Ion Transmembrane Import Into Cytosol (GO:0097553),1/83,0.1879447615357932,0.225981201370418,0,0,4.944748631159781,8.265677319811374,CLU
GO_Biological_Process_2023,Purine Ribonucleotide Metabolic Process (GO:0009150),1/84,0.1899833569114356,0.2276580226040423,0,0,4.884927464961889,8.112979399077096,ATP1A2
GO_Biological_Process_2023,Positive Regulation Of Double-Strand Break Repair (GO:2000781),1/84,0.1899833569114356,0.2276580226040423,0,0,4.884927464961889,8.112979399077096,FMN2
GO_Biological_Process_2023,Positive Regulation Of Cytokine Production (GO:0001819),2/320,0.1905173181447624,0.2279115802510102,0,0,2.5723270440251573,4.264949569039247,CADM1;RORA
GO_Biological_Process_2023,Regulation Of Kinase Activity (GO:0043549),1/85,0.1920169366451308,0.2281613011900966,0,0,4.826530612244898,7.964604221414354,ERBB4
GO_Biological_Process_2023,Calcium-Mediated Signaling (GO:0019722),1/85,0.1920169366451308,0.2281613011900966,0,0,4.826530612244898,7.964604221414354,CLU
GO_Biological_Process_2023,Positive Regulation Of Amide Metabolic Process (GO:0034250),1/85,0.1920169366451308,0.2281613011900966,0,0,4.826530612244898,7.964604221414354,CLU
GO_Biological_Process_2023,Positive Regulation Of Canonical Wnt Signaling Pathway (GO:0090263),1/85,0.1920169366451308,0.2281613011900966,0,0,4.826530612244898,7.964604221414354,GPC5
GO_Biological_Process_2023,Protein-Containing Complex Assembly (GO:0065003),2/328,0.1977743827467704,0.2338030149463693,0,0,2.5081799591002043,4.064827621524088,PARD3;CLU
GO_Biological_Process_2023,Regulation Of Double-Strand Break Repair (GO:2000779),1/88,0.1980877029036425,0.2338030149463693,0,0,4.659394792399718,7.5437717166037235,FMN2
GO_Biological_Process_2023,Regulation Of Endothelial Cell Migration (GO:0010594),1/88,0.1980877029036425,0.2338030149463693,0,0,4.659394792399718,7.5437717166037235,APOE
GO_Biological_Process_2023,Positive Regulation Of Plasma Membrane Bounded Cell Projection Assembly (GO:0120034),1/88,0.1980877029036425,0.2338030149463693,0,0,4.659394792399718,7.5437717166037235,GPM6A
GO_Biological_Process_2023,Proteolysis (GO:0006508),2/330,0.1995943671492581,0.2346130148050136,0,0,2.4926321138211383,4.016797226686841,ADGRV1;CPE
GO_Biological_Process_2023,Cellular Response To Peptide Hormone Stimulus (GO:0071375),1/89,0.2001013407742902,0.2346130148050136,0,0,4.606215213358071,7.411084001248333,SORBS1
GO_Biological_Process_2023,Positive Regulation Of DNA Repair (GO:0045739),1/89,0.2001013407742902,0.2346130148050136,0,0,4.606215213358071,7.411084001248333,FMN2
GO_Biological_Process_2023,Sodium Ion Transport (GO:0006814),1/89,0.2001013407742902,0.2346130148050136,0,0,4.606215213358071,7.411084001248333,ATP1A2
GO_Biological_Process_2023,Positive Regulation Of Proteasomal Protein Catabolic Process (GO:1901800),1/90,0.2021100231923967,0.2365758052930869,0,0,4.55423068103646,7.281955543769811,CLU
GO_Biological_Process_2023,Positive Regulation Of MAP Kinase Activity (GO:0043406),1/91,0.2041137620931186,0.2377404115318531,0,0,4.503401360544218,7.156255051106618,TPD52L1
GO_Biological_Process_2023,Positive Regulation Of Binding (GO:0051099),1/91,0.2041137620931186,0.2377404115318531,0,0,4.503401360544218,7.156255051106618,APOE
GO_Biological_Process_2023,Regulation Of Actin Cytoskeleton Organization (GO:0032956),1/91,0.2041137620931186,0.2377404115318531,0,0,4.503401360544218,7.156255051106618,CLU
GO_Biological_Process_2023,Positive Regulation Of Neuron Projection Development (GO:0010976),1/92,0.2061125694363157,0.2392801093456079,0,0,4.453689167974883,7.03385741012878,APOE
GO_Biological_Process_2023,Positive Regulation Of Protein Catabolic Process (GO:0045732),1/92,0.2061125694363157,0.2392801093456079,0,0,4.453689167974883,7.03385741012878,APOE
GO_Biological_Process_2023,Regulation Of Endothelial Cell Proliferation (GO:0001936),1/93,0.2081064570390282,0.2408040345770752,0,0,4.40505767524401,6.914643337844717,APOE
GO_Biological_Process_2023,Positive Regulation Of Cellular Component Biogenesis (GO:0044089),1/93,0.2081064570390282,0.2408040345770752,0,0,4.40505767524401,6.914643337844717,CLU
GO_Biological_Process_2023,Cellular Response To Hormone Stimulus (GO:0032870),1/94,0.2100954368002021,0.2427082905518674,0,0,4.357472021066491,6.79849904676328,ATP1A2
GO_Biological_Process_2023,Regulation Of Protein Metabolic Process (GO:0051246),1/96,0.2140587201245348,0.2464812949968177,0,0,4.26530612244898,6.5749903239841245,APOE
GO_Biological_Process_2023,Cellular Response To Transforming Growth Factor Beta Stimulus (GO:0071560),1/96,0.2140587201245348,0.2464812949968177,0,0,4.26530612244898,6.5749903239841245,SOX5
GO_Biological_Process_2023,Regulation Of Defense Response (GO:0031347),1/97,0.2160330472811356,0.2479470201749397,0,0,4.220663265306122,6.46742313757927,APOE
GO_Biological_Process_2023,Regulation Of Protein Localization (GO:0032880),1/97,0.2160330472811356,0.2479470201749397,0,0,4.220663265306122,6.46742313757927,GPC5
GO_Biological_Process_2023,MAPK Cascade (GO:0000165),1/98,0.2180025137484037,0.2489947935704708,0,0,4.176940879444562,6.362519703204576,TNIK
GO_Biological_Process_2023,Positive Regulation Of Protein-Containing Complex Assembly (GO:0031334),1/98,0.2180025137484037,0.2489947935704708,0,0,4.176940879444562,6.362519703204576,CLU
GO_Biological_Process_2023,Positive Regulation Of Cold-Induced Thermogenesis (GO:0120162),1/98,0.2180025137484037,0.2489947935704708,0,0,4.176940879444562,6.362519703204576,GJA1
GO_Biological_Process_2023,Cellular Response To Insulin Stimulus (GO:0032869),1/99,0.2199671313012003,0.2508334868224978,0,0,4.134110787172012,6.26018948804807,SORBS1
GO_Biological_Process_2023,Visual Perception (GO:0007601),1/101,0.2238818662412048,0.2548864403100351,0,0,4.051020408163265,6.062906014187368,ADGRV1
GO_Biological_Process_2023,Protein Catabolic Process (GO:0030163),1/102,0.2258320069783284,0.2558705591885868,0,0,4.010709234188725,5.967790506031058,APOE
GO_Biological_Process_2023,Regulation Of Protein Secretion (GO:0050708),1/102,0.2258320069783284,0.2558705591885868,0,0,4.010709234188725,5.967790506031058,APOE
GO_Biological_Process_2023,Sensory Perception Of Light Stimulus (GO:0050953),1/102,0.2258320069783284,0.2558705591885868,0,0,4.010709234188725,5.967790506031058,ADGRV1
GO_Biological_Process_2023,Positive Regulation Of Kinase Activity (GO:0033674),1/104,0.2297178930745814,0.2598568806459665,0,0,3.932435109966317,5.78423168094792,ERBB4
GO_Biological_Process_2023,Positive Regulation Of Macromolecule Metabolic Process (GO:0010604),2/364,0.2308123535024988,0.2606778497224707,0,0,2.2546040515653774,3.3055882286347837,GJA1;CLU
GO_Biological_Process_2023,Negative Regulation Of MAPK Cascade (GO:0043409),1/105,0.2316536615468536,0.2612107475496419,0,0,3.8944270015698583,5.6956456810845415,APOE
GO_Biological_Process_2023,Positive Regulation Of Cell Growth (GO:0030307),1/106,0.2335846623503299,0.2629687201937631,0,0,3.857142857142857,5.609098367731948,MACF1
GO_Biological_Process_2023,Positive Regulation Of Metabolic Process (GO:0009893),1/108,0.2374324069826741,0.2668755353525447,0,0,3.7846652679763495,5.441865346754643,GJA1
GO_Biological_Process_2023,Negative Regulation Of Developmental Process (GO:0051093),1/109,0.239349173739861,0.2673299618231939,0,0,3.749433106575964,5.361058744932435,CST3
GO_Biological_Process_2023,Extracellular Structure Organization (GO:0043062),1/109,0.239349173739861,0.2673299618231939,0,0,3.749433106575964,5.361058744932435,COL5A3
GO_Biological_Process_2023,Regulation Of Proteasomal Ubiquitin-Dependent Protein Catabolic Process (GO:0032434),1/109,0.239349173739861,0.2673299618231939,0,0,3.749433106575964,5.361058744932435,CLU
GO_Biological_Process_2023,Cell-Matrix Adhesion (GO:0007160),1/109,0.239349173739861,0.2673299618231939,0,0,3.749433106575964,5.361058744932435,SORBS1
GO_Biological_Process_2023,Regulation Of Transcription By RNA Polymerase II (GO:0006357),7/2028,0.240210327352116,0.2678686142554354,0,0,1.4441733887207575,2.0597383961522118,NFIA;TRPS1;GLIS3;ZBTB20;RORA;SOX5;NPAS3
GO_Biological_Process_2023,External Encapsulating Structure Organization (GO:0045229),1/110,0.241261218690496,0.268194467946825,0,0,3.714847406852649,5.282048795926194,COL5A3
GO_Biological_Process_2023,Adenylate Cyclase-Activating G Protein-Coupled Receptor Signaling Pathway (GO:0007189),1/110,0.241261218690496,0.268194467946825,0,0,3.714847406852649,5.282048795926194,ADCY2
GO_Biological_Process_2023,Positive Regulation Of Protein Phosphorylation (GO:0001934),2/377,0.242850122627119,0.2694673466011922,0,0,2.175,3.0783010013980068,ERBB4;TNIK
GO_Biological_Process_2023,Mitotic Cell Cycle Phase Transition (GO:0044772),1/111,0.2431685532271013,0.2694673466011922,0,0,3.6808905380333954,5.20478084558139,TPD52L1
GO_Biological_Process_2023,Negative Regulation Of Cell Population Proliferation (GO:0008285),2/379,0.24470533557908,0.2707459659693421,0,0,2.163240495137047,3.045194735705852,ERBB4;APOE
GO_Biological_Process_2023,Negative Regulation Of Programmed Cell Death (GO:0043069),2/381,0.2465612635256485,0.2723731458009898,0,0,2.15160510114336,3.012558657024939,ERBB4;FMN2
GO_Biological_Process_2023,Negative Regulation Of Canonical Wnt Signaling Pathway (GO:0090090),1/114,0.2488624078588274,0.2744863063279111,0,0,3.582625970742279,4.982913653406146,APOE
GO_Biological_Process_2023,Positive Regulation Of Protein Serine/Threonine Kinase Activity (GO:0071902),1/117,0.2545142764118688,0.2794124121478125,0,0,3.4894440534834623,4.774949480472317,TPD52L1
GO_Biological_Process_2023,Protein Maturation (GO:0051604),1/117,0.2545142764118688,0.2794124121478125,0,0,3.4894440534834623,4.774949480472317,CPE
GO_Biological_Process_2023,Protein Processing (GO:0016485),1/117,0.2545142764118688,0.2794124121478125,0,0,3.4894440534834623,4.774949480472317,CPE
GO_Biological_Process_2023,Positive Regulation Of Cell Projection Organization (GO:0031346),1/118,0.2563889548341396,0.2810340946786616,0,0,3.4594453165881736,4.708511372057024,APOE
GO_Biological_Process_2023,Regulation Of Apoptotic Process (GO:0042981),3/705,0.2580872111287651,0.2824576753375184,0,0,1.750136388434261,2.370485748577389,ERBB4;FMN2;CLU
GO_Biological_Process_2023,Positive Regulation Of Macromolecule Biosynthetic Process (GO:0010557),1/122,0.2638415777635164,0.2878641905537132,0,0,3.3444088379153314,4.456111874258477,SORBS1
GO_Biological_Process_2023,Receptor-Mediated Endocytosis (GO:0006898),1/122,0.2638415777635164,0.2878641905537132,0,0,3.3444088379153314,4.456111874258477,APOE
GO_Biological_Process_2023,Organonitrogen Compound Biosynthetic Process (GO:1901566),1/123,0.2656932663769877,0.289437810983868,0,0,3.3168283706925394,4.396166676729281,APOE
GO_Biological_Process_2023,Protein Dephosphorylation (GO:0006470),1/124,0.2675403902734135,0.2905546173937071,0,0,3.2896963663514187,4.337414433160371,PTPRZ1
GO_Biological_Process_2023,Enzyme-Linked Receptor Protein Signaling Pathway (GO:0007167),1/124,0.2675403902734135,0.2905546173937071,0,0,3.2896963663514187,4.337414433160371,ERBB4
GO_Biological_Process_2023,Negative Regulation Of Cell Growth (GO:0030308),1/125,0.2693829605231016,0.2921069832666148,0,0,3.263001974983542,4.279822783786303,GJA1
GO_Biological_Process_2023,Protein-Containing Complex Organization (GO:0043933),1/126,0.2712209880572274,0.2936496761967224,0,0,3.236734693877551,4.223360488574632,PARD3
GO_Biological_Process_2023,Regulation Of Tumor Necrosis Factor Production (GO:0032680),1/127,0.2730544838638846,0.2947320917431548,0,0,3.2108843537414966,4.167997377843627,CLU
GO_Biological_Process_2023,Regulation Of Anatomical Structure Morphogenesis (GO:0022603),1/127,0.2730544838638846,0.2947320917431548,0,0,3.2108843537414966,4.167997377843627,TNIK
GO_Biological_Process_2023,Protein Targeting (GO:0006605),1/129,0.2767079241059198,0.2982202779617154,0,0,3.1603954081632653,4.060453122404681,PARD3
GO_Biological_Process_2023,Positive Regulation Of Peptidyl-Tyrosine Phosphorylation (GO:0050731),1/130,0.2785278903472666,0.2997248378622793,0,0,3.135738016136687,4.008216604624779,ERBB4
GO_Biological_Process_2023,Organelle Organization (GO:0006996),2/418,0.280963082652539,0.30188586540326,0,0,1.956530448717949,2.4838780072435296,TNIK;APOE
GO_Biological_Process_2023,Epithelial Cell Differentiation (GO:0030855),1/132,0.2821543693990505,0.3027058257437461,0,0,3.087552578283222,3.906683206158155,ERBB4
GO_Biological_Process_2023,Protein Localization To Plasma Membrane (GO:0072659),1/137,0.2911425929329805,0.3114535787795408,0,0,2.9732893157262907,3.668866926816198,TNIK
GO_Biological_Process_2023,Phosphorylation (GO:0016310),2/429,0.291189272380872,0.3114535787795408,0,0,1.905054644808743,2.350421753894313,TNIK;PRKG1
GO_Biological_Process_2023,Negative Regulation Of Wnt Signaling Pathway (GO:0030178),1/140,0.2964824884084789,0.3166361318803543,0,0,2.9086771399207163,3.5362740390257685,APOE
GO_Biological_Process_2023,Negative Regulation Of Transcription By RNA Polymerase II (GO:0000122),3/763,0.2977324504121457,0.3174914667290905,0,0,1.6117021276595744,1.952673851005435,TRPS1;GLIS3;ZBTB20
GO_Biological_Process_2023,Protein Localization To Cell Periphery (GO:1990778),1/142,0.3000204969826995,0.3194495351909165,0,0,2.8671298306556667,3.4517504575709377,TNIK
GO_Biological_Process_2023,Actin Filament Organization (GO:0007015),1/144,0.3035410668561185,0.322712081604926,0,0,2.826744683887541,3.370153465117457,NEBL
GO_Biological_Process_2023,Positive Regulation Of Protein Kinase Activity (GO:0045860),1/145,0.3052948386142571,0.3240892656160357,0,0,2.806972789115646,3.330409454829651,CLU
GO_Biological_Process_2023,Regulation Of Cold-Induced Thermogenesis (GO:0120161),1/146,0.307044282279795,0.3254577324914769,0,0,2.7874736101337088,3.291346538126983,GJA1
GO_Biological_Process_2023,Dephosphorylation (GO:0016311),1/147,0.3087894082520855,0.3268175323865636,0,0,2.7682415431926195,3.252948903166252,PTPRZ1
GO_Biological_Process_2023,Negative Regulation Of Protein Phosphorylation (GO:0001933),1/149,0.3122667490151626,0.3297777973950756,0,0,2.7305570876999448,3.1780885451938787,PARD3
GO_Biological_Process_2023,Regulation Of Nucleic Acid-Templated Transcription (GO:1903506),2/452,0.3125192705158425,0.3297777973950756,0,0,1.805555555555556,2.100022069268198,NFIA;RORA
GO_Biological_Process_2023,Positive Regulation Of NF-kappaB Transcription Factor Activity (GO:0051092),1/152,0.3174506378807152,0.334482266738697,0,0,2.6759021489390458,3.070418280554557,CLU
GO_Biological_Process_2023,Cellular Response To Growth Factor Stimulus (GO:0071363),1/155,0.3225962281219006,0.3393981150032495,0,0,2.623376623376624,2.9679671260643183,SOX5
GO_Biological_Process_2023,Regulation Of Macromolecule Metabolic Process (GO:0060255),1/162,0.3344552195120095,0.3513519170802239,0,0,2.508429458740017,2.747363087126053,APOE
GO_Biological_Process_2023,Adenylate Cyclase-Modulating G Protein-Coupled Receptor Signaling Pathway (GO:0007188),1/163,0.3361326660872764,0.3520678443314139,0,0,2.492819349962207,2.717794694415788,ADCY2
GO_Biological_Process_2023,Negative Regulation Of Cell Migration (GO:0030336),1/163,0.3361326660872764,0.3520678443314139,0,0,2.492819349962207,2.717794694415788,GJA1
GO_Biological_Process_2023,Positive Regulation Of Cell Population Proliferation (GO:0008284),2/483,0.3410706864240324,0.3567115019257261,0,0,1.6865038115038116,1.814114018971079,GJA1;ERBB4
GO_Biological_Process_2023,Brain Development (GO:0007420),1/169,0.3461106816465725,0.3614479348953128,0,0,2.403061224489796,2.5496399471999527,CTNNA2
GO_Biological_Process_2023,Generation Of Neurons (GO:0048699),1/172,0.3510444250368044,0.3655204838012088,0,0,2.360544217687075,2.4711180018684864,GPM6A
GO_Biological_Process_2023,Cell-Cell Adhesion Via Plasma-Membrane Adhesion Molecules (GO:0098742),1/172,0.3510444250368044,0.3655204838012088,0,0,2.360544217687075,2.4711180018684864,CADM1
GO_Biological_Process_2023,Neuron Differentiation (GO:0030182),1/173,0.3526808847854362,0.366684390504858,0,0,2.346701471286189,2.4457126549922057,ERBB4
GO_Biological_Process_2023,Positive Regulation Of I-kappaB kinase/NF-kappaB Signaling (GO:0043123),1/175,0.3559416811668189,0.3695312314022628,0,0,2.319493314567206,2.396009637948729,GJA1
GO_Biological_Process_2023,Extracellular Matrix Organization (GO:0030198),1/176,0.3575660373570176,0.3706732967909259,0,0,2.306122448979592,2.3716975343886144,COL5A3
GO_Biological_Process_2023,Macromolecule Biosynthetic Process (GO:0009059),1/183,0.3688246532278824,0.3817848167380862,0,0,2.216640502354788,2.2109524751177334,APOE
GO_Biological_Process_2023,Negative Regulation Of Macromolecule Metabolic Process (GO:0010605),1/186,0.3735903703808139,0.3861526196772448,0,0,2.1803640375068944,2.146776288649915,APOE
GO_Biological_Process_2023,Endocytosis (GO:0006897),1/189,0.3783208179838206,0.3904712676124981,0,0,2.1452453321754232,2.085205747179162,APOE
GO_Biological_Process_2023,Positive Regulation Of Intracellular Signal Transduction (GO:1902533),2/525,0.3791874550703379,0.3907952343071849,0,0,1.547721478648821,1.5008635790547311,GJA1;ADGRV1
GO_Biological_Process_2023,Regulation Of Cell Differentiation (GO:0045595),1/193,0.3845736595908477,0.3957693993169277,0,0,2.100127551020408,2.006923755847897,TRPS1
GO_Biological_Process_2023,Regulation Of Programmed Cell Death (GO:0043067),1/195,0.3876769258565263,0.3983831200298897,0,0,2.0782663580896275,1.969329769675335,CLU
GO_Biological_Process_2023,Regulation Of MAPK Cascade (GO:0043408),1/204,0.4014529010595411,0.4119407852671924,0,0,1.9852216748768472,1.8118424588650803,TNIK
GO_Biological_Process_2023,Protein Stabilization (GO:0050821),1/208,0.4074776246816245,0.4175169284781282,0,0,1.9464655427388349,1.7474769232350262,CLU
GO_Biological_Process_2023,Regulation Of GTPase Activity (GO:0043087),1/214,0.416403436812339,0.4260451951176899,0,0,1.8910606496119573,1.656759537391559,PRKG1
GO_Biological_Process_2023,Positive Regulation Of Transcription By RNA Polymerase II (GO:0045944),3/938,0.4181223000126917,0.427185644666146,0,0,1.298099897599272,1.1319188433640648,NFIA;GLIS3;RORA
GO_Biological_Process_2023,Positive Regulation Of Cellular Process (GO:0048522),2/594,0.4397916267241961,0.4485978545584371,0,0,1.3624718468468469,1.1192082752945034,ERBB4;PARD3
GO_Biological_Process_2023,Negative Regulation Of Intracellular Signal Transduction (GO:1902532),1/231,0.4409837467017168,0.4485978545584371,0,0,1.749778172138421,1.4326260836369302,RORA
GO_Biological_Process_2023,Negative Regulation Of Multicellular Organismal Process (GO:0051241),1/231,0.4409837467017168,0.4485978545584371,0,0,1.749778172138421,1.4326260836369302,GJA1
GO_Biological_Process_2023,Regulation Of Autophagy (GO:0010506),1/241,0.4549657351275156,0.4621562855390137,0,0,1.6760204081632653,1.319921665493096,GFAP
GO_Biological_Process_2023,Positive Regulation Of Programmed Cell Death (GO:0043068),1/245,0.4604620545636497,0.4670683968099001,0,0,1.6482101037136163,1.2782278558637723,CLU
GO_Biological_Process_2023,Positive Regulation Of DNA-binding Transcription Factor Activity (GO:0051091),1/246,0.4618276248188864,0.4677824222735712,0,0,1.641399416909621,1.2680853834334544,CLU
GO_Biological_Process_2023,Negative Regulation Of DNA-templated Transcription (GO:0045892),3/1025,0.4760222919123325,0.4814703295880101,0,0,1.1821626348003498,0.8775082045072261,TRPS1;GLIS3;ZBTB20
GO_Biological_Process_2023,Cellular Component Assembly (GO:0022607),1/260,0.4805936590136502,0.4853995956037867,0,0,1.5515719801434087,1.1368882239388218,PARD3
GO_Biological_Process_2023,Plasma Membrane Bounded Cell Projection Assembly (GO:0120031),1/275,0.4999885691555243,0.5042680718872407,0,0,1.4655146730224935,1.0158508681983662,TNIK
GO_Biological_Process_2023,Central Nervous System Development (GO:0007417),1/283,0.5100404581381273,0.5136732249339829,0,0,1.4233608336951802,0.9582993544129657,PTPRZ1
GO_Biological_Process_2023,Regulation Of Intracellular Signal Transduction (GO:1902531),1/297,0.5271568537690461,0.5301563237762669,0,0,1.3550744622173194,0.8675960989751744,TNIK
GO_Biological_Process_2023,Negative Regulation Of Gene Expression (GO:0010629),1/336,0.5718075736459911,0.5742442536473233,0,0,1.1949436491014316,0.6679170434332091,APOE
GO_Biological_Process_2023,Regulation Of Cell Population Proliferation (GO:0042127),2/766,0.5758558874997701,0.5774895212231738,0,0,1.0463568935427574,0.5774821145458692,ERBB4;CLU
GO_Biological_Process_2023,DNA Damage Response (GO:0006974),1/384,0.62111954988037,0.6219993226139117,0,0,1.042628017264347,0.4965325169788531,FMN2
GO_Biological_Process_2023,Vesicle-Mediated Transport (GO:0016192),1/411,0.6463647674701141,0.6463647674701141,0,0,0.9726231956197112,0.4244442803516938,FMN2
