Gene_set,Term,Overlap,P-value,Adjusted P-value,Old P-value,Old Adjusted P-value,Odds Ratio,Combined Score,Genes
GO_Biological_Process_2023,Positive Regulation Of B Cell Activation (GO:0050871),4/52,8.563425546229254e-06,0.0063283714786634,0,0,36.05434782608695,420.6825006129661,CD74;MEF2C;PTPRC;INPP5D
GO_Biological_Process_2023,Positive Regulation Of B Cell Proliferation (GO:0030890),3/29,5.1313052371625945e-05,0.0189601728513157,0,0,48.91325695581015,483.1438947992733,CD74;MEF2C;PTPRC
GO_Biological_Process_2023,Synapse Pruning (GO:0098883),2/8,0.0001698630098259154,0.0334660196644183,0,0,138.5,1202.2517804391236,C1QB;C3
GO_Biological_Process_2023,Regulation Of B Cell Proliferation (GO:0030888),3/44,0.0001811421903351466,0.0334660196644183,0,0,30.994810586403737,267.0583626754283,CD74;MEF2C;PTPRC
GO_Biological_Process_2023,Melanocyte Differentiation (GO:0030318),2/11,0.000332063883264561,0.0367505164084474,0,0,92.31944444444444,739.4956618223716,LRMDA;MEF2C
GO_Biological_Process_2023,Regulation Of Blood Vessel Endothelial Cell Migration (GO:0043535),3/54,0.0003333415993294188,0.0367505164084474,0,0,24.90488110137672,199.39701474295643,MEF2C;TMSB4X;APOE
GO_Biological_Process_2023,Antigen Receptor-Mediated Signaling Pathway (GO:0050851),4/134,0.00034941442912259134,0.0367505164084474,0,0,13.25752508361204,105.5199812371843,MEF2C;FYB1;PTPRC;INPP5D
GO_Biological_Process_2023,Regulation Of Vascular Associated Smooth Muscle Cell Migration (GO:1904752),2/12,0.0003978405023918532,0.0367505164084474,0,0,83.08333333333333,650.4975835514635,DOCK4;MEF2C
GO_Biological_Process_2023,Positive Regulation Of Signal Transduction (GO:0009967),5/266,0.0005208460670340791,0.0404076199454391,0,0,8.381864623243933,63.36736607540989,C3;CD74;PTPRC;BMP2K;SORL1
GO_Biological_Process_2023,Prostanoid Biosynthetic Process (GO:0046457),2/14,0.0005467878206419364,0.0404076199454391,0,0,69.22916666666667,520.0114050756229,CD74;TBXAS1
GO_Biological_Process_2023,Negative Regulation Of Amyloid-Beta Formation (GO:1902430),2/16,0.0007187392304892979,0.0478141924709822,0,0,59.333333333333336,429.45537567816734,APOE;SORL1
GO_Biological_Process_2023,Prostaglandin Biosynthetic Process (GO:0001516),2/17,0.0008132713373134499,0.0478141924709822,0,0,55.375,393.9624337310239,CD74;TBXAS1
GO_Biological_Process_2023,Positive Regulation Of Lymphocyte Proliferation (GO:0050671),3/74,0.000841115699760175,0.0478141924709822,0,0,17.87144141444411,126.5437687687522,CD74;MEF2C;PTPRC
GO_Biological_Process_2023,Negative Regulation Of Amyloid Precursor Protein Catabolic Process (GO:1902992),2/18,0.000913470506242016,0.0482181931509178,0,0,51.911458333333336,363.2898548418271,APOE;SORL1
GO_Biological_Process_2023,Regulation Of Interleukin-8 Production (GO:0032677),3/81,0.0010935526678219,0.0519039515329478,0,0,16.261865793780686,110.87866258284603,CD74;PTPRC;TMSB4X
GO_Biological_Process_2023,Regulation Of Cardiac Muscle Cell Proliferation (GO:0060043),2/20,0.0011307590059983,0.0519039515329478,0,0,46.138888888888886,313.0461870363529,MEF2C;RUNX1
GO_Biological_Process_2023,Positive Regulation Of Cytokine Production (GO:0001819),5/320,0.0011940015914209,0.0519039515329478,0,0,6.925925925925926,46.61456304176695,C3;CD74;PTPRC;SORL1;RUNX1
GO_Biological_Process_2023,Negative Regulation Of Neuron Death (GO:1901215),3/88,0.0013893445250705,0.0570403113348394,0,0,14.917396745932416,98.14040765115747,MEF2C;APOE;SORL1
GO_Biological_Process_2023,Negative Regulation Of Actin Filament Polymerization (GO:0030837),2/23,0.0014985033958486,0.0582838952385359,0,0,39.54166666666666,257.15086234948103,TMSB4X;SSH2
GO_Biological_Process_2023,T Cell Receptor Signaling Pathway (GO:0050852),3/95,0.0017310874850999,0.0594969307462003,0,0,13.777520814061054,87.61133013502065,FYB1;PTPRC;INPP5D
GO_Biological_Process_2023,Positive Regulation Of Interleukin-2 Production (GO:0032743),2/25,0.0017712212130127,0.0594969307462003,0,0,36.09963768115942,228.73040961874747,PTPRC;RUNX1
GO_Biological_Process_2023,Proteoglycan Metabolic Process (GO:0006029),2/25,0.0017712212130127,0.0594969307462003,0,0,36.09963768115942,228.73040961874747,CHST11;HS3ST4
GO_Biological_Process_2023,Regulation Of Lipid Biosynthetic Process (GO:0046890),2/28,0.0022210873543451,0.0681000093989984,0,0,31.92948717948718,195.08145262248803,C3;APOE
GO_Biological_Process_2023,Regulation Of Bone Resorption (GO:0045124),2/28,0.0022210873543451,0.0681000093989984,0,0,31.92948717948718,195.08145262248803,INPP5D;SPP1
GO_Biological_Process_2023,Negative Regulation Of MAPK Cascade (GO:0043409),3/105,0.0023037892218876,0.0681000093989984,0,0,12.42052565707134,75.43233671724062,PTPRC;APOE;SORL1
GO_Biological_Process_2023,Prostaglandin Metabolic Process (GO:0006693),2/30,0.0025478771667966,0.0724185087024118,0,0,29.64583333333333,177.0595839464994,CD74;TBXAS1
GO_Biological_Process_2023,B Cell Proliferation (GO:0042100),2/31,0.0027192556482504,0.073371904552507,0,0,28.62212643678161,169.08226656127547,MEF2C;PTPRC
GO_Biological_Process_2023,Regulation Of MAP Kinase Activity (GO:0043405),3/114,0.00290902931217,0.073371904552507,0,0,11.40828062104658,66.623626679358,MEF2C;APOE;SORL1
GO_Biological_Process_2023,Carboxylic Acid Metabolic Process (GO:0019752),2/33,0.0030778471463162,0.073371904552507,0,0,26.772849462365592,154.84144163978604,ST6GAL1;TBXAS1
GO_Biological_Process_2023,Regulation Of Amyloid-Beta Formation (GO:1902003),2/33,0.0030778471463162,0.073371904552507,0,0,26.772849462365592,154.84144163978604,APOE;SORL1
GO_Biological_Process_2023,Negative Regulation Of Blood Vessel Endothelial Cell Migration (GO:0043537),2/33,0.0030778471463162,0.073371904552507,0,0,26.772849462365592,154.84144163978604,MEF2C;APOE
GO_Biological_Process_2023,Regulation Of Small GTPase Mediated Signal Transduction (GO:0051056),3/118,0.0032065354536986,0.0740509281338543,0,0,11.009250693802036,63.22132915202483,DOCK8;ARHGAP15;ARHGAP26
GO_Biological_Process_2023,Negative Regulation Of Sequestering Of Calcium Ion (GO:0051283),2/36,0.0036549257227984,0.0770483715354752,0,0,24.40686274509804,136.96349152286243,PTPRC;ITPR2
GO_Biological_Process_2023,Negative Regulation Of Endothelial Cell Migration (GO:0010596),2/37,0.0038576315924392,0.0770483715354752,0,0,23.70833333333333,131.76384828572083,MEF2C;APOE
GO_Biological_Process_2023,Negative Regulation Of Endothelial Cell Proliferation (GO:0001937),2/37,0.0038576315924392,0.0770483715354752,0,0,23.70833333333333,131.76384828572083,MEF2C;APOE
GO_Biological_Process_2023,Negative Regulation Of Smooth Muscle Cell Proliferation (GO:0048662),2/37,0.0038576315924392,0.0770483715354752,0,0,23.70833333333333,131.76384828572083,MEF2C;APOE
GO_Biological_Process_2023,Regulation Of Ossification (GO:0030278),2/37,0.0038576315924392,0.0770483715354752,0,0,23.70833333333333,131.76384828572083,MEF2C;BMP2K
GO_Biological_Process_2023,Lymphocyte Proliferation (GO:0046651),2/38,0.0040654672914765,0.0790435684792115,0,0,23.04861111111111,126.88782669928548,MEF2C;PTPRC
GO_Biological_Process_2023,Regulation Of Receptor-Mediated Endocytosis (GO:0048259),2/39,0.0042784069542198,0.0790435684792115,0,0,22.42454954954955,122.3074073504305,C3;BMP2K
GO_Biological_Process_2023,Release Of Sequestered Calcium Ion Into Cytosol (GO:0051209),2/39,0.0042784069542198,0.0790435684792115,0,0,22.42454954954955,122.3074073504305,PTPRC;ITPR2
GO_Biological_Process_2023,Regulation Of Cytokine-Mediated Signaling Pathway (GO:0001959),2/40,0.0044964248068071,0.0791156650531067,0,0,21.83333333333333,117.99765363023796,CD74;PTPRC
GO_Biological_Process_2023,Positive Regulation Of Myeloid Leukocyte Differentiation (GO:0002763),2/40,0.0044964248068071,0.0791156650531067,0,0,21.83333333333333,117.99765363023796,CD74;RUNX1
GO_Biological_Process_2023,Stem Cell Differentiation (GO:0048863),2/41,0.0047194951697385,0.0811094634985304,0,0,21.272435897435894,113.93630347986566,MEF2C;PTPRC
GO_Biological_Process_2023,Positive Regulation Of Biosynthetic Process (GO:0009891),2/44,0.0054187658916089,0.0881627727561966,0,0,19.75,103.05327189846057,APOE;RUNX1
GO_Biological_Process_2023,Positive Regulation Of Cytokine-Mediated Signaling Pathway (GO:0001961),2/44,0.0054187658916089,0.0881627727561966,0,0,19.75,103.05327189846057,CD74;RBM47
GO_Biological_Process_2023,Positive Regulation Of Transferase Activity (GO:0051347),3/143,0.0054878045288024,0.0881627727561966,0,0,9.03191489361702,47.013167330286905,CD74;APOE;SORL1
GO_Biological_Process_2023,B Cell Receptor Signaling Pathway (GO:0050853),2/46,0.0059097422436154,0.0929212663411022,0,0,18.85037878787879,96.72417883948356,MEF2C;PTPRC
GO_Biological_Process_2023,Regulation Of Interleukin-2 Production (GO:0032663),2/47,0.0061625935135597,0.0944588643320989,0,0,18.43055555555556,93.79784429037068,PTPRC;RUNX1
GO_Biological_Process_2023,Neuron Development (GO:0048666),3/150,0.0062631723305451,0.0944588643320989,0,0,8.598784194528875,43.62222089301041,MEF2C;APOE;RUNX1
GO_Biological_Process_2023,Regulation Of Intracellular Signal Transduction (GO:1902531),4/297,0.0064190287113488,0.0948732443537354,0,0,5.83380323490132,29.45188833143806,DOCK8;TMSB4X;ARHGAP15;ARHGAP26
GO_Biological_Process_2023,Negative Regulation Of MAP Kinase Activity (GO:0043407),2/51,0.0072225026271421,0.0979277553661286,0,0,16.922619047619047,83.43788300609687,APOE;SORL1
GO_Biological_Process_2023,Positive Regulation Of MAPK Cascade (GO:0043410),4/310,0.0074471806429307,0.0979277553661286,0,0,5.58226768968457,27.352663732653347,CD74;MEF2C;PTPRC;APOE
GO_Biological_Process_2023,Regulation Of Neuron Death (GO:1901214),2/58,0.0092602829393189,0.0979277553661286,0,0,14.802083333333334,69.30366021141536,MEF2C;SORL1
GO_Biological_Process_2023,Muscle Organ Development (GO:0007517),2/58,0.0092602829393189,0.0979277553661286,0,0,14.802083333333334,69.30366021141536,MEF2A;MEF2C
GO_Biological_Process_2023,Regulation Of Bone Mineralization (GO:0030500),2/58,0.0092602829393189,0.0979277553661286,0,0,14.802083333333334,69.30366021141536,MEF2C;BMP2K
GO_Biological_Process_2023,Negative Regulation Of Protein-Containing Complex Assembly (GO:0031333),2/59,0.0095700107879558,0.0979277553661286,0,0,14.541666666666666,67.6059670933825,LDLRAD4;SORL1
GO_Biological_Process_2023,Phospholipid Transport (GO:0015914),2/59,0.0095700107879558,0.0979277553661286,0,0,14.541666666666666,67.6059670933825,ATP8B4;APOE
GO_Biological_Process_2023,Positive Regulation Of Phagocytosis (GO:0050766),2/60,0.0098843204040546,0.0979277553661286,0,0,14.290229885057473,65.97521300057967,C3;PTPRC
GO_Biological_Process_2023,Positive Regulation Of ERK1 And ERK2 Cascade (GO:0070374),3/179,0.0101526469873867,0.0979277553661286,0,0,7.17142166344294,32.91697474820872,CD74;PTPRC;APOE
GO_Biological_Process_2023,Negative Regulation Of Macromolecule Metabolic Process (GO:0010605),3/186,0.0112603660625242,0.0979277553661286,0,0,6.894663411231252,30.93267398810932,MEF2C;SFMBT2;APOE
GO_Biological_Process_2023,Regulation Of Endocytosis (GO:0030100),2/66,0.0118650634107129,0.0979277553661286,0,0,12.946614583333334,57.4073222604629,PTPRC;APOE
GO_Biological_Process_2023,Positive Regulation Of Nucleic Acid-Templated Transcription (GO:1903508),5/557,0.0124342125226096,0.0979277553661286,0,0,3.904589371980676,17.130618739679242,CD74;MEF2C;SPP1;APOE;RUNX1
GO_Biological_Process_2023,Positive Regulation Of Granulocyte Differentiation (GO:0030854),1/5,0.0124387771927725,0.0979277553661286,0,0,101.76530612244898,446.4379351400606,RUNX1
GO_Biological_Process_2023,Regulation Of Establishment Of T Cell Polarity (GO:1903903),1/5,0.0124387771927725,0.0979277553661286,0,0,101.76530612244898,446.4379351400606,DOCK8
GO_Biological_Process_2023,L-aspartate Import Across Plasma Membrane (GO:0140009),1/5,0.0124387771927725,0.0979277553661286,0,0,101.76530612244898,446.4379351400606,SLC1A3
GO_Biological_Process_2023,L-aspartate Transmembrane Transport (GO:0070778),1/5,0.0124387771927725,0.0979277553661286,0,0,101.76530612244898,446.4379351400606,SLC1A3
GO_Biological_Process_2023,Ventricular Cardiac Muscle Cell Development (GO:0055015),1/5,0.0124387771927725,0.0979277553661286,0,0,101.76530612244898,446.4379351400606,MEF2A
GO_Biological_Process_2023,Humoral Immune Response Mediated By Circulating Immunoglobulin (GO:0002455),1/5,0.0124387771927725,0.0979277553661286,0,0,101.76530612244898,446.4379351400606,C1QB
GO_Biological_Process_2023,Regulation Of Macrophage Apoptotic Process (GO:2000109),1/5,0.0124387771927725,0.0979277553661286,0,0,101.76530612244898,446.4379351400606,MEF2C
GO_Biological_Process_2023,Nephron Tubule Development (GO:0072080),1/5,0.0124387771927725,0.0979277553661286,0,0,101.76530612244898,446.4379351400606,MEF2C
GO_Biological_Process_2023,Positive Regulation Of Transcription Of Notch Receptor Target (GO:0007221),1/5,0.0124387771927725,0.0979277553661286,0,0,101.76530612244898,446.4379351400606,MAML3
GO_Biological_Process_2023,Lipoprotein Metabolic Process (GO:0042157),1/5,0.0124387771927725,0.0979277553661286,0,0,101.76530612244898,446.4379351400606,APOE
GO_Biological_Process_2023,Cell Junction Disassembly (GO:0150146),1/5,0.0124387771927725,0.0979277553661286,0,0,101.76530612244898,446.4379351400606,C1QB
GO_Biological_Process_2023,Peripheral Nervous System Neuron Development (GO:0048935),1/5,0.0124387771927725,0.0979277553661286,0,0,101.76530612244898,446.4379351400606,RUNX1
GO_Biological_Process_2023,Regulation Of Type 2 Immune Response (GO:0002828),1/5,0.0124387771927725,0.0979277553661286,0,0,101.76530612244898,446.4379351400606,CD74
GO_Biological_Process_2023,Positive Regulation Of Cardiac Muscle Cell Differentiation (GO:2000727),1/5,0.0124387771927725,0.0979277553661286,0,0,101.76530612244898,446.4379351400606,MEF2C
GO_Biological_Process_2023,Response To Testosterone (GO:0033574),1/5,0.0124387771927725,0.0979277553661286,0,0,101.76530612244898,446.4379351400606,SPP1
GO_Biological_Process_2023,Cellular Response To Calcium Ion (GO:0071277),2/69,0.0129153730394233,0.0979277553661286,0,0,12.36504975124378,53.77976800231812,MEF2A;MEF2C
GO_Biological_Process_2023,Negative Regulation Of Supramolecular Fiber Organization (GO:1902904),2/71,0.0136373517747766,0.0979277553661286,0,0,12.005434782608695,51.56265564232933,APOE;SSH2
GO_Biological_Process_2023,Regulation Of Rho Protein Signal Transduction (GO:0035023),2/73,0.0143765335552059,0.0979277553661286,0,0,11.666079812206572,49.48935398933624,LPAR6;APOE
GO_Biological_Process_2023,Negative Regulation Of Neuron Apoptotic Process (GO:0043524),2/74,0.0147525184670075,0.0979277553661286,0,0,11.50347222222222,48.50256694786101,MEF2C;APOE
GO_Biological_Process_2023,Epithelial Cell Differentiation Involved In Kidney Development (GO:0035850),1/6,0.0149082847993736,0.0979277553661286,0,0,81.40816326530613,342.3895623444841,MEF2C
GO_Biological_Process_2023,Sterol Catabolic Process (GO:0016127),1/6,0.0149082847993736,0.0979277553661286,0,0,81.40816326530613,342.3895623444841,APOE
GO_Biological_Process_2023,Negative Regulation Of Ruffle Assembly (GO:1900028),1/6,0.0149082847993736,0.0979277553661286,0,0,81.40816326530613,342.3895623444841,ARHGAP24
GO_Biological_Process_2023,Positive Regulation Of Receptor Catabolic Process (GO:2000646),1/6,0.0149082847993736,0.0979277553661286,0,0,81.40816326530613,342.3895623444841,APOE
GO_Biological_Process_2023,Positive Regulation Of Steroid Metabolic Process (GO:0045940),1/6,0.0149082847993736,0.0979277553661286,0,0,81.40816326530613,342.3895623444841,APOE
GO_Biological_Process_2023,Positive Regulation Of Unsaturated Fatty Acid Biosynthetic Process (GO:2001280),1/6,0.0149082847993736,0.0979277553661286,0,0,81.40816326530613,342.3895623444841,CD74
GO_Biological_Process_2023,Regulation Of Prostaglandin Biosynthetic Process (GO:0031392),1/6,0.0149082847993736,0.0979277553661286,0,0,81.40816326530613,342.3895623444841,CD74
GO_Biological_Process_2023,Polyamine Biosynthetic Process (GO:0006596),1/6,0.0149082847993736,0.0979277553661286,0,0,81.40816326530613,342.3895623444841,SAT1
GO_Biological_Process_2023,Cholesterol Catabolic Process (GO:0006707),1/6,0.0149082847993736,0.0979277553661286,0,0,81.40816326530613,342.3895623444841,APOE
GO_Biological_Process_2023,Positive Regulation Of Amyloid-Beta Clearance (GO:1900223),1/6,0.0149082847993736,0.0979277553661286,0,0,81.40816326530613,342.3895623444841,APOE
GO_Biological_Process_2023,Regulation Of Antigen Receptor-Mediated Signaling Pathway (GO:0050854),1/6,0.0149082847993736,0.0979277553661286,0,0,81.40816326530613,342.3895623444841,PTPRC
GO_Biological_Process_2023,Cell Morphogenesis Involved In Neuron Differentiation (GO:0048667),2/77,0.0159057771109684,0.0979277553661286,0,0,11.041666666666666,45.72434655376785,MEF2A;MEF2C
GO_Biological_Process_2023,Positive Regulation Of Endocytosis (GO:0045807),2/79,0.0166954776383478,0.0979277553661286,0,0,10.75378787878788,44.01113934918422,C3;APOE
GO_Biological_Process_2023,Positive Regulation Of Immune Response (GO:0050778),2/80,0.0170965192165363,0.0979277553661286,0,0,10.615384615384617,43.19273030214829,CD74;PTPRC
GO_Biological_Process_2023,Negative Regulation Of Protein Serine/Threonine Kinase Activity (GO:0071901),2/80,0.0170965192165363,0.0979277553661286,0,0,10.615384615384617,43.19273030214829,APOE;SORL1
GO_Biological_Process_2023,Spermidine Metabolic Process (GO:0008216),1/7,0.0173717414502839,0.0979277553661286,0,0,67.83673469387755,274.9362107684438,SAT1
GO_Biological_Process_2023,Regulation Of Extent Of Cell Growth (GO:0061387),1/7,0.0173717414502839,0.0979277553661286,0,0,67.83673469387755,274.9362107684438,APOE
GO_Biological_Process_2023,Negative Regulation Of Microglial Cell Activation (GO:1903979),1/7,0.0173717414502839,0.0979277553661286,0,0,67.83673469387755,274.9362107684438,PTPRC
GO_Biological_Process_2023,Positive Regulation Of Myeloid Cell Apoptotic Process (GO:0033034),1/7,0.0173717414502839,0.0979277553661286,0,0,67.83673469387755,274.9362107684438,MEF2C
GO_Biological_Process_2023,Very-Low-Density Lipoprotein Particle Remodeling (GO:0034372),1/7,0.0173717414502839,0.0979277553661286,0,0,67.83673469387755,274.9362107684438,APOE
GO_Biological_Process_2023,Positive Regulation Of Vascular Associated Smooth Muscle Cell Migration (GO:1904754),1/7,0.0173717414502839,0.0979277553661286,0,0,67.83673469387755,274.9362107684438,DOCK4
GO_Biological_Process_2023,Regulation Of Protein Localization To Cell Cortex (GO:1904776),1/7,0.0173717414502839,0.0979277553661286,0,0,67.83673469387755,274.9362107684438,EPB41L2
GO_Biological_Process_2023,Positive Regulation Of CoA-transferase Activity (GO:1905920),1/7,0.0173717414502839,0.0979277553661286,0,0,67.83673469387755,274.9362107684438,APOE
GO_Biological_Process_2023,"Regulation Of CD8-positive, Alpha-Beta T Cell Differentiation (GO:0043376)",1/7,0.0173717414502839,0.0979277553661286,0,0,67.83673469387755,274.9362107684438,RUNX1
GO_Biological_Process_2023,Regulation Of Cdc42 Protein Signal Transduction (GO:0032489),1/7,0.0173717414502839,0.0979277553661286,0,0,67.83673469387755,274.9362107684438,APOE
GO_Biological_Process_2023,Regulation Of CoA-transferase Activity (GO:1905918),1/7,0.0173717414502839,0.0979277553661286,0,0,67.83673469387755,274.9362107684438,APOE
GO_Biological_Process_2023,Positive Regulation Of Adipose Tissue Development (GO:1904179),1/7,0.0173717414502839,0.0979277553661286,0,0,67.83673469387755,274.9362107684438,SORL1
GO_Biological_Process_2023,Natural Killer Cell Differentiation (GO:0001779),1/7,0.0173717414502839,0.0979277553661286,0,0,67.83673469387755,274.9362107684438,PTPRC
GO_Biological_Process_2023,Positive Regulation Of Apoptotic Cell Clearance (GO:2000427),1/7,0.0173717414502839,0.0979277553661286,0,0,67.83673469387755,274.9362107684438,C3
GO_Biological_Process_2023,Cytoplasmic Sequestering Of NF-kappaB (GO:0007253),1/7,0.0173717414502839,0.0979277553661286,0,0,67.83673469387755,274.9362107684438,TMSB4X
GO_Biological_Process_2023,Negative Regulation Of T Cell Mediated Cytotoxicity (GO:0001915),1/7,0.0173717414502839,0.0979277553661286,0,0,67.83673469387755,274.9362107684438,PTPRC
GO_Biological_Process_2023,Regulation Of Apoptotic Cell Clearance (GO:2000425),1/7,0.0173717414502839,0.0979277553661286,0,0,67.83673469387755,274.9362107684438,C3
GO_Biological_Process_2023,Positive Regulation Of Endocytic Recycling (GO:2001137),1/7,0.0173717414502839,0.0979277553661286,0,0,67.83673469387755,274.9362107684438,SORL1
GO_Biological_Process_2023,Sialylation (GO:0097503),1/7,0.0173717414502839,0.0979277553661286,0,0,67.83673469387755,274.9362107684438,ST6GAL1
GO_Biological_Process_2023,Vascular Transport (GO:0010232),2/83,0.0183241429417302,0.0979277553661286,0,0,10.22067901234568,40.87797163262064,SLCO2B1;SLC1A3
GO_Biological_Process_2023,Calcium Ion Transmembrane Import Into Cytosol (GO:0097553),2/83,0.0183241429417302,0.0979277553661286,0,0,10.22067901234568,40.87797163262064,PTPRC;ITPR2
GO_Biological_Process_2023,Transport Across Blood-Brain Barrier (GO:0150104),2/85,0.0191627543313976,0.0979277553661286,0,0,9.973393574297187,39.44264488506008,SLCO2B1;SLC1A3
GO_Biological_Process_2023,Positive Regulation Of Ligase Activity (GO:0051351),1/8,0.0198291614511851,0.0979277553661286,0,0,58.142857142857146,227.9549801512961,TMSB4X
GO_Biological_Process_2023,Negative Regulation Of Long-Term Synaptic Potentiation (GO:1900272),1/8,0.0198291614511851,0.0979277553661286,0,0,58.142857142857146,227.9549801512961,APOE
GO_Biological_Process_2023,Positive Regulation Of Membrane Invagination (GO:1905155),1/8,0.0198291614511851,0.0979277553661286,0,0,58.142857142857146,227.9549801512961,C3
GO_Biological_Process_2023,Triglyceride-Rich Lipoprotein Particle Remodeling (GO:0034370),1/8,0.0198291614511851,0.0979277553661286,0,0,58.142857142857146,227.9549801512961,APOE
GO_Biological_Process_2023,Positive Regulation Of Protein Localization To Early Endosome (GO:1902966),1/8,0.0198291614511851,0.0979277553661286,0,0,58.142857142857146,227.9549801512961,SORL1
GO_Biological_Process_2023,Positive Regulation Of Protein Localization To Endosome (GO:1905668),1/8,0.0198291614511851,0.0979277553661286,0,0,58.142857142857146,227.9549801512961,SORL1
GO_Biological_Process_2023,Alcohol Catabolic Process (GO:0046164),1/8,0.0198291614511851,0.0979277553661286,0,0,58.142857142857146,227.9549801512961,APOE
GO_Biological_Process_2023,Negative Regulation Of Triglyceride Metabolic Process (GO:0090209),1/8,0.0198291614511851,0.0979277553661286,0,0,58.142857142857146,227.9549801512961,SORL1
GO_Biological_Process_2023,Regulation Of Protein Localization To Early Endosome (GO:1902965),1/8,0.0198291614511851,0.0979277553661286,0,0,58.142857142857146,227.9549801512961,SORL1
GO_Biological_Process_2023,Regulation Of Skeletal Muscle Cell Differentiation (GO:2001014),1/8,0.0198291614511851,0.0979277553661286,0,0,58.142857142857146,227.9549801512961,MEF2C
GO_Biological_Process_2023,Positive Regulation Of ATP Biosynthetic Process (GO:2001171),1/8,0.0198291614511851,0.0979277553661286,0,0,58.142857142857146,227.9549801512961,TMSB4X
GO_Biological_Process_2023,"Positive Regulation Of CD8-positive, Alpha-Beta T Cell Activation (GO:2001187)",1/8,0.0198291614511851,0.0979277553661286,0,0,58.142857142857146,227.9549801512961,RUNX1
GO_Biological_Process_2023,Cyclooxygenase Pathway (GO:0019371),1/8,0.0198291614511851,0.0979277553661286,0,0,58.142857142857146,227.9549801512961,TBXAS1
GO_Biological_Process_2023,Negative Regulation Of Alpha-Beta T Cell Differentiation (GO:0046639),1/8,0.0198291614511851,0.0979277553661286,0,0,58.142857142857146,227.9549801512961,RUNX1
GO_Biological_Process_2023,Response To Vitamin (GO:0033273),1/8,0.0198291614511851,0.0979277553661286,0,0,58.142857142857146,227.9549801512961,SPP1
GO_Biological_Process_2023,Response To Vitamin D (GO:0033280),1/8,0.0198291614511851,0.0979277553661286,0,0,58.142857142857146,227.9549801512961,SPP1
GO_Biological_Process_2023,Regulation Of Aspartic-Type Endopeptidase Activity Involved In Amyloid Precursor Protein Catabolic Process (GO:1902959),1/8,0.0198291614511851,0.0979277553661286,0,0,58.142857142857146,227.9549801512961,SORL1
GO_Biological_Process_2023,Sequestering Of Actin Monomers (GO:0042989),1/8,0.0198291614511851,0.0979277553661286,0,0,58.142857142857146,227.9549801512961,TMSB4X
GO_Biological_Process_2023,Endochondral Ossification (GO:0001958),1/8,0.0198291614511851,0.0979277553661286,0,0,58.142857142857146,227.9549801512961,MEF2C
GO_Biological_Process_2023,Negative Regulation Of Protein Kinase Activity (GO:0006469),2/88,0.0204505278871254,0.0979277553661286,0,0,9.624031007751938,37.43504172973695,PTPRC;SORL1
GO_Biological_Process_2023,Regulation Of Peptidyl-Tyrosine Phosphorylation (GO:0050730),2/90,0.0213286953840061,0.0979277553661286,0,0,9.40435606060606,36.18515879365064,CD74;PTPRC
GO_Biological_Process_2023,B Cell Activation (GO:0042113),2/92,0.0222223839756269,0.0979277553661286,0,0,9.194444444444445,35.00007985571613,MEF2C;PTPRC
GO_Biological_Process_2023,Positive Regulation Of Protein Catabolic Process (GO:0045732),2/92,0.0222223839756269,0.0979277553661286,0,0,9.194444444444445,35.00007985571613,APOE;SORL1
GO_Biological_Process_2023,B Cell Homeostasis (GO:0001782),1/9,0.0222805591236868,0.0979277553661286,0,0,50.87244897959184,193.52086993316271,MEF2C
GO_Biological_Process_2023,Positive Regulation Of Leukocyte Apoptotic Process (GO:2000108),1/9,0.0222805591236868,0.0979277553661286,0,0,50.87244897959184,193.52086993316271,MEF2C
GO_Biological_Process_2023,Positive Regulation Of Monocyte Differentiation (GO:0045657),1/9,0.0222805591236868,0.0979277553661286,0,0,50.87244897959184,193.52086993316271,CD74
GO_Biological_Process_2023,Regulation Of Granulocyte Differentiation (GO:0030852),1/9,0.0222805591236868,0.0979277553661286,0,0,50.87244897959184,193.52086993316271,RUNX1
GO_Biological_Process_2023,"Positive Regulation Of Phagocytosis, Engulfment (GO:0060100)",1/9,0.0222805591236868,0.0979277553661286,0,0,50.87244897959184,193.52086993316271,C3
GO_Biological_Process_2023,High-Density Lipoprotein Particle Assembly (GO:0034380),1/9,0.0222805591236868,0.0979277553661286,0,0,50.87244897959184,193.52086993316271,APOE
GO_Biological_Process_2023,"Wound Healing, Spreading Of Epidermal Cells (GO:0035313)",1/9,0.0222805591236868,0.0979277553661286,0,0,50.87244897959184,193.52086993316271,ARHGAP24
GO_Biological_Process_2023,Amino Sugar Metabolic Process (GO:0006040),1/9,0.0222805591236868,0.0979277553661286,0,0,50.87244897959184,193.52086993316271,ST6GAL1
GO_Biological_Process_2023,Positive Regulation Of Skeletal Muscle Tissue Development (GO:0048643),1/9,0.0222805591236868,0.0979277553661286,0,0,50.87244897959184,193.52086993316271,MEF2C
GO_Biological_Process_2023,Aspartate Transmembrane Transport (GO:0015810),1/9,0.0222805591236868,0.0979277553661286,0,0,50.87244897959184,193.52086993316271,SLC1A3
GO_Biological_Process_2023,Neuron Remodeling (GO:0016322),1/9,0.0222805591236868,0.0979277553661286,0,0,50.87244897959184,193.52086993316271,C3
GO_Biological_Process_2023,Regulation Of Tau-Protein Kinase Activity (GO:1902947),1/9,0.0222805591236868,0.0979277553661286,0,0,50.87244897959184,193.52086993316271,SORL1
GO_Biological_Process_2023,Positive Regulation Of ATP Metabolic Process (GO:1903580),1/9,0.0222805591236868,0.0979277553661286,0,0,50.87244897959184,193.52086993316271,TMSB4X
GO_Biological_Process_2023,Muscle Cell Fate Commitment (GO:0042693),1/9,0.0222805591236868,0.0979277553661286,0,0,50.87244897959184,193.52086993316271,MEF2C
GO_Biological_Process_2023,Regulation Of ER To Golgi Vesicle-Mediated Transport (GO:0060628),1/9,0.0222805591236868,0.0979277553661286,0,0,50.87244897959184,193.52086993316271,SORL1
GO_Biological_Process_2023,Regulation Of RNA Polymerase II Regulatory Region Sequence-Specific DNA Binding (GO:1903025),1/9,0.0222805591236868,0.0979277553661286,0,0,50.87244897959184,193.52086993316271,TMSB4X
GO_Biological_Process_2023,Positive Regulation Of Cardiocyte Differentiation (GO:1905209),1/9,0.0222805591236868,0.0979277553661286,0,0,50.87244897959184,193.52086993316271,MEF2C
GO_Biological_Process_2023,Negative Regulation Of Bone Resorption (GO:0045779),1/9,0.0222805591236868,0.0979277553661286,0,0,50.87244897959184,193.52086993316271,INPP5D
GO_Biological_Process_2023,Regulation Of Cardiac Muscle Cell Differentiation (GO:2000725),1/9,0.0222805591236868,0.0979277553661286,0,0,50.87244897959184,193.52086993316271,MEF2C
GO_Biological_Process_2023,Negative Regulation Of Amide Metabolic Process (GO:0034249),2/93,0.0226749954090764,0.0979277553661286,0,0,9.092948717948715,34.43038199107018,APOE;SORL1
GO_Biological_Process_2023,Regulation Of Cell Migration (GO:0030334),4/434,0.0229782187374676,0.0979277553661286,0,0,3.9474216380182,14.894444969100377,CD74;TMSB4X;LDLRAD4;SORL1
GO_Biological_Process_2023,Regulation Of ERK1 And ERK2 Cascade (GO:0070372),3/244,0.0230791564766127,0.0979277553661286,0,0,5.220005297077779,19.67328847772697,CD74;PTPRC;APOE
GO_Biological_Process_2023,Regulation Of Defense Response (GO:0031347),2/97,0.024523395696302,0.0979277553661286,0,0,8.708333333333334,32.29161197321332,TMSB4X;APOE
GO_Biological_Process_2023,Negative Regulation Of Hemostasis (GO:1900047),1/10,0.024725948817258,0.0979277553661286,0,0,45.21768707482993,167.3010120823387,APOE
GO_Biological_Process_2023,Negative Regulation Of Inclusion Body Assembly (GO:0090084),1/10,0.024725948817258,0.0979277553661286,0,0,45.21768707482993,167.3010120823387,SORL1
GO_Biological_Process_2023,Fatty Acid Homeostasis (GO:0055089),1/10,0.024725948817258,0.0979277553661286,0,0,45.21768707482993,167.3010120823387,APOE
GO_Biological_Process_2023,Positive Regulation Of Lipid Localization (GO:1905954),1/10,0.024725948817258,0.0979277553661286,0,0,45.21768707482993,167.3010120823387,C3
GO_Biological_Process_2023,N-acetylneuraminate Metabolic Process (GO:0006054),1/10,0.024725948817258,0.0979277553661286,0,0,45.21768707482993,167.3010120823387,ST6GAL1
GO_Biological_Process_2023,Negative Regulation Of Pathway-Restricted SMAD Protein Phosphorylation (GO:0060394),1/10,0.024725948817258,0.0979277553661286,0,0,45.21768707482993,167.3010120823387,LDLRAD4
GO_Biological_Process_2023,Hematopoietic Stem Cell Proliferation (GO:0071425),1/10,0.024725948817258,0.0979277553661286,0,0,45.21768707482993,167.3010120823387,RUNX1
GO_Biological_Process_2023,Heme Catabolic Process (GO:0042167),1/10,0.024725948817258,0.0979277553661286,0,0,45.21768707482993,167.3010120823387,SLCO2B1
GO_Biological_Process_2023,Acidic Amino Acid Transport (GO:0015800),1/10,0.024725948817258,0.0979277553661286,0,0,45.21768707482993,167.3010120823387,SLC1A3
GO_Biological_Process_2023,Positive Regulation Of Phospholipid Transport (GO:2001140),1/10,0.024725948817258,0.0979277553661286,0,0,45.21768707482993,167.3010120823387,APOE
GO_Biological_Process_2023,Negative Regulation Of Response To Cytokine Stimulus (GO:0060761),1/10,0.024725948817258,0.0979277553661286,0,0,45.21768707482993,167.3010120823387,PTPRC
GO_Biological_Process_2023,"Regulation Of Phagocytosis, Engulfment (GO:0060099)",1/10,0.024725948817258,0.0979277553661286,0,0,45.21768707482993,167.3010120823387,C3
GO_Biological_Process_2023,Lipoprotein Catabolic Process (GO:0042159),1/10,0.024725948817258,0.0979277553661286,0,0,45.21768707482993,167.3010120823387,APOE
GO_Biological_Process_2023,Positive Regulation Of B Cell Differentiation (GO:0045579),1/10,0.024725948817258,0.0979277553661286,0,0,45.21768707482993,167.3010120823387,INPP5D
GO_Biological_Process_2023,Regulation Of Triglyceride Catabolic Process (GO:0010896),1/10,0.024725948817258,0.0979277553661286,0,0,45.21768707482993,167.3010120823387,SORL1
GO_Biological_Process_2023,Positive Regulation Of Bone Resorption (GO:0045780),1/10,0.024725948817258,0.0979277553661286,0,0,45.21768707482993,167.3010120823387,SPP1
GO_Biological_Process_2023,Positive Regulation Of Cholesterol Metabolic Process (GO:0090205),1/10,0.024725948817258,0.0979277553661286,0,0,45.21768707482993,167.3010120823387,APOE
GO_Biological_Process_2023,MAPK Cascade (GO:0000165),2/98,0.0249948795228368,0.0979277553661286,0,0,8.6171875,31.78953106624349,MEF2A;MEF2C
GO_Biological_Process_2023,Hemopoiesis (GO:0030097),2/101,0.0264315192050235,0.0979277553661286,0,0,8.35479797979798,30.35463590957481,PTPRC;RUNX1
GO_Biological_Process_2023,Regulation Of Protein Secretion (GO:0050708),2/102,0.0269177264019109,0.0979277553661286,0,0,8.270833333333334,29.898816321570965,FRMD4A;APOE
GO_Biological_Process_2023,Regulation Of Endocytic Recycling (GO:2001135),1/11,0.0271653448579923,0.0979277553661286,0,0,40.69387755102041,146.73452100035948,SORL1
GO_Biological_Process_2023,Positive Regulation Of Lipid Transport (GO:0032370),1/11,0.0271653448579923,0.0979277553661286,0,0,40.69387755102041,146.73452100035948,APOE
GO_Biological_Process_2023,Negative Regulation Of Nitrogen Compound Metabolic Process (GO:0051172),1/11,0.0271653448579923,0.0979277553661286,0,0,40.69387755102041,146.73452100035948,APOE
GO_Biological_Process_2023,Positive Regulation Of Protein Exit From Endoplasmic Reticulum (GO:0070863),1/11,0.0271653448579923,0.0979277553661286,0,0,40.69387755102041,146.73452100035948,SORL1
GO_Biological_Process_2023,Neurotransmitter Uptake (GO:0001504),1/11,0.0271653448579923,0.0979277553661286,0,0,40.69387755102041,146.73452100035948,SLC1A3
GO_Biological_Process_2023,Biogenic Amine Biosynthetic Process (GO:0042401),1/11,0.0271653448579923,0.0979277553661286,0,0,40.69387755102041,146.73452100035948,SAT1
GO_Biological_Process_2023,Regulation Of Protein Exit From Endoplasmic Reticulum (GO:0070861),1/11,0.0271653448579923,0.0979277553661286,0,0,40.69387755102041,146.73452100035948,SORL1
GO_Biological_Process_2023,Phospholipid Efflux (GO:0033700),1/11,0.0271653448579923,0.0979277553661286,0,0,40.69387755102041,146.73452100035948,APOE
GO_Biological_Process_2023,Cellular Response To Fluid Shear Stress (GO:0071498),1/11,0.0271653448579923,0.0979277553661286,0,0,40.69387755102041,146.73452100035948,MEF2C
GO_Biological_Process_2023,Mitochondrial Genome Maintenance (GO:0000002),1/11,0.0271653448579923,0.0979277553661286,0,0,40.69387755102041,146.73452100035948,MEF2A
GO_Biological_Process_2023,Mitochondrion Distribution (GO:0048311),1/11,0.0271653448579923,0.0979277553661286,0,0,40.69387755102041,146.73452100035948,MEF2A
GO_Biological_Process_2023,Polyamine Metabolic Process (GO:0006595),1/11,0.0271653448579923,0.0979277553661286,0,0,40.69387755102041,146.73452100035948,SAT1
GO_Biological_Process_2023,"Regulation Of CD4-positive, Alpha-Beta T Cell Differentiation (GO:0043370)",1/11,0.0271653448579923,0.0979277553661286,0,0,40.69387755102041,146.73452100035948,RUNX1
GO_Biological_Process_2023,"Negative Regulation Of CD4-positive, Alpha-Beta T Cell Activation (GO:2000515)",1/11,0.0271653448579923,0.0979277553661286,0,0,40.69387755102041,146.73452100035948,RUNX1
GO_Biological_Process_2023,Positive Regulation Of Behavior (GO:0048520),1/11,0.0271653448579923,0.0979277553661286,0,0,40.69387755102041,146.73452100035948,MEF2C
GO_Biological_Process_2023,Cytidine To Uridine Editing (GO:0016554),1/11,0.0271653448579923,0.0979277553661286,0,0,40.69387755102041,146.73452100035948,RBM47
GO_Biological_Process_2023,Regulation Of Adipose Tissue Development (GO:1904177),1/11,0.0271653448579923,0.0979277553661286,0,0,40.69387755102041,146.73452100035948,SORL1
GO_Biological_Process_2023,Regulation Of Amyloid Precursor Protein Catabolic Process (GO:1902991),1/11,0.0271653448579923,0.0979277553661286,0,0,40.69387755102041,146.73452100035948,APOE
GO_Biological_Process_2023,Negative Regulation Of Bone Remodeling (GO:0046851),1/11,0.0271653448579923,0.0979277553661286,0,0,40.69387755102041,146.73452100035948,INPP5D
GO_Biological_Process_2023,Positive Regulation Of Cytoplasmic Transport (GO:1903651),1/11,0.0271653448579923,0.0979277553661286,0,0,40.69387755102041,146.73452100035948,SORL1
GO_Biological_Process_2023,Smooth Muscle Cell Differentiation (GO:0051145),1/11,0.0271653448579923,0.0979277553661286,0,0,40.69387755102041,146.73452100035948,MEF2C
GO_Biological_Process_2023,Positive Regulation Of Kinase Activity (GO:0033674),2/104,0.0279010087799889,0.0998623273874931,0,0,8.107843137254902,29.01872002714532,CD74;PTPRC
GO_Biological_Process_2023,Regulation Of Neuron Apoptotic Process (GO:0043523),2/105,0.0283980432384044,0.0998623273874931,0,0,8.028721682847896,28.593770697553435,MEF2C;APOE
GO_Biological_Process_2023,Response To Calcium Ion (GO:0051592),2/106,0.0288986461861609,0.0998623273874931,0,0,7.951121794871795,28.178461808105727,MEF2A;MEF2C
GO_Biological_Process_2023,Monoatomic Ion Transport (GO:0006811),2/107,0.0294027974439489,0.0998623273874931,0,0,7.875,27.772490481823706,SLC9A9;SLC1A3
GO_Biological_Process_2023,Positive Regulation Of T Cell Activation (GO:0050870),2/107,0.0294027974439489,0.0998623273874931,0,0,7.875,27.772490481823706,PTPRC;DOCK8
GO_Biological_Process_2023,Steroid Catabolic Process (GO:0006706),1/12,0.029598761568907,0.0998623273874931,0,0,36.99257884972171,130.2147194065139,SPP1
GO_Biological_Process_2023,Positive Regulation Of Insulin Receptor Signaling Pathway (GO:0046628),1/12,0.029598761568907,0.0998623273874931,0,0,36.99257884972171,130.2147194065139,SORL1
GO_Biological_Process_2023,Negative Regulation Of Intrinsic Apoptotic Signaling Pathway In Response To DNA Damage By P53 Class Mediator (GO:1902166),1/12,0.029598761568907,0.0998623273874931,0,0,36.99257884972171,130.2147194065139,CD74
GO_Biological_Process_2023,Positive Regulation Of Purine Nucleotide Biosynthetic Process (GO:1900373),1/12,0.029598761568907,0.0998623273874931,0,0,36.99257884972171,130.2147194065139,TMSB4X
GO_Biological_Process_2023,Positive Regulation Of Viral Entry Into Host Cell (GO:0046598),1/12,0.029598761568907,0.0998623273874931,0,0,36.99257884972171,130.2147194065139,CD74
GO_Biological_Process_2023,Porphyrin-Containing Compound Catabolic Process (GO:0006787),1/12,0.029598761568907,0.0998623273874931,0,0,36.99257884972171,130.2147194065139,SLCO2B1
GO_Biological_Process_2023,Positive Regulation By Symbiont Of Entry Into Host (GO:0075294),1/12,0.029598761568907,0.0998623273874931,0,0,36.99257884972171,130.2147194065139,CD74
GO_Biological_Process_2023,Endochondral Bone Morphogenesis (GO:0060350),1/12,0.029598761568907,0.0998623273874931,0,0,36.99257884972171,130.2147194065139,MEF2C
GO_Biological_Process_2023,Negative Regulation Of Coagulation (GO:0050819),1/12,0.029598761568907,0.0998623273874931,0,0,36.99257884972171,130.2147194065139,APOE
GO_Biological_Process_2023,Lipid Transport (GO:0006869),2/108,0.029910476921657,0.0998623273874931,0,0,7.800314465408805,27.37556602865933,SLCO2B1;APOE
GO_Biological_Process_2023,Cellular Response To Salt (GO:1902075),2/109,0.0304216645881743,0.0998623273874931,0,0,7.72702492211838,26.98740935600948,MEF2A;MEF2C
GO_Biological_Process_2023,T Cell Activation (GO:0042110),2/111,0.0314544847807964,0.0998623273874931,0,0,7.584480122324159,26.23633758944092,CD74;PTPRC
GO_Biological_Process_2023,Negative Regulation Of Transmembrane Receptor Protein Serine/Threonine Kinase Signaling Pathway (GO:0090101),2/111,0.0314544847807964,0.0998623273874931,0,0,7.584480122324159,26.23633758944092,LDLRAD4;SORL1
GO_Biological_Process_2023,Substrate-Dependent Cell Migration (GO:0006929),1/13,0.032026213248763,0.0998623273874931,0,0,33.90816326530612,116.6847899929619,PTPRC
GO_Biological_Process_2023,Negative Regulation Of Neuroinflammatory Response (GO:0150079),1/13,0.032026213248763,0.0998623273874931,0,0,33.90816326530612,116.6847899929619,PTPRC
GO_Biological_Process_2023,T Cell Differentiation In Thymus (GO:0033077),1/13,0.032026213248763,0.0998623273874931,0,0,33.90816326530612,116.6847899929619,PTPRC
GO_Biological_Process_2023,Heparan Sulfate Proteoglycan Metabolic Process (GO:0030201),1/13,0.032026213248763,0.0998623273874931,0,0,33.90816326530612,116.6847899929619,HS3ST4
GO_Biological_Process_2023,Regulation Of Intrinsic Apoptotic Signaling Pathway In Response To DNA Damage By P53 Class Mediator (GO:1902165),1/13,0.032026213248763,0.0998623273874931,0,0,33.90816326530612,116.6847899929619,CD74
GO_Biological_Process_2023,Regulation Of Nitrogen Compound Metabolic Process (GO:0051171),1/13,0.032026213248763,0.0998623273874931,0,0,33.90816326530612,116.6847899929619,APOE
GO_Biological_Process_2023,Chondroitin Sulfate Biosynthetic Process (GO:0030206),1/13,0.032026213248763,0.0998623273874931,0,0,33.90816326530612,116.6847899929619,CHST11
GO_Biological_Process_2023,Positive Regulation Of Alpha-Beta T Cell Differentiation (GO:0046638),1/13,0.032026213248763,0.0998623273874931,0,0,33.90816326530612,116.6847899929619,RUNX1
GO_Biological_Process_2023,Response To Chemokine (GO:1990868),1/13,0.032026213248763,0.0998623273874931,0,0,33.90816326530612,116.6847899929619,DOCK8
GO_Biological_Process_2023,"Negative Regulation Of DNA Damage Response, Signal Transduction By P53 Class Mediator (GO:0043518)",1/13,0.032026213248763,0.0998623273874931,0,0,33.90816326530612,116.6847899929619,CD74
GO_Biological_Process_2023,Cytoplasmic Sequestering Of Transcription Factor (GO:0042994),1/13,0.032026213248763,0.0998623273874931,0,0,33.90816326530612,116.6847899929619,TMSB4X
GO_Biological_Process_2023,Positive Regulation Of Cardiac Muscle Cell Proliferation (GO:0060045),1/13,0.032026213248763,0.0998623273874931,0,0,33.90816326530612,116.6847899929619,MEF2C
GO_Biological_Process_2023,Positive Regulation Of Cellular Response To Insulin Stimulus (GO:1900078),1/13,0.032026213248763,0.0998623273874931,0,0,33.90816326530612,116.6847899929619,SORL1
GO_Biological_Process_2023,Sodium-Independent Organic Anion Transport (GO:0043252),1/13,0.032026213248763,0.0998623273874931,0,0,33.90816326530612,116.6847899929619,SLCO2B1
GO_Biological_Process_2023,Positive Regulation Of Cellular Component Organization (GO:0051130),2/113,0.032501099312465,0.100223861305255,0,0,7.447072072072072,25.517253680402074,APOE;RUNX1
GO_Biological_Process_2023,Positive Regulation Of DNA-templated Transcription (GO:0045893),7/1243,0.0339283599296527,0.100223861305255,0,0,2.464777602167532,8.339584970283852,MEF2A;CD74;MEF2C;SPP1;MAML3;APOE;RUNX1
GO_Biological_Process_2023,Regulation Of Endothelial Cell Chemotaxis (GO:2001026),1/14,0.0344477141698711,0.100223861305255,0,0,31.298273155416013,105.4223689491126,TMSB4X
GO_Biological_Process_2023,Negative Regulation Of Leukocyte Mediated Cytotoxicity (GO:0001911),1/14,0.0344477141698711,0.100223861305255,0,0,31.298273155416013,105.4223689491126,PTPRC
GO_Biological_Process_2023,Positive Regulation Of Membrane Protein Ectodomain Proteolysis (GO:0051044),1/14,0.0344477141698711,0.100223861305255,0,0,31.298273155416013,105.4223689491126,APOE
GO_Biological_Process_2023,L-glutamate Transmembrane Transport (GO:0015813),1/14,0.0344477141698711,0.100223861305255,0,0,31.298273155416013,105.4223689491126,SLC1A3
GO_Biological_Process_2023,T Cell Proliferation (GO:0042098),1/14,0.0344477141698711,0.100223861305255,0,0,31.298273155416013,105.4223689491126,DOCK8
GO_Biological_Process_2023,Regulation Of Leukocyte Activation (GO:0002694),1/14,0.0344477141698711,0.100223861305255,0,0,31.298273155416013,105.4223689491126,CD74
GO_Biological_Process_2023,Negative Regulation Of Smooth Muscle Cell Migration (GO:0014912),1/14,0.0344477141698711,0.100223861305255,0,0,31.298273155416013,105.4223689491126,MEF2C
GO_Biological_Process_2023,Negative Regulation Of Transcription Regulatory Region DNA Binding (GO:2000678),1/14,0.0344477141698711,0.100223861305255,0,0,31.298273155416013,105.4223689491126,TMSB4X
GO_Biological_Process_2023,Regulation Of Microglial Cell Activation (GO:1903978),1/14,0.0344477141698711,0.100223861305255,0,0,31.298273155416013,105.4223689491126,PTPRC
GO_Biological_Process_2023,Positive Regulation Of Response To Cytokine Stimulus (GO:0060760),1/14,0.0344477141698711,0.100223861305255,0,0,31.298273155416013,105.4223689491126,CD74
GO_Biological_Process_2023,Positive Regulation Of Type I Interferon-Mediated Signaling Pathway (GO:0060340),1/14,0.0344477141698711,0.100223861305255,0,0,31.298273155416013,105.4223689491126,RBM47
GO_Biological_Process_2023,Lipoprotein Biosynthetic Process (GO:0042158),1/14,0.0344477141698711,0.100223861305255,0,0,31.298273155416013,105.4223689491126,APOE
GO_Biological_Process_2023,Regulation Of ATP Biosynthetic Process (GO:2001169),1/14,0.0344477141698711,0.100223861305255,0,0,31.298273155416013,105.4223689491126,TMSB4X
GO_Biological_Process_2023,Negative Regulation Of T Cell Mediated Immunity (GO:0002710),1/14,0.0344477141698711,0.100223861305255,0,0,31.298273155416013,105.4223689491126,PTPRC
GO_Biological_Process_2023,Positive Regulation Of Endothelial Cell Chemotaxis (GO:2001028),1/14,0.0344477141698711,0.100223861305255,0,0,31.298273155416013,105.4223689491126,TMSB4X
GO_Biological_Process_2023,Regulation Of Protein-Containing Complex Assembly (GO:0043254),2/119,0.0357221395623332,0.1011243499051212,0,0,7.063034188034188,23.53392133172277,APOE;SORL1
GO_Biological_Process_2023,Regulation Of Cholesterol Biosynthetic Process (GO:0045540),1/15,0.0368632785936063,0.1011243499051212,0,0,29.06122448979592,95.91771596133704,APOE
GO_Biological_Process_2023,Stem Cell Development (GO:0048864),1/15,0.0368632785936063,0.1011243499051212,0,0,29.06122448979592,95.91771596133704,PTPRC
GO_Biological_Process_2023,B Cell Mediated Immunity (GO:0019724),1/15,0.0368632785936063,0.1011243499051212,0,0,29.06122448979592,95.91771596133704,CD74
GO_Biological_Process_2023,Regulation Of Clathrin-Dependent Endocytosis (GO:2000369),1/15,0.0368632785936063,0.1011243499051212,0,0,29.06122448979592,95.91771596133704,BMP2K
GO_Biological_Process_2023,Negative Regulation Of Macrophage Activation (GO:0043031),1/15,0.0368632785936063,0.1011243499051212,0,0,29.06122448979592,95.91771596133704,PTPRC
GO_Biological_Process_2023,L-glutamate Import (GO:0051938),1/15,0.0368632785936063,0.1011243499051212,0,0,29.06122448979592,95.91771596133704,SLC1A3
GO_Biological_Process_2023,Negative Regulation Of Platelet Activation (GO:0010544),1/15,0.0368632785936063,0.1011243499051212,0,0,29.06122448979592,95.91771596133704,APOE
GO_Biological_Process_2023,High-Density Lipoprotein Particle Remodeling (GO:0034375),1/15,0.0368632785936063,0.1011243499051212,0,0,29.06122448979592,95.91771596133704,APOE
GO_Biological_Process_2023,Regulation Of Monocyte Differentiation (GO:0045655),1/15,0.0368632785936063,0.1011243499051212,0,0,29.06122448979592,95.91771596133704,CD74
GO_Biological_Process_2023,Positive Regulation Of Transmembrane Transport (GO:0034764),1/15,0.0368632785936063,0.1011243499051212,0,0,29.06122448979592,95.91771596133704,C3
GO_Biological_Process_2023,Cardiac Myofibril Assembly (GO:0055003),1/15,0.0368632785936063,0.1011243499051212,0,0,29.06122448979592,95.91771596133704,MEF2A
GO_Biological_Process_2023,Regulation Of Rac Protein Signal Transduction (GO:0035020),1/15,0.0368632785936063,0.1011243499051212,0,0,29.06122448979592,95.91771596133704,ARHGAP24
GO_Biological_Process_2023,Regulation Of Amyloid-Beta Clearance (GO:1900221),1/15,0.0368632785936063,0.1011243499051212,0,0,29.06122448979592,95.91771596133704,APOE
GO_Biological_Process_2023,Positive Regulation Of Collagen Biosynthetic Process (GO:0032967),1/15,0.0368632785936063,0.1011243499051212,0,0,29.06122448979592,95.91771596133704,RUNX1
GO_Biological_Process_2023,Potassium Ion Transport (GO:0006813),2/122,0.0373773734873947,0.1011243499051212,0,0,6.885416666666667,22.63022834568748,SLC9A9;SLC1A3
GO_Biological_Process_2023,Regulation Of Protein Catabolic Process (GO:0042176),2/122,0.0373773734873947,0.1011243499051212,0,0,6.885416666666667,22.63022834568748,APOE;SORL1
GO_Biological_Process_2023,Receptor-Mediated Endocytosis (GO:0006898),2/122,0.0373773734873947,0.1011243499051212,0,0,6.885416666666667,22.63022834568748,APOE;SORL1
GO_Biological_Process_2023,Protein Dephosphorylation (GO:0006470),2/124,0.038497072428768,0.1011243499051212,0,0,6.771857923497268,22.05711333941876,PTPRC;SSH2
GO_Biological_Process_2023,"Synaptic Transmission, Cholinergic (GO:0007271)",1/16,0.0392729207344652,0.1011243499051212,0,0,27.12244897959184,87.80133530116419,APOE
GO_Biological_Process_2023,Negative Regulation Of Intrinsic Apoptotic Signaling Pathway By P53 Class Mediator (GO:1902254),1/16,0.0392729207344652,0.1011243499051212,0,0,27.12244897959184,87.80133530116419,CD74
GO_Biological_Process_2023,Positive Regulation Of Lymphocyte Migration (GO:2000403),1/16,0.0392729207344652,0.1011243499051212,0,0,27.12244897959184,87.80133530116419,DOCK8
GO_Biological_Process_2023,Positive Regulation Of Muscle Hypertrophy (GO:0014742),1/16,0.0392729207344652,0.1011243499051212,0,0,27.12244897959184,87.80133530116419,MEF2A
GO_Biological_Process_2023,Positive Regulation Of Myeloid Leukocyte Cytokine Production Involved In Immune Response (GO:0061081),1/16,0.0392729207344652,0.1011243499051212,0,0,27.12244897959184,87.80133530116419,CD74
GO_Biological_Process_2023,Positive Regulation Of Smooth Muscle Cell Migration (GO:0014911),1/16,0.0392729207344652,0.1011243499051212,0,0,27.12244897959184,87.80133530116419,DOCK4
GO_Biological_Process_2023,Positive Regulation Of Stem Cell Proliferation (GO:2000648),1/16,0.0392729207344652,0.1011243499051212,0,0,27.12244897959184,87.80133530116419,PTPRC
GO_Biological_Process_2023,Regulation Of Plasminogen Activation (GO:0010755),1/16,0.0392729207344652,0.1011243499051212,0,0,27.12244897959184,87.80133530116419,RUNX1
GO_Biological_Process_2023,Regulation Of Stem Cell Proliferation (GO:0072091),1/16,0.0392729207344652,0.1011243499051212,0,0,27.12244897959184,87.80133530116419,PTPRC
GO_Biological_Process_2023,Chondroitin Sulfate Metabolic Process (GO:0030204),1/16,0.0392729207344652,0.1011243499051212,0,0,27.12244897959184,87.80133530116419,CHST11
GO_Biological_Process_2023,Regulation Of NMDA Receptor Activity (GO:2000310),1/16,0.0392729207344652,0.1011243499051212,0,0,27.12244897959184,87.80133530116419,MEF2C
GO_Biological_Process_2023,Positive Regulation Of Cardiac Muscle Tissue Growth (GO:0055023),1/16,0.0392729207344652,0.1011243499051212,0,0,27.12244897959184,87.80133530116419,MEF2C
GO_Biological_Process_2023,Reverse Cholesterol Transport (GO:0043691),1/16,0.0392729207344652,0.1011243499051212,0,0,27.12244897959184,87.80133530116419,APOE
GO_Biological_Process_2023,Positive Regulation Of Collagen Metabolic Process (GO:0010714),1/16,0.0392729207344652,0.1011243499051212,0,0,27.12244897959184,87.80133530116419,RUNX1
GO_Biological_Process_2023,Negative Regulation Of Interleukin-8 Production (GO:0032717),1/17,0.0416766547912334,0.1033525097004078,0,0,25.426020408163264,80.79916728086499,TMSB4X
GO_Biological_Process_2023,Transepithelial Transport (GO:0070633),1/17,0.0416766547912334,0.1033525097004078,0,0,25.426020408163264,80.79916728086499,SLC1A3
GO_Biological_Process_2023,Regulation Of Glucose Transmembrane Transport (GO:0010827),1/17,0.0416766547912334,0.1033525097004078,0,0,25.426020408163264,80.79916728086499,C3
GO_Biological_Process_2023,Positive Regulation Of Nitric-Oxide Synthase Activity (GO:0051000),1/17,0.0416766547912334,0.1033525097004078,0,0,25.426020408163264,80.79916728086499,APOE
GO_Biological_Process_2023,Amyloid Precursor Protein Metabolic Process (GO:0042982),1/17,0.0416766547912334,0.1033525097004078,0,0,25.426020408163264,80.79916728086499,APOE
GO_Biological_Process_2023,Negative Regulation Of Vascular Associated Smooth Muscle Cell Proliferation (GO:1904706),1/17,0.0416766547912334,0.1033525097004078,0,0,25.426020408163264,80.79916728086499,MEF2C
GO_Biological_Process_2023,Neuron Maturation (GO:0042551),1/17,0.0416766547912334,0.1033525097004078,0,0,25.426020408163264,80.79916728086499,C3
GO_Biological_Process_2023,Base Conversion Or Substitution Editing (GO:0016553),1/17,0.0416766547912334,0.1033525097004078,0,0,25.426020408163264,80.79916728086499,RBM47
GO_Biological_Process_2023,Regulation Of Receptor Signaling Pathway Via STAT (GO:1904892),1/17,0.0416766547912334,0.1033525097004078,0,0,25.426020408163264,80.79916728086499,PTPRC
GO_Biological_Process_2023,Receptor Recycling (GO:0001881),1/17,0.0416766547912334,0.1033525097004078,0,0,25.426020408163264,80.79916728086499,SORL1
GO_Biological_Process_2023,Positive Regulation Of Cardiac Muscle Hypertrophy (GO:0010613),1/17,0.0416766547912334,0.1033525097004078,0,0,25.426020408163264,80.79916728086499,MEF2A
GO_Biological_Process_2023,Positive Regulation Of Peptidyl-Tyrosine Phosphorylation (GO:0050731),2/130,0.0419323175536405,0.1036387380339143,0,0,6.452473958333333,20.46530163526616,CD74;PTPRC
GO_Biological_Process_2023,Circulatory System Development (GO:0072359),2/132,0.0431022856735813,0.1037294641863722,0,0,6.352564102564102,19.973600244527297,MEF2A;MEF2C
GO_Biological_Process_2023,Negative Regulation Of Cell Motility (GO:2000146),2/133,0.043691853040543,0.1037294641863722,0,0,6.303753180661578,19.73448951174208,CD74;LDLRAD4
GO_Biological_Process_2023,3'-UTR-mediated mRNA Stabilization (GO:0070935),1/18,0.0440744949316926,0.1037294641863722,0,0,23.92917166866747,74.70385911458476,RBM47
GO_Biological_Process_2023,Regulation Of Collagen Biosynthetic Process (GO:0032965),1/18,0.0440744949316926,0.1037294641863722,0,0,23.92917166866747,74.70385911458476,RUNX1
GO_Biological_Process_2023,Excitatory Postsynaptic Potential (GO:0060079),1/18,0.0440744949316926,0.1037294641863722,0,0,23.92917166866747,74.70385911458476,MEF2C
GO_Biological_Process_2023,Negative Regulation Of Lipid Catabolic Process (GO:0050995),1/18,0.0440744949316926,0.1037294641863722,0,0,23.92917166866747,74.70385911458476,SORL1
GO_Biological_Process_2023,Negative Regulation Of Nervous System Development (GO:0051961),1/18,0.0440744949316926,0.1037294641863722,0,0,23.92917166866747,74.70385911458476,SORL1
GO_Biological_Process_2023,Positive Regulation Of Neutrophil Chemotaxis (GO:0090023),1/18,0.0440744949316926,0.1037294641863722,0,0,23.92917166866747,74.70385911458476,CD74
GO_Biological_Process_2023,Positive Regulation Of Phosphoprotein Phosphatase Activity (GO:0032516),1/18,0.0440744949316926,0.1037294641863722,0,0,23.92917166866747,74.70385911458476,PTPRC
GO_Biological_Process_2023,Negative Regulation Of Signal Transduction By P53 Class Mediator (GO:1901797),1/18,0.0440744949316926,0.1037294641863722,0,0,23.92917166866747,74.70385911458476,CD74
GO_Biological_Process_2023,Neural Crest Cell Differentiation (GO:0014033),1/18,0.0440744949316926,0.1037294641863722,0,0,23.92917166866747,74.70385911458476,MEF2C
GO_Biological_Process_2023,Nitric Oxide Mediated Signal Transduction (GO:0007263),1/18,0.0440744949316926,0.1037294641863722,0,0,23.92917166866747,74.70385911458476,APOE
GO_Biological_Process_2023,Positive Regulation Of G Protein-Coupled Receptor Signaling Pathway (GO:0045745),1/18,0.0440744949316926,0.1037294641863722,0,0,23.92917166866747,74.70385911458476,C3
GO_Biological_Process_2023,Regulation Of Vascular Endothelial Cell Proliferation (GO:1905562),1/18,0.0440744949316926,0.1037294641863722,0,0,23.92917166866747,74.70385911458476,MEF2C
GO_Biological_Process_2023,Positive Regulation Of Extracellular Matrix Organization (GO:1903055),1/18,0.0440744949316926,0.1037294641863722,0,0,23.92917166866747,74.70385911458476,RUNX1
GO_Biological_Process_2023,Cellular Response To Metal Ion (GO:0071248),2/135,0.0448800632493119,0.1052900531467985,0,0,6.208333333333333,19.26918665258641,MEF2A;MEF2C
GO_Biological_Process_2023,Potassium Ion Transmembrane Transport (GO:0071805),2/137,0.0460802533373535,0.106641957960202,0,0,6.1157407407407405,18.820401760879264,SLC9A9;SLC1A3
GO_Biological_Process_2023,Regulation Of Megakaryocyte Differentiation (GO:0045652),1/19,0.0464664552952436,0.106641957960202,0,0,22.598639455782312,69.35578082800635,MEF2C
GO_Biological_Process_2023,Regulation Of Smooth Muscle Cell Migration (GO:0014910),1/19,0.0464664552952436,0.106641957960202,0,0,22.598639455782312,69.35578082800635,SORL1
GO_Biological_Process_2023,Regulation Of Tissue Remodeling (GO:0034103),1/19,0.0464664552952436,0.106641957960202,0,0,22.598639455782312,69.35578082800635,RUNX1
GO_Biological_Process_2023,Regulation Of B Cell Differentiation (GO:0045577),1/19,0.0464664552952436,0.106641957960202,0,0,22.598639455782312,69.35578082800635,INPP5D
GO_Biological_Process_2023,Chondroitin Sulfate Proteoglycan Biosynthetic Process (GO:0050650),1/19,0.0464664552952436,0.106641957960202,0,0,22.598639455782312,69.35578082800635,CHST11
GO_Biological_Process_2023,Regulation Of Behavior (GO:0050795),1/19,0.0464664552952436,0.106641957960202,0,0,22.598639455782312,69.35578082800635,APOE
GO_Biological_Process_2023,Striated Muscle Cell Differentiation (GO:0051146),1/20,0.0488525499820277,0.1107424369224494,0,0,21.40816326530612,64.63014669364038,MEF2C
GO_Biological_Process_2023,Positive Regulation Of Lipid Storage (GO:0010884),1/20,0.0488525499820277,0.1107424369224494,0,0,21.40816326530612,64.63014669364038,C3
GO_Biological_Process_2023,Calcium-Mediated Signaling Using Intracellular Calcium Source (GO:0035584),1/20,0.0488525499820277,0.1107424369224494,0,0,21.40816326530612,64.63014669364038,PTPRC
GO_Biological_Process_2023,Positive Regulation Of Antigen Receptor-Mediated Signaling Pathway (GO:0050857),1/20,0.0488525499820277,0.1107424369224494,0,0,21.40816326530612,64.63014669364038,PTPRC
GO_Biological_Process_2023,Positive Regulation Of Granulocyte Chemotaxis (GO:0071624),1/21,0.0512327930672156,0.1133563894511147,0,0,20.336734693877556,60.42807445408675,CD74
GO_Biological_Process_2023,Regulation Of Dendritic Spine Development (GO:0060998),1/21,0.0512327930672156,0.1133563894511147,0,0,20.336734693877556,60.42807445408675,MEF2C
GO_Biological_Process_2023,Negative Regulation Of Interleukin-2 Production (GO:0032703),1/21,0.0512327930672156,0.1133563894511147,0,0,20.336734693877556,60.42807445408675,PTPRC
GO_Biological_Process_2023,Regulation Of Lipid Storage (GO:0010883),1/21,0.0512327930672156,0.1133563894511147,0,0,20.336734693877556,60.42807445408675,C3
GO_Biological_Process_2023,Regulation Of Membrane Protein Ectodomain Proteolysis (GO:0051043),1/21,0.0512327930672156,0.1133563894511147,0,0,20.336734693877556,60.42807445408675,APOE
GO_Biological_Process_2023,Regulation Of Neurotransmitter Transport (GO:0051588),1/21,0.0512327930672156,0.1133563894511147,0,0,20.336734693877556,60.42807445408675,MEF2C
GO_Biological_Process_2023,Regulation Of Steroid Metabolic Process (GO:0019218),1/21,0.0512327930672156,0.1133563894511147,0,0,20.336734693877556,60.42807445408675,APOE
GO_Biological_Process_2023,Sodium Ion Import Across Plasma Membrane (GO:0098719),1/21,0.0512327930672156,0.1133563894511147,0,0,20.336734693877556,60.42807445408675,SLC9A9
GO_Biological_Process_2023,Negative Regulation Of Gene Expression (GO:0010629),3/336,0.0516198170507825,0.1138717755239651,0,0,3.7602070155261647,11.144688167372845,MEF2C;SFMBT2;APOE
GO_Biological_Process_2023,Dephosphorylation (GO:0016311),2/147,0.0522559027547516,0.1149318813564329,0,0,5.691091954022989,16.797840801779476,PTPRC;SSH2
GO_Biological_Process_2023,Negative Regulation Of Protein Phosphorylation (GO:0001933),2/149,0.0535249876216422,0.115835437908916,0,0,5.613095238095238,16.432935090777736,PTPRC;LDLRAD4
GO_Biological_Process_2023,Positive Regulation Of Phosphatase Activity (GO:0010922),1/22,0.0536071985992547,0.115835437908916,0,0,19.367346938775512,56.67024999786951,MEF2C
GO_Biological_Process_2023,Positive Regulation Of Viral Life Cycle (GO:1903902),1/22,0.0536071985992547,0.115835437908916,0,0,19.367346938775512,56.67024999786951,CD74
GO_Biological_Process_2023,Positive Regulation Of Cholesterol Efflux (GO:0010875),1/22,0.0536071985992547,0.115835437908916,0,0,19.367346938775512,56.67024999786951,APOE
GO_Biological_Process_2023,Negative Regulation Of Cell Communication (GO:0010648),1/22,0.0536071985992547,0.115835437908916,0,0,19.367346938775512,56.67024999786951,INPP5D
GO_Biological_Process_2023,Negative Regulation Of Cell Development (GO:0010721),1/22,0.0536071985992547,0.115835437908916,0,0,19.367346938775512,56.67024999786951,SORL1
GO_Biological_Process_2023,Cellular Response To Organic Cyclic Compound (GO:0071407),2/152,0.0554491879134877,0.1165242305758956,0,0,5.5,15.907585158720506,MEF2C;SPP1
GO_Biological_Process_2023,Regulation Of Cholesterol Metabolic Process (GO:0090181),1/23,0.0559757805878795,0.1165242305758956,0,0,18.4860853432282,53.29235549319145,APOE
GO_Biological_Process_2023,Regulation Of Extracellular Matrix Organization (GO:1903053),1/23,0.0559757805878795,0.1165242305758956,0,0,18.4860853432282,53.29235549319145,RUNX1
GO_Biological_Process_2023,Positive Regulation Of Neutrophil Migration (GO:1902624),1/23,0.0559757805878795,0.1165242305758956,0,0,18.4860853432282,53.29235549319145,CD74
GO_Biological_Process_2023,Negative Regulation Of Protein Tyrosine Kinase Activity (GO:0061099),1/23,0.0559757805878795,0.1165242305758956,0,0,18.4860853432282,53.29235549319145,PTPRC
GO_Biological_Process_2023,Bile Acid And Bile Salt Transport (GO:0015721),1/23,0.0559757805878795,0.1165242305758956,0,0,18.4860853432282,53.29235549319145,SLCO2B1
GO_Biological_Process_2023,Long-Chain Fatty Acid Transport (GO:0015909),1/23,0.0559757805878795,0.1165242305758956,0,0,18.4860853432282,53.29235549319145,APOE
GO_Biological_Process_2023,Lymphocyte Activation Involved In Immune Response (GO:0002285),1/23,0.0559757805878795,0.1165242305758956,0,0,18.4860853432282,53.29235549319145,CD74
GO_Biological_Process_2023,Protein N-linked Glycosylation Via Asparagine (GO:0018279),1/23,0.0559757805878795,0.1165242305758956,0,0,18.4860853432282,53.29235549319145,ST6GAL1
GO_Biological_Process_2023,Cholesterol Efflux (GO:0033344),1/23,0.0559757805878795,0.1165242305758956,0,0,18.4860853432282,53.29235549319145,APOE
GO_Biological_Process_2023,Regulation Of T Cell Migration (GO:2000404),1/23,0.0559757805878795,0.1165242305758956,0,0,18.4860853432282,53.29235549319145,DOCK8
GO_Biological_Process_2023,Regulation Of Cardiac Muscle Hypertrophy (GO:0010611),1/23,0.0559757805878795,0.1165242305758956,0,0,18.4860853432282,53.29235549319145,MEF2A
GO_Biological_Process_2023,Regulation Of Cell Junction Assembly (GO:1901888),1/23,0.0559757805878795,0.1165242305758956,0,0,18.4860853432282,53.29235549319145,MEF2C
GO_Biological_Process_2023,Positive Regulation Of Lipid Metabolic Process (GO:0045834),1/24,0.0583385530130099,0.1181155908948338,0,0,17.68145519077196,50.24171555062859,APOE
GO_Biological_Process_2023,Negative Regulation Of Ossification (GO:0030279),1/24,0.0583385530130099,0.1181155908948338,0,0,17.68145519077196,50.24171555062859,MEF2C
GO_Biological_Process_2023,Acylglycerol Homeostasis (GO:0055090),1/24,0.0583385530130099,0.1181155908948338,0,0,17.68145519077196,50.24171555062859,APOE
GO_Biological_Process_2023,Positive Regulation Of Vascular Endothelial Growth Factor Production (GO:0010575),1/24,0.0583385530130099,0.1181155908948338,0,0,17.68145519077196,50.24171555062859,C3
GO_Biological_Process_2023,Lipid Translocation (GO:0034204),1/24,0.0583385530130099,0.1181155908948338,0,0,17.68145519077196,50.24171555062859,ATP8B4
GO_Biological_Process_2023,Cell Morphogenesis Involved In Differentiation (GO:0000904),1/24,0.0583385530130099,0.1181155908948338,0,0,17.68145519077196,50.24171555062859,MEF2C
GO_Biological_Process_2023,Regulation Of Ruffle Assembly (GO:1900027),1/24,0.0583385530130099,0.1181155908948338,0,0,17.68145519077196,50.24171555062859,ARHGAP24
GO_Biological_Process_2023,Regulation Of Supramolecular Fiber Organization (GO:1902903),1/24,0.0583385530130099,0.1181155908948338,0,0,17.68145519077196,50.24171555062859,APOE
GO_Biological_Process_2023,Regulation Of AMPA Receptor Activity (GO:2000311),1/24,0.0583385530130099,0.1181155908948338,0,0,17.68145519077196,50.24171555062859,MEF2C
GO_Biological_Process_2023,Dicarboxylic Acid Transport (GO:0006835),1/24,0.0583385530130099,0.1181155908948338,0,0,17.68145519077196,50.24171555062859,SLC1A3
GO_Biological_Process_2023,Negative Regulation Of Intrinsic Apoptotic Signaling Pathway In Response To DNA Damage (GO:1902230),1/25,0.0606955298241754,0.1191990031731664,0,0,16.943877551020407,47.47480020477031,CD74
GO_Biological_Process_2023,Negative Regulation Of Protein Transport (GO:0051224),1/25,0.0606955298241754,0.1191990031731664,0,0,16.943877551020407,47.47480020477031,APOE
GO_Biological_Process_2023,"Wound Healing, Spreading Of Cells (GO:0044319)",1/25,0.0606955298241754,0.1191990031731664,0,0,16.943877551020407,47.47480020477031,ARHGAP24
GO_Biological_Process_2023,Positive Regulation Of Striated Muscle Cell Differentiation (GO:0051155),1/25,0.0606955298241754,0.1191990031731664,0,0,16.943877551020407,47.47480020477031,MEF2C
GO_Biological_Process_2023,Regulation Of Neutrophil Chemotaxis (GO:0090022),1/25,0.0606955298241754,0.1191990031731664,0,0,16.943877551020407,47.47480020477031,CD74
GO_Biological_Process_2023,Regulation Of Protein Processing (GO:0070613),1/25,0.0606955298241754,0.1191990031731664,0,0,16.943877551020407,47.47480020477031,RUNX1
GO_Biological_Process_2023,Regulation Of Synapse Organization (GO:0050807),1/25,0.0606955298241754,0.1191990031731664,0,0,16.943877551020407,47.47480020477031,MEF2C
GO_Biological_Process_2023,"Chemical Synaptic Transmission, Postsynaptic (GO:0099565)",1/25,0.0606955298241754,0.1191990031731664,0,0,16.943877551020407,47.47480020477031,MEF2C
GO_Biological_Process_2023,Positive Regulation Of T Cell Migration (GO:2000406),1/25,0.0606955298241754,0.1191990031731664,0,0,16.943877551020407,47.47480020477031,DOCK8
GO_Biological_Process_2023,Myotube Differentiation (GO:0014902),1/25,0.0606955298241754,0.1191990031731664,0,0,16.943877551020407,47.47480020477031,MEF2C
GO_Biological_Process_2023,Regulation Of Biomineral Tissue Development (GO:0070167),1/25,0.0606955298241754,0.1191990031731664,0,0,16.943877551020407,47.47480020477031,BMP2K
GO_Biological_Process_2023,Regulation Of Gene Expression (GO:0010468),6/1127,0.0608092343657425,0.1191990031731664,0,0,2.290446841294299,6.413282352717693,CD74;MEF2C;PTPRC;SFMBT2;APOE;FOXN3
GO_Biological_Process_2023,Regulation Of Macromolecule Metabolic Process (GO:0060255),2/162,0.0620359971863136,0.1207034449249693,0,0,5.153645833333333,14.327343946785978,PTPRC;APOE
GO_Biological_Process_2023,Negative Regulation Of Cell Migration (GO:0030336),2/163,0.0627088733106241,0.1207034449249693,0,0,5.121376811594203,14.182384623506447,CD74;LDLRAD4
GO_Biological_Process_2023,L-amino Acid Transport (GO:0015807),1/26,0.0630467249540435,0.1207034449249693,0,0,16.26530612244898,44.95534064809558,SLC1A3
GO_Biological_Process_2023,Positive Regulation Of Monooxygenase Activity (GO:0032770),1/26,0.0630467249540435,0.1207034449249693,0,0,16.26530612244898,44.95534064809558,APOE
GO_Biological_Process_2023,Negative Regulation Of Protein Polymerization (GO:0032272),1/26,0.0630467249540435,0.1207034449249693,0,0,16.26530612244898,44.95534064809558,SSH2
GO_Biological_Process_2023,Regulation Of Myeloid Cell Differentiation (GO:0045637),1/26,0.0630467249540435,0.1207034449249693,0,0,16.26530612244898,44.95534064809558,MEF2C
GO_Biological_Process_2023,Protein Targeting To Lysosome (GO:0006622),1/26,0.0630467249540435,0.1207034449249693,0,0,16.26530612244898,44.95534064809558,SORL1
GO_Biological_Process_2023,Regulation Of Vascular Endothelial Growth Factor Production (GO:0010574),1/26,0.0630467249540435,0.1207034449249693,0,0,16.26530612244898,44.95534064809558,C3
GO_Biological_Process_2023,Cellular Response To Xenobiotic Stimulus (GO:0071466),1/26,0.0630467249540435,0.1207034449249693,0,0,16.26530612244898,44.95534064809558,MEF2C
GO_Biological_Process_2023,Negative Regulation Of Neurogenesis (GO:0050768),1/27,0.0653921522588676,0.1229638690058604,0,0,15.638932496075354,42.652889831563165,SORL1
GO_Biological_Process_2023,T Cell Activation Involved In Immune Response (GO:0002286),1/27,0.0653921522588676,0.1229638690058604,0,0,15.638932496075354,42.652889831563165,CD74
GO_Biological_Process_2023,Regulation Of Immunoglobulin Production (GO:0002637),1/27,0.0653921522588676,0.1229638690058604,0,0,15.638932496075354,42.652889831563165,PTPRC
GO_Biological_Process_2023,Amino Acid Import Across Plasma Membrane (GO:0089718),1/27,0.0653921522588676,0.1229638690058604,0,0,15.638932496075354,42.652889831563165,SLC1A3
GO_Biological_Process_2023,Cardiac Muscle Cell Differentiation (GO:0055007),1/27,0.0653921522588676,0.1229638690058604,0,0,15.638932496075354,42.652889831563165,MEF2C
GO_Biological_Process_2023,Negative Regulation Of NIK/NF-kappaB Signaling (GO:1901223),1/27,0.0653921522588676,0.1229638690058604,0,0,15.638932496075354,42.652889831563165,TMSB4X
GO_Biological_Process_2023,Positive Regulation Of Cytosolic Calcium Ion Concentration Involved In Phospholipase C-activating G Protein-Coupled Signaling Pathway (GO:0051482),1/27,0.0653921522588676,0.1229638690058604,0,0,15.638932496075354,42.652889831563165,LPAR6
GO_Biological_Process_2023,Hematopoietic Progenitor Cell Differentiation (GO:0002244),1/28,0.0677318256109869,0.1248224915873299,0,0,15.058956916099774,40.54171043527237,PTPRC
GO_Biological_Process_2023,Negative Regulation Of Signaling (GO:0023057),1/28,0.0677318256109869,0.1248224915873299,0,0,15.058956916099774,40.54171043527237,INPP5D
GO_Biological_Process_2023,Negative Regulation Of Wound Healing (GO:0061045),1/28,0.0677318256109869,0.1248224915873299,0,0,15.058956916099774,40.54171043527237,APOE
GO_Biological_Process_2023,Regulation Of Nitric-Oxide Synthase Activity (GO:0050999),1/28,0.0677318256109869,0.1248224915873299,0,0,15.058956916099774,40.54171043527237,APOE
GO_Biological_Process_2023,Protein Localization To Golgi Apparatus (GO:0034067),1/28,0.0677318256109869,0.1248224915873299,0,0,15.058956916099774,40.54171043527237,SORL1
GO_Biological_Process_2023,"Regulation Of DNA Damage Response, Signal Transduction By P53 Class Mediator (GO:0043516)",1/28,0.0677318256109869,0.1248224915873299,0,0,15.058956916099774,40.54171043527237,CD74
GO_Biological_Process_2023,Negative Regulation Of Cytoskeleton Organization (GO:0051494),1/28,0.0677318256109869,0.1248224915873299,0,0,15.058956916099774,40.54171043527237,SSH2
GO_Biological_Process_2023,Positive Regulation Of Fibroblast Proliferation (GO:0048146),1/28,0.0677318256109869,0.1248224915873299,0,0,15.058956916099774,40.54171043527237,CD74
GO_Biological_Process_2023,Positive Regulation Of Protein Phosphorylation (GO:0001934),3/377,0.0680499721710797,0.1250268478710746,0,0,3.340994424849244,8.978965812170731,C3;CD74;PTPRC
GO_Biological_Process_2023,Heart Development (GO:0007507),2/171,0.0681810821272572,0.1250268478710746,0,0,4.876972386587771,13.097539204308813,MEF2A;MEF2C
GO_Biological_Process_2023,Generation Of Neurons (GO:0048699),2/172,0.0688760185279422,0.1259885586439339,0,0,4.848039215686274,12.970673059288286,MEF2C;RUNX1
GO_Biological_Process_2023,Neuron Differentiation (GO:0030182),2/173,0.0695733267379957,0.1265980336936366,0,0,4.819444444444445,12.845622020856773,MEF2C;RUNX1
GO_Biological_Process_2023,Regulation Of Developmental Growth (GO:0048638),1/29,0.0700657588372089,0.1265980336936366,0,0,14.520408163265309,38.5999069065122,APOE
GO_Biological_Process_2023,Negative Regulation Of Plasma Membrane Bounded Cell Projection Assembly (GO:0120033),1/29,0.0700657588372089,0.1265980336936366,0,0,14.520408163265309,38.5999069065122,ARHGAP24
GO_Biological_Process_2023,Chondrocyte Differentiation (GO:0002062),1/29,0.0700657588372089,0.1265980336936366,0,0,14.520408163265309,38.5999069065122,MEF2C
GO_Biological_Process_2023,Regulation Of Blood Coagulation (GO:0030193),1/29,0.0700657588372089,0.1265980336936366,0,0,14.520408163265309,38.5999069065122,APOE
GO_Biological_Process_2023,Positive Regulation Of Multicellular Organismal Process (GO:0051240),3/387,0.0723814834745949,0.1289135919493123,0,0,3.2523271276595747,8.539976070494392,SPP1;APOE;SORL1
GO_Biological_Process_2023,Negative Regulation Of Epithelial To Mesenchymal Transition (GO:0010719),1/30,0.0723939657090184,0.1289135919493123,0,0,14.019000703729768,36.80874147674154,LDLRAD4
GO_Biological_Process_2023,Negative Regulation Of Peptidyl-Tyrosine Phosphorylation (GO:0050732),1/30,0.0723939657090184,0.1289135919493123,0,0,14.019000703729768,36.80874147674154,PTPRC
GO_Biological_Process_2023,Immunoglobulin Mediated Immune Response (GO:0016064),1/30,0.0723939657090184,0.1289135919493123,0,0,14.019000703729768,36.80874147674154,CD74
GO_Biological_Process_2023,Mitotic G2 DNA Damage Checkpoint Signaling (GO:0007095),1/30,0.0723939657090184,0.1289135919493123,0,0,14.019000703729768,36.80874147674154,FOXN3
GO_Biological_Process_2023,Negative Regulation Of Blood Coagulation (GO:0030195),1/30,0.0723939657090184,0.1289135919493123,0,0,14.019000703729768,36.80874147674154,APOE
GO_Biological_Process_2023,Negative Regulation Of Cytokine Production (GO:0001818),2/178,0.073094899664538,0.1298488722406097,0,0,4.681344696969697,12.246382216533686,PTPRC;TMSB4X
GO_Biological_Process_2023,Positive Regulation Of Glucose Transmembrane Transport (GO:0010828),1/31,0.0747164600026276,0.1302251508064665,0,0,13.551020408163266,35.15209038871121,C3
GO_Biological_Process_2023,Triglyceride Homeostasis (GO:0070328),1/31,0.0747164600026276,0.1302251508064665,0,0,13.551020408163266,35.15209038871121,APOE
GO_Biological_Process_2023,Actin Filament Polymerization (GO:0030041),1/31,0.0747164600026276,0.1302251508064665,0,0,13.551020408163266,35.15209038871121,DIAPH2
GO_Biological_Process_2023,Regulation Of Long-Term Synaptic Potentiation (GO:1900271),1/31,0.0747164600026276,0.1302251508064665,0,0,13.551020408163266,35.15209038871121,APOE
GO_Biological_Process_2023,Regulation Of Macrophage Activation (GO:0043030),1/31,0.0747164600026276,0.1302251508064665,0,0,13.551020408163266,35.15209038871121,CD74
GO_Biological_Process_2023,Phospholipid Translocation (GO:0045332),1/31,0.0747164600026276,0.1302251508064665,0,0,13.551020408163266,35.15209038871121,ATP8B4
GO_Biological_Process_2023,Positive Regulation Of Rho Protein Signal Transduction (GO:0035025),1/31,0.0747164600026276,0.1302251508064665,0,0,13.551020408163266,35.15209038871121,LPAR6
GO_Biological_Process_2023,Positive Regulation Of Cholesterol Transport (GO:0032376),1/31,0.0747164600026276,0.1302251508064665,0,0,13.551020408163266,35.15209038871121,APOE
GO_Biological_Process_2023,Regulation Of Cholesterol Efflux (GO:0010874),1/32,0.0770332554327668,0.1330083545906885,0,0,13.113232389730086,33.61600807740255,APOE
GO_Biological_Process_2023,Female Gamete Generation (GO:0007292),1/32,0.0770332554327668,0.1330083545906885,0,0,13.113232389730086,33.61600807740255,DIAPH2
GO_Biological_Process_2023,Amide Transport (GO:0042886),1/32,0.0770332554327668,0.1330083545906885,0,0,13.113232389730086,33.61600807740255,SLC1A3
GO_Biological_Process_2023,Proteoglycan Biosynthetic Process (GO:0030166),1/32,0.0770332554327668,0.1330083545906885,0,0,13.113232389730086,33.61600807740255,CHST11
GO_Biological_Process_2023,Phosphate-Containing Compound Metabolic Process (GO:0006796),2/184,0.0773958262599824,0.1333228802007622,0,0,4.5256410256410255,11.5803117399732,PTPRC;INPP5D
GO_Biological_Process_2023,Epithelial Tube Morphogenesis (GO:0060562),1/33,0.0793443657059371,0.1351048070430588,0,0,12.70280612244898,32.18837516559274,MEF2C
GO_Biological_Process_2023,Negative Regulation Of Epithelial Cell Migration (GO:0010633),1/33,0.0793443657059371,0.1351048070430588,0,0,12.70280612244898,32.18837516559274,APOE
GO_Biological_Process_2023,Positive Regulation Of Small Molecule Metabolic Process (GO:0062013),1/33,0.0793443657059371,0.1351048070430588,0,0,12.70280612244898,32.18837516559274,APOE
GO_Biological_Process_2023,Regulation Of Type I Interferon-Mediated Signaling Pathway (GO:0060338),1/33,0.0793443657059371,0.1351048070430588,0,0,12.70280612244898,32.18837516559274,RBM47
GO_Biological_Process_2023,Positive Regulation Of Notch Signaling Pathway (GO:0045747),1/33,0.0793443657059371,0.1351048070430588,0,0,12.70280612244898,32.18837516559274,BMP2K
GO_Biological_Process_2023,Endocytosis (GO:0006897),2/189,0.0810402447075638,0.1374469373524271,0,0,4.403520499108734,11.065207700859313,APOE;SORL1
GO_Biological_Process_2023,Positive Regulation Of Immunoglobulin Production (GO:0002639),1/34,0.0816498044624026,0.1374469373524271,0,0,12.317254174397032,30.85861216573232,PTPRC
GO_Biological_Process_2023,Regulation Of Neuronal Synaptic Plasticity (GO:0048168),1/34,0.0816498044624026,0.1374469373524271,0,0,12.317254174397032,30.85861216573232,APOE
GO_Biological_Process_2023,Protein Targeting To Vacuole (GO:0006623),1/34,0.0816498044624026,0.1374469373524271,0,0,12.317254174397032,30.85861216573232,SORL1
GO_Biological_Process_2023,Negative Regulation Of Ras Protein Signal Transduction (GO:0046580),1/34,0.0816498044624026,0.1374469373524271,0,0,12.317254174397032,30.85861216573232,ARHGAP24
GO_Biological_Process_2023,Regulation Of Postsynaptic Membrane Potential (GO:0060078),1/35,0.0839495853612937,0.1400423105688399,0,0,11.95438175270108,29.61744503578088,MEF2C
GO_Biological_Process_2023,Dendrite Morphogenesis (GO:0048813),1/35,0.0839495853612937,0.1400423105688399,0,0,11.95438175270108,29.61744503578088,MEF2A
GO_Biological_Process_2023,Regulation Of Axon Extension (GO:0030516),1/35,0.0839495853612937,0.1400423105688399,0,0,11.95438175270108,29.61744503578088,APOE
GO_Biological_Process_2023,Skeletal Muscle Organ Development (GO:0060538),1/35,0.0839495853612937,0.1400423105688399,0,0,11.95438175270108,29.61744503578088,MEF2C
GO_Biological_Process_2023,Positive Regulation Of Protein Metabolic Process (GO:0051247),2/196,0.0862308158063644,0.1432227203123894,0,0,4.243127147766323,10.398749122125208,APOE;SORL1
GO_Biological_Process_2023,Regulation Of T Cell Mediated Cytotoxicity (GO:0001914),1/36,0.0862437219743075,0.1432227203123894,0,0,11.612244897959185,28.456712045041098,PTPRC
GO_Biological_Process_2023,Positive Regulation Of Immune Effector Process (GO:0002699),1/37,0.0885322278902676,0.1450672204232989,0,0,11.289115646258503,27.36920368672352,PTPRC
GO_Biological_Process_2023,Melanosome Organization (GO:0032438),1/37,0.0885322278902676,0.1450672204232989,0,0,11.289115646258503,27.36920368672352,APOE
GO_Biological_Process_2023,Regulation Of Vascular Associated Smooth Muscle Cell Proliferation (GO:1904705),1/37,0.0885322278902676,0.1450672204232989,0,0,11.289115646258503,27.36920368672352,MEF2C
GO_Biological_Process_2023,Muscle Cell Differentiation (GO:0042692),1/37,0.0885322278902676,0.1450672204232989,0,0,11.289115646258503,27.36920368672352,MEF2C
GO_Biological_Process_2023,Muscle Tissue Development (GO:0060537),1/37,0.0885322278902676,0.1450672204232989,0,0,11.289115646258503,27.36920368672352,MEF2C
GO_Biological_Process_2023,Regulation Of Cellular Component Biogenesis (GO:0044087),1/37,0.0885322278902676,0.1450672204232989,0,0,11.289115646258503,27.36920368672352,APOE
GO_Biological_Process_2023,Fatty Acid Transport (GO:0015908),1/38,0.0908151166313484,0.1455799808905998,0,0,10.983452840595698,26.34852930034076,APOE
GO_Biological_Process_2023,Tumor Necrosis Factor-Mediated Signaling Pathway (GO:0033209),1/38,0.0908151166313484,0.1455799808905998,0,0,10.983452840595698,26.34852930034076,TMSB4X
GO_Biological_Process_2023,Positive Regulation Of Myoblast Differentiation (GO:0045663),1/38,0.0908151166313484,0.1455799808905998,0,0,10.983452840595698,26.34852930034076,MEF2C
GO_Biological_Process_2023,Heart Looping (GO:0001947),1/38,0.0908151166313484,0.1455799808905998,0,0,10.983452840595698,26.34852930034076,MEF2C
GO_Biological_Process_2023,Positive Regulation Of Production Of Molecular Mediator Of Immune Response (GO:0002702),1/38,0.0908151166313484,0.1455799808905998,0,0,10.983452840595698,26.34852930034076,PTPRC
GO_Biological_Process_2023,Import Into Cell (GO:0098657),1/38,0.0908151166313484,0.1455799808905998,0,0,10.983452840595698,26.34852930034076,SLC1A3
GO_Biological_Process_2023,Regulation Of Neurotransmitter Secretion (GO:0046928),1/38,0.0908151166313484,0.1455799808905998,0,0,10.983452840595698,26.34852930034076,MEF2C
GO_Biological_Process_2023,Positive Regulation Of Bone Mineralization (GO:0030501),1/38,0.0908151166313484,0.1455799808905998,0,0,10.983452840595698,26.34852930034076,MEF2C
GO_Biological_Process_2023,Positive Regulation Of Cation Channel Activity (GO:2001259),1/38,0.0908151166313484,0.1455799808905998,0,0,10.983452840595698,26.34852930034076,TMSB4X
GO_Biological_Process_2023,Response To Transforming Growth Factor Beta (GO:0071559),1/38,0.0908151166313484,0.1455799808905998,0,0,10.983452840595698,26.34852930034076,MEF2C
GO_Biological_Process_2023,Regulation Of MAPK Cascade (GO:0043408),2/204,0.0922833915179302,0.14731324381101,0,0,4.073432343234323,9.706545652223769,CD74;PTPRC
GO_Biological_Process_2023,Positive Regulation Of Intracellular Transport (GO:0032388),1/39,0.0930924017046572,0.14731324381101,0,0,10.693877551020408,25.38900533231373,SORL1
GO_Biological_Process_2023,Positive Regulation Of Lipid Biosynthetic Process (GO:0046889),1/39,0.0930924017046572,0.14731324381101,0,0,10.693877551020408,25.38900533231373,APOE
GO_Biological_Process_2023,Positive Regulation Of Lymphocyte Differentiation (GO:0045621),1/39,0.0930924017046572,0.14731324381101,0,0,10.693877551020408,25.38900533231373,INPP5D
GO_Biological_Process_2023,Negative Regulation Of Protein Secretion (GO:0050709),1/39,0.0930924017046572,0.14731324381101,0,0,10.693877551020408,25.38900533231373,APOE
GO_Biological_Process_2023,Regulation Of Protein Tyrosine Kinase Activity (GO:0061097),1/39,0.0930924017046572,0.14731324381101,0,0,10.693877551020408,25.38900533231373,PTPRC
GO_Biological_Process_2023,L-alpha-amino Acid Transmembrane Transport (GO:1902475),1/40,0.0953640965755271,0.1489937999351259,0,0,10.419152276295131,24.485561288951835,SLC1A3
GO_Biological_Process_2023,Notch Signaling Pathway (GO:0007219),1/40,0.0953640965755271,0.1489937999351259,0,0,10.419152276295131,24.485561288951835,MAML3
GO_Biological_Process_2023,Negative Regulation Of Secretion By Cell (GO:1903531),1/40,0.0953640965755271,0.1489937999351259,0,0,10.419152276295131,24.485561288951835,APOE
GO_Biological_Process_2023,Nucleic Acid-Templated Transcription (GO:0097659),1/40,0.0953640965755271,0.1489937999351259,0,0,10.419152276295131,24.485561288951835,MEF2A
GO_Biological_Process_2023,Regulation Of Small Molecule Metabolic Process (GO:0062012),1/40,0.0953640965755271,0.1489937999351259,0,0,10.419152276295131,24.485561288951835,APOE
GO_Biological_Process_2023,Cyclic-Nucleotide-Mediated Signaling (GO:0019935),1/40,0.0953640965755271,0.1489937999351259,0,0,10.419152276295131,24.485561288951835,APOE
GO_Biological_Process_2023,Regulation Of Chemokine Production (GO:0032642),1/41,0.0976302146847681,0.1506236506305713,0,0,10.158163265306122,23.633660200289185,CD74
GO_Biological_Process_2023,O-glycan Processing (GO:0016266),1/41,0.0976302146847681,0.1506236506305713,0,0,10.158163265306122,23.633660200289185,ST6GAL1
GO_Biological_Process_2023,Positive Regulation Of Ossification (GO:0045778),1/41,0.0976302146847681,0.1506236506305713,0,0,10.158163265306122,23.633660200289185,MEF2C
GO_Biological_Process_2023,Visual System Development (GO:0150063),1/41,0.0976302146847681,0.1506236506305713,0,0,10.158163265306122,23.633660200289185,C3
GO_Biological_Process_2023,Acylglycerol Metabolic Process (GO:0006639),1/41,0.0976302146847681,0.1506236506305713,0,0,10.158163265306122,23.633660200289185,APOE
GO_Biological_Process_2023,Protein Localization To Lysosome (GO:0061462),1/41,0.0976302146847681,0.1506236506305713,0,0,10.158163265306122,23.633660200289185,SORL1
GO_Biological_Process_2023,Positive Regulation Of Neuron Differentiation (GO:0045666),1/42,0.0998907694703361,0.1520870338976768,0,0,9.909905425584869,22.829231064333683,MEF2C
GO_Biological_Process_2023,Regulation Of Neurotransmitter Receptor Activity (GO:0099601),1/42,0.0998907694703361,0.1520870338976768,0,0,9.909905425584869,22.829231064333683,MEF2C
GO_Biological_Process_2023,Cardiac Ventricle Morphogenesis (GO:0003208),1/42,0.0998907694703361,0.1520870338976768,0,0,9.909905425584869,22.829231064333683,MEF2C
GO_Biological_Process_2023,Determination Of Heart Left/Right Asymmetry (GO:0061371),1/42,0.0998907694703361,0.1520870338976768,0,0,9.909905425584869,22.829231064333683,MEF2C
GO_Biological_Process_2023,Embryonic Heart Tube Morphogenesis (GO:0003143),1/42,0.0998907694703361,0.1520870338976768,0,0,9.909905425584869,22.829231064333683,MEF2C
GO_Biological_Process_2023,Skeletal Muscle Tissue Development (GO:0007519),1/42,0.0998907694703361,0.1520870338976768,0,0,9.909905425584869,22.829231064333683,MEF2C
GO_Biological_Process_2023,Regulation Of GTPase Activity (GO:0043087),2/214,0.100019348409027,0.1520870338976768,0,0,3.879323899371069,8.931722866735825,DOCK8;ARHGAP15
GO_Biological_Process_2023,Positive Regulation Of Receptor-Mediated Endocytosis (GO:0048260),1/43,0.1021457742794159,0.154052504474466,0,0,9.673469387755102,22.068611238785657,C3
GO_Biological_Process_2023,Regulation Of Primary Metabolic Process (GO:0080090),1/43,0.1021457742794159,0.154052504474466,0,0,9.673469387755102,22.068611238785657,APOE
GO_Biological_Process_2023,Negative Regulation Of BMP Signaling Pathway (GO:0030514),1/43,0.1021457742794159,0.154052504474466,0,0,9.673469387755102,22.068611238785657,SORL1
GO_Biological_Process_2023,Positive Regulation Of Biomineral Tissue Development (GO:0070169),1/43,0.1021457742794159,0.154052504474466,0,0,9.673469387755102,22.068611238785657,MEF2C
GO_Biological_Process_2023,Regulation Of Insulin Receptor Signaling Pathway (GO:0046626),1/44,0.1043952424647777,0.1555404923013523,0,0,9.448030374940672,21.34849709415977,SORL1
GO_Biological_Process_2023,Positive Regulation Of Osteoblast Differentiation (GO:0045669),1/44,0.1043952424647777,0.1555404923013523,0,0,9.448030374940672,21.34849709415977,MEF2C
GO_Biological_Process_2023,Bone Development (GO:0060348),1/44,0.1043952424647777,0.1555404923013523,0,0,9.448030374940672,21.34849709415977,PTPRC
GO_Biological_Process_2023,Cellular Response To Ketone (GO:1901655),1/44,0.1043952424647777,0.1555404923013523,0,0,9.448030374940672,21.34849709415977,SPP1
GO_Biological_Process_2023,Regulation Of Viral Entry Into Host Cell (GO:0046596),1/44,0.1043952424647777,0.1555404923013523,0,0,9.448030374940672,21.34849709415977,CD74
GO_Biological_Process_2023,Positive Regulation Of Chemotaxis (GO:0050921),1/44,0.1043952424647777,0.1555404923013523,0,0,9.448030374940672,21.34849709415977,TMSB4X
GO_Biological_Process_2023,Positive Regulation Of Innate Immune Response (GO:0045089),1/45,0.1066391873529346,0.1576127189076374,0,0,9.232838589981448,20.665901611884028,RBM47
GO_Biological_Process_2023,Triglyceride Metabolic Process (GO:0006641),1/45,0.1066391873529346,0.1576127189076374,0,0,9.232838589981448,20.665901611884028,APOE
GO_Biological_Process_2023,Organic Hydroxy Compound Transport (GO:0015850),1/45,0.1066391873529346,0.1576127189076374,0,0,9.232838589981448,20.665901611884028,SLCO2B1
GO_Biological_Process_2023,Natural Killer Cell Activation (GO:0030101),1/45,0.1066391873529346,0.1576127189076374,0,0,9.232838589981448,20.665901611884028,PTPRC
GO_Biological_Process_2023,Positive Regulation Of Protein Modification Process (GO:0031401),2/225,0.108732282094746,0.1590129699844493,0,0,3.685911808669656,8.178546402117632,C3;CD74
GO_Biological_Process_2023,Regulation Of Fibroblast Proliferation (GO:0048145),1/46,0.1088776222085674,0.1590129699844493,0,0,9.02721088435374,20.01811780873028,CD74
GO_Biological_Process_2023,T Cell Differentiation (GO:0030217),1/46,0.1088776222085674,0.1590129699844493,0,0,9.02721088435374,20.01811780873028,PTPRC
GO_Biological_Process_2023,Cardiac Conduction (GO:0061337),1/46,0.1088776222085674,0.1590129699844493,0,0,9.02721088435374,20.01811780873028,MEF2A
GO_Biological_Process_2023,Mitotic G2/M Transition Checkpoint (GO:0044818),1/46,0.1088776222085674,0.1590129699844493,0,0,9.02721088435374,20.01811780873028,FOXN3
GO_Biological_Process_2023,Positive Regulation Of Blood Vessel Endothelial Cell Migration (GO:0043536),1/46,0.1088776222085674,0.1590129699844493,0,0,9.02721088435374,20.01811780873028,TMSB4X
GO_Biological_Process_2023,Secondary Alcohol Metabolic Process (GO:1902652),1/47,0.1111105603036554,0.1616828945571569,0,0,8.830523513753327,19.4026870705364,APOE
GO_Biological_Process_2023,Cellular Response To Lipid (GO:0071396),2/228,0.1111433158796152,0.1616828945571569,0,0,3.636430678466077,7.989001019548246,MEF2C;SPP1
GO_Biological_Process_2023,Chloride Transmembrane Transport (GO:1902476),1/48,0.1133380148369131,0.1639203111338248,0,0,8.642205818497612,18.81737166641443,SLC1A3
GO_Biological_Process_2023,Negative Regulation Of ERK1 And ERK2 Cascade (GO:0070373),1/48,0.1133380148369131,0.1639203111338248,0,0,8.642205818497612,18.81737166641443,PTPRC
GO_Biological_Process_2023,Negative Regulation Of Multicellular Organismal Process (GO:0051241),2/231,0.1135686052781033,0.1639203111338248,0,0,3.588245997088792,7.805684373606142,MEF2C;LDLRAD4
GO_Biological_Process_2023,Positive Regulation Of Phosphorylation (GO:0042327),2/231,0.1135686052781033,0.1639203111338248,0,0,3.588245997088792,7.805684373606142,C3;CD74
GO_Biological_Process_2023,Positive Regulation Of Developmental Process (GO:0051094),2/233,0.1151932180147547,0.165941107432561,0,0,3.5568181818181817,7.686797709159083,APOE;SORL1
GO_Biological_Process_2023,Positive Regulation Of GTPase Activity (GO:0043547),2/234,0.1160078131753534,0.1667894434563934,0,0,3.541307471264368,7.628322403441009,DOCK8;ARHGAP24
GO_Biological_Process_2023,Positive Regulation Of Transport (GO:0051050),1/50,0.1177765260040411,0.1683498118316951,0,0,8.28862973760933,17.7290996615035,APOE
GO_Biological_Process_2023,Cell Chemotaxis (GO:0060326),1/50,0.1177765260040411,0.1683498118316951,0,0,8.28862973760933,17.7290996615035,DOCK4
GO_Biological_Process_2023,Negative Regulation Of Cell Projection Organization (GO:0031345),1/50,0.1177765260040411,0.1683498118316951,0,0,8.28862973760933,17.7290996615035,APOE
GO_Biological_Process_2023,Negative Regulation Of Apoptotic Process (GO:0043066),3/482,0.1192389583091006,0.1695427208287286,0,0,2.5946342113445566,5.517815916066961,CD74;MEF2C;APOE
GO_Biological_Process_2023,Positive Regulation Of Cell Population Proliferation (GO:0008284),3/483,0.1197822479801692,0.1695427208287286,0,0,2.589095744680851,5.494267740560758,CD74;MEF2C;PTPRC
GO_Biological_Process_2023,Positive Regulation Of Protein Localization To Cell Periphery (GO:1904377),1/51,0.1199876089220907,0.1695427208287286,0,0,8.122448979591837,17.22257115519733,EPB41L2
GO_Biological_Process_2023,Regulation Of Synapse Assembly (GO:0051963),1/51,0.1199876089220907,0.1695427208287286,0,0,8.122448979591837,17.22257115519733,MEF2C
GO_Biological_Process_2023,Positive Regulation Of Ras Protein Signal Transduction (GO:0046579),1/51,0.1199876089220907,0.1695427208287286,0,0,8.122448979591837,17.22257115519733,LPAR6
GO_Biological_Process_2023,Cholesterol Transport (GO:0030301),1/51,0.1199876089220907,0.1695427208287286,0,0,8.122448979591837,17.22257115519733,APOE
GO_Biological_Process_2023,Regulation Of Inflammatory Response (GO:0050727),2/240,0.1209266562339864,0.1705435094597632,0,0,3.450980392156863,7.290441318878535,TMSB4X;APOE
GO_Biological_Process_2023,Negative Regulation Of Response To Stimulus (GO:0048585),1/52,0.1221932608707862,0.1707009825775255,0,0,7.962785114045618,16.738979733033663,INPP5D
GO_Biological_Process_2023,Icosanoid Metabolic Process (GO:0006690),1/52,0.1221932608707862,0.1707009825775255,0,0,7.962785114045618,16.738979733033663,TBXAS1
GO_Biological_Process_2023,Arachidonic Acid Metabolic Process (GO:0019369),1/52,0.1221932608707862,0.1707009825775255,0,0,7.962785114045618,16.738979733033663,TBXAS1
GO_Biological_Process_2023,Neurotransmitter Transport (GO:0006836),1/52,0.1221932608707862,0.1707009825775255,0,0,7.962785114045618,16.738979733033663,SLC1A3
GO_Biological_Process_2023,Cartilage Development (GO:0051216),1/52,0.1221932608707862,0.1707009825775255,0,0,7.962785114045618,16.738979733033663,MEF2C
GO_Biological_Process_2023,Actin Polymerization Or Depolymerization (GO:0008154),1/53,0.1243934949128716,0.1718257808235741,0,0,7.809262166405023,16.276887238960814,DIAPH2
GO_Biological_Process_2023,Regulation Of Proteasomal Protein Catabolic Process (GO:0061136),1/53,0.1243934949128716,0.1718257808235741,0,0,7.809262166405023,16.276887238960814,APOE
GO_Biological_Process_2023,mRNA Stabilization (GO:0048255),1/53,0.1243934949128716,0.1718257808235741,0,0,7.809262166405023,16.276887238960814,RBM47
GO_Biological_Process_2023,Regulation Of Receptor Signaling Pathway Via JAK-STAT (GO:0046425),1/53,0.1243934949128716,0.1718257808235741,0,0,7.809262166405023,16.276887238960814,PTPRC
GO_Biological_Process_2023,"Regulation Of Alternative mRNA Splicing, Via Spliceosome (GO:0000381)",1/53,0.1243934949128716,0.1718257808235741,0,0,7.809262166405023,16.276887238960814,RBM47
GO_Biological_Process_2023,Positive Regulation Of Chemokine Production (GO:0032722),1/53,0.1243934949128716,0.1718257808235741,0,0,7.809262166405023,16.276887238960814,CD74
GO_Biological_Process_2023,Negative Regulation Of Neuron Projection Development (GO:0010977),1/54,0.1265883240687765,0.1732384657163441,0,0,7.661532537543319,15.834970375184442,APOE
GO_Biological_Process_2023,Regulation Of Myoblast Differentiation (GO:0045661),1/54,0.1265883240687765,0.1732384657163441,0,0,7.661532537543319,15.834970375184442,MEF2C
GO_Biological_Process_2023,Mesenchymal Cell Differentiation (GO:0048762),1/54,0.1265883240687765,0.1732384657163441,0,0,7.661532537543319,15.834970375184442,MEF2C
GO_Biological_Process_2023,Regulation Of Smooth Muscle Cell Proliferation (GO:0048660),1/54,0.1265883240687765,0.1732384657163441,0,0,7.661532537543319,15.834970375184442,APOE
GO_Biological_Process_2023,Monoatomic Anion Transmembrane Transport (GO:0098656),1/54,0.1265883240687765,0.1732384657163441,0,0,7.661532537543319,15.834970375184442,SLC1A3
GO_Biological_Process_2023,Neuron Migration (GO:0001764),1/55,0.1287777613922166,0.1755844385034097,0,0,7.519274376417234,15.412009607623004,MEF2C
GO_Biological_Process_2023,"Regulation Of Synaptic Transmission, Glutamatergic (GO:0051966)",1/55,0.1287777613922166,0.1755844385034097,0,0,7.519274376417234,15.412009607623004,MEF2C
GO_Biological_Process_2023,post-Golgi Vesicle-Mediated Transport (GO:0006892),1/56,0.1309618198144747,0.1779058544906191,0,0,7.382189239332097,15.00687933540933,SORL1
GO_Biological_Process_2023,Mitotic DNA Damage Checkpoint Signaling (GO:0044773),1/56,0.1309618198144747,0.1779058544906191,0,0,7.382189239332097,15.00687933540933,FOXN3
GO_Biological_Process_2023,Myeloid Cell Differentiation (GO:0030099),1/57,0.1331405122852093,0.1805336487683847,0,0,7.25,14.618539131965724,RUNX1
GO_Biological_Process_2023,Glycosaminoglycan Biosynthetic Process (GO:0006024),1/58,0.1353138517398134,0.1821437822144301,0,0,7.122448979591836,14.246025949065045,CHST11
GO_Biological_Process_2023,Regulation Of Phagocytosis (GO:0050764),1/58,0.1353138517398134,0.1821437822144301,0,0,7.122448979591836,14.246025949065045,PTPRC
GO_Biological_Process_2023,Memory (GO:0007613),1/58,0.1353138517398134,0.1821437822144301,0,0,7.122448979591836,14.246025949065045,APOE
GO_Biological_Process_2023,Response To Organic Cyclic Compound (GO:0014070),1/58,0.1353138517398134,0.1821437822144301,0,0,7.122448979591836,14.246025949065045,SPP1
GO_Biological_Process_2023,Positive Regulation Of Protein Binding (GO:0032092),1/59,0.1374818510452552,0.1837234862973663,0,0,6.999296270232231,13.8884471557023,APOE
GO_Biological_Process_2023,Positive Regulation Of Proteolysis (GO:0045862),1/59,0.1374818510452552,0.1837234862973663,0,0,6.999296270232231,13.8884471557023,APOE
GO_Biological_Process_2023,Cellular Response To Chemokine (GO:1990869),1/59,0.1374818510452552,0.1837234862973663,0,0,6.999296270232231,13.8884471557023,DOCK8
GO_Biological_Process_2023,Negative Regulation Of Cytokine-Mediated Signaling Pathway (GO:0001960),1/59,0.1374818510452552,0.1837234862973663,0,0,6.999296270232231,13.8884471557023,PTPRC
GO_Biological_Process_2023,Sterol Metabolic Process (GO:0016125),1/60,0.1396445230534406,0.1862767193799506,0,0,6.88031822898651,13.544974303558986,APOE
GO_Biological_Process_2023,Positive Regulation Of Interleukin-8 Production (GO:0032757),1/61,0.1418018805927374,0.1883322431227377,0,0,6.76530612244898,13.214837540593155,CD74
GO_Biological_Process_2023,Regulation Of Pathway-Restricted SMAD Protein Phosphorylation (GO:0060393),1/61,0.1418018805927374,0.1883322431227377,0,0,6.76530612244898,13.214837540593155,LDLRAD4
GO_Biological_Process_2023,Regulation Of Protein Phosphorylation (GO:0001932),2/265,0.1419500127460959,0.1883322431227377,0,0,3.118979721166033,6.089122685288893,C3;CD74
GO_Biological_Process_2023,Negative Regulation Of Signal Transduction (GO:0009968),2/267,0.1436652916283004,0.19026639876938,0,0,3.095125786163522,6.005376764494242,PTPRC;INPP5D
GO_Biological_Process_2023,Negative Regulation Of Kinase Activity (GO:0033673),1/62,0.1439539364695556,0.1903076190536702,0,0,6.654064904650385,12.897320592663672,PTPRC
GO_Biological_Process_2023,Inorganic Anion Transmembrane Transport (GO:0098661),1/63,0.1461007034145454,0.192114626020194,0,0,6.54641211323239,12.591756250239603,SLC1A3
GO_Biological_Process_2023,Protein Polymerization (GO:0051258),1/63,0.1461007034145454,0.192114626020194,0,0,6.54641211323239,12.591756250239603,DIAPH2
GO_Biological_Process_2023,Phosphatidylinositol Metabolic Process (GO:0046488),1/63,0.1461007034145454,0.192114626020194,0,0,6.54641211323239,12.591756250239603,INPP5D
GO_Biological_Process_2023,Protein N-linked Glycosylation (GO:0006487),1/64,0.1482421941802595,0.1938955424764811,0,0,6.442176870748299,12.297522293260638,ST6GAL1
GO_Biological_Process_2023,Regulation Of Secretion By Cell (GO:1903530),1/64,0.1482421941802595,0.1938955424764811,0,0,6.442176870748299,12.297522293260638,MEF2C
GO_Biological_Process_2023,Negative Regulation Of Cell Death (GO:0060548),1/64,0.1482421941802595,0.1938955424764811,0,0,6.442176870748299,12.297522293260638,SORL1
GO_Biological_Process_2023,Chemical Synaptic Transmission (GO:0007268),2/273,0.148837930516961,0.1943307962050074,0,0,3.0256765067650675,5.763602946924966,SLC1A3;APOE
GO_Biological_Process_2023,Positive Regulation Of T Cell Proliferation (GO:0042102),1/65,0.1503784214913892,0.1959958615205231,0,0,6.341198979591836,12.01403781811508,PTPRC
GO_Biological_Process_2023,Negative Regulation Of Endopeptidase Activity (GO:0010951),1/66,0.1525093979756266,0.1980745959648297,0,0,6.243328100470958,11.740759916332207,SORL1
GO_Biological_Process_2023,Response To Reactive Oxygen Species (GO:0000302),1/66,0.1525093979756266,0.1980745959648297,0,0,6.243328100470958,11.740759916332207,APOE
GO_Biological_Process_2023,Regulation Of Neurogenesis (GO:0050767),1/67,0.1546351363099914,0.1997821079249714,0,0,6.148423005565863,11.477180657220888,SORL1
GO_Biological_Process_2023,Cholesterol Metabolic Process (GO:0008203),1/67,0.1546351363099914,0.1997821079249714,0,0,6.148423005565863,11.477180657220888,APOE
GO_Biological_Process_2023,Negative Regulation Of Cellular Catabolic Process (GO:0031330),1/67,0.1546351363099914,0.1997821079249714,0,0,6.148423005565863,11.477180657220888,SORL1
GO_Biological_Process_2023,Monoatomic Cation Transmembrane Transport (GO:0098655),2/281,0.155794181776059,0.2009282728316014,0,0,2.9377240143369177,5.4618737449514505,SLC9A9;SLC1A3
GO_Biological_Process_2023,B Cell Differentiation (GO:0030183),1/68,0.1567556490806558,0.2014650863836603,0,0,6.056350898568383,11.222824361971773,PTPRC
GO_Biological_Process_2023,Neuropeptide Signaling Pathway (GO:0007218),1/68,0.1567556490806558,0.2014650863836603,0,0,6.056350898568383,11.222824361971773,SORL1
GO_Biological_Process_2023,Inorganic Cation Transmembrane Transport (GO:0098662),2/284,0.1584193142173303,0.2031239294518369,0,0,2.9060283687943262,5.354385963176766,SLC9A9;SLC1A3
GO_Biological_Process_2023,Regulation Of Heart Contraction (GO:0008016),1/69,0.158870948881139,0.2031239294518369,0,0,5.966986794717887,10.977245117600177,MEF2A
GO_Biological_Process_2023,Regulation Of Monoatomic Ion Transmembrane Transporter Activity (GO:0032412),1/69,0.158870948881139,0.2031239294518369,0,0,5.966986794717887,10.977245117600177,MEF2C
GO_Biological_Process_2023,Negative Regulation Of Epithelial Cell Proliferation (GO:0050680),1/70,0.1609810482853106,0.2033589652698197,0,0,5.880212954747116,10.740024519792764,APOE
GO_Biological_Process_2023,Sulfur Compound Biosynthetic Process (GO:0044272),1/70,0.1609810482853106,0.2033589652698197,0,0,5.880212954747116,10.740024519792764,CHST11
GO_Biological_Process_2023,Positive Regulation Of Protein Transport (GO:0051222),1/70,0.1609810482853106,0.2033589652698197,0,0,5.880212954747116,10.740024519792764,FRMD4A
GO_Biological_Process_2023,Regulation Of G Protein-Coupled Receptor Signaling Pathway (GO:0008277),1/70,0.1609810482853106,0.2033589652698197,0,0,5.880212954747116,10.740024519792764,C3
GO_Biological_Process_2023,Regulation Of Notch Signaling Pathway (GO:0008593),1/70,0.1609810482853106,0.2033589652698197,0,0,5.880212954747116,10.740024519792764,BMP2K
GO_Biological_Process_2023,Regulation Of Actin Filament Polymerization (GO:0030833),1/70,0.1609810482853106,0.2033589652698197,0,0,5.880212954747116,10.740024519792764,SSH2
GO_Biological_Process_2023,Regulation Of Cellular Biosynthetic Process (GO:0031326),1/70,0.1609810482853106,0.2033589652698197,0,0,5.880212954747116,10.740024519792764,C3
GO_Biological_Process_2023,Regulation Of Hydrolase Activity (GO:0051336),1/71,0.16308595979881,0.2046188867424798,0,0,5.795918367346939,10.51076961698872,ARHGAP15
GO_Biological_Process_2023,Negative Regulation Of Protein Binding (GO:0032091),1/71,0.16308595979881,0.2046188867424798,0,0,5.795918367346939,10.51076961698872,SORL1
GO_Biological_Process_2023,Myeloid Leukocyte Differentiation (GO:0002573),1/71,0.16308595979881,0.2046188867424798,0,0,5.795918367346939,10.51076961698872,RUNX1
GO_Biological_Process_2023,Negative Regulation Of Cellular Response To Growth Factor Stimulus (GO:0090288),1/71,0.16308595979881,0.2046188867424798,0,0,5.795918367346939,10.51076961698872,SORL1
GO_Biological_Process_2023,Cholesterol Homeostasis (GO:0042632),1/72,0.1651856959101235,0.2062030899959143,0,0,5.713998275366484,10.28911103101624,APOE
GO_Biological_Process_2023,Second-Messenger-Mediated Signaling (GO:0019932),1/72,0.1651856959101235,0.2062030899959143,0,0,5.713998275366484,10.28911103101624,APOE
GO_Biological_Process_2023,Negative Regulation Of Cell Adhesion (GO:0007162),1/72,0.1651856959101235,0.2062030899959143,0,0,5.713998275366484,10.28911103101624,PTPRC
GO_Biological_Process_2023,Sterol Homeostasis (GO:0055092),1/73,0.1672802691231711,0.207764905684073,0,0,5.634353741496598,10.074701240888364,APOE
GO_Biological_Process_2023,Positive Regulation Of Secretion By Cell (GO:1903532),1/73,0.1672802691231711,0.207764905684073,0,0,5.634353741496598,10.074701240888364,FRMD4A
GO_Biological_Process_2023,Monocarboxylic Acid Transport (GO:0015718),1/73,0.1672802691231711,0.207764905684073,0,0,5.634353741496598,10.074701240888364,SLCO2B1
GO_Biological_Process_2023,Regulation Of BMP Signaling Pathway (GO:0030510),1/75,0.1714539764404576,0.2125914238078828,0,0,5.4815223386651954,9.666337985731484,SORL1
GO_Biological_Process_2023,Positive Regulation Of Interleukin-6 Production (GO:0032755),1/76,0.1735331353639065,0.2144498110935233,0,0,5.408163265306122,9.4717853003048,CD74
GO_Biological_Process_2023,Positive Regulation Of Protein Secretion (GO:0050714),1/76,0.1735331353639065,0.2144498110935233,0,0,5.408163265306122,9.4717853003048,FRMD4A
GO_Biological_Process_2023,Regulation Of Immune Response (GO:0050776),1/77,0.1756071809118701,0.2152134439367695,0,0,5.336734693877551,9.283280446293812,INPP5D
GO_Biological_Process_2023,Actomyosin Structure Organization (GO:0031032),1/77,0.1756071809118701,0.2152134439367695,0,0,5.336734693877551,9.283280446293812,EPB41L2
GO_Biological_Process_2023,Negative Regulation Of Transforming Growth Factor Beta Receptor Signaling Pathway (GO:0030512),1/77,0.1756071809118701,0.2152134439367695,0,0,5.336734693877551,9.283280446293812,LDLRAD4
GO_Biological_Process_2023,Chloride Transport (GO:0006821),1/77,0.1756071809118701,0.2152134439367695,0,0,5.336734693877551,9.283280446293812,SLC1A3
GO_Biological_Process_2023,Regulation Of T Cell Proliferation (GO:0042129),1/77,0.1756071809118701,0.2152134439367695,0,0,5.336734693877551,9.283280446293812,PTPRC
GO_Biological_Process_2023,Positive Regulation Of Tumor Necrosis Factor Production (GO:0032760),1/78,0.1776761254379788,0.2173885044679906,0,0,5.267161410018553,9.10056411919043,PTPRC
GO_Biological_Process_2023,Regulation Of Neuron Differentiation (GO:0045664),1/79,0.1797399811935544,0.2188267645832565,0,0,5.199372056514914,8.923391206941128,MEF2C
GO_Biological_Process_2023,Positive Regulation Of Catabolic Process (GO:0009896),1/79,0.1797399811935544,0.2188267645832565,0,0,5.199372056514914,8.923391206941128,SORL1
GO_Biological_Process_2023,Negative Regulation Of Cellular Component Organization (GO:0051129),1/79,0.1797399811935544,0.2188267645832565,0,0,5.199372056514914,8.923391206941128,SORL1
GO_Biological_Process_2023,Glycoprotein Biosynthetic Process (GO:0009101),1/80,0.181798760490535,0.2206063776724226,0,0,5.133298889175924,8.751529842637671,CHST11
GO_Biological_Process_2023,Response To Type II Interferon (GO:0034341),1/80,0.181798760490535,0.2206063776724226,0,0,5.133298889175924,8.751529842637671,CD74
GO_Biological_Process_2023,Macromolecule Modification (GO:0043412),1/81,0.1838524754991919,0.2223682150473041,0,0,5.0688775510204085,8.584760541358477,ST6GAL1
GO_Biological_Process_2023,Negative Regulation Of NF-kappaB Transcription Factor Activity (GO:0032088),1/81,0.1838524754991919,0.2223682150473041,0,0,5.0688775510204085,8.584760541358477,TMSB4X
GO_Biological_Process_2023,Protein Transport (GO:0015031),2/313,0.1841999199873407,0.2224244131873281,0,0,2.6311629153269025,4.451226683411255,CD74;APOE
GO_Biological_Process_2023,Positive Regulation Of Tumor Necrosis Factor Superfamily Cytokine Production (GO:1903557),1/82,0.1859011384602527,0.2237474614366885,0,0,5.00604686318972,8.422875391899517,PTPRC
GO_Biological_Process_2023,Sodium Ion Transmembrane Transport (GO:0035725),1/82,0.1859011384602527,0.2237474614366885,0,0,5.00604686318972,8.422875391899517,SLC9A9
GO_Biological_Process_2023,Regulation Of Epithelial To Mesenchymal Transition (GO:0010717),1/83,0.1879447615357932,0.22510725895454,0,0,4.944748631159781,8.265677319811374,LDLRAD4
GO_Biological_Process_2023,Phospholipase C-activating G Protein-Coupled Receptor Signaling Pathway (GO:0007200),1/83,0.1879447615357932,0.22510725895454,0,0,4.944748631159781,8.265677319811374,LPAR6
GO_Biological_Process_2023,Regulation Of NIK/NF-kappaB Signaling (GO:1901222),1/83,0.1879447615357932,0.22510725895454,0,0,4.944748631159781,8.265677319811374,TMSB4X
GO_Biological_Process_2023,Regulation Of Kinase Activity (GO:0043549),1/85,0.1920169366451308,0.2281358781041024,0,0,4.826530612244898,7.964604221414354,CD74
GO_Biological_Process_2023,Integrin-Mediated Signaling Pathway (GO:0007229),1/85,0.1920169366451308,0.2281358781041024,0,0,4.826530612244898,7.964604221414354,FYB1
GO_Biological_Process_2023,Regulation Of Osteoblast Differentiation (GO:0045667),1/85,0.1920169366451308,0.2281358781041024,0,0,4.826530612244898,7.964604221414354,MEF2C
GO_Biological_Process_2023,Calcium-Mediated Signaling (GO:0019722),1/85,0.1920169366451308,0.2281358781041024,0,0,4.826530612244898,7.964604221414354,PTPRC
GO_Biological_Process_2023,Positive Regulation Of Endothelial Cell Migration (GO:0010595),1/85,0.1920169366451308,0.2281358781041024,0,0,4.826530612244898,7.964604221414354,TMSB4X
GO_Biological_Process_2023,Negative Regulation Of Binding (GO:0051100),1/86,0.1940455128548384,0.2301759775276494,0,0,4.769507803121249,7.820383303288144,SORL1
GO_Biological_Process_2023,Intracellular Protein Transport (GO:0006886),2/325,0.1950485906681256,0.2309950456790783,0,0,2.531862745098039,4.138346287519224,CD74;SORL1
GO_Biological_Process_2023,Regulation Of Endothelial Cell Migration (GO:0010594),1/88,0.1980877029036425,0.2342188999132669,0,0,4.659394792399718,7.5437717166037235,APOE
GO_Biological_Process_2023,Organic Anion Transport (GO:0015711),1/89,0.2001013407742902,0.2362218703389784,0,0,4.606215213358071,7.411084001248333,SLCO2B1
GO_Biological_Process_2023,Lymphocyte Differentiation (GO:0030098),1/91,0.2041137620931186,0.2398093325704525,0,0,4.503401360544218,7.156255051106618,PTPRC
GO_Biological_Process_2023,Positive Regulation Of MAP Kinase Activity (GO:0043406),1/91,0.2041137620931186,0.2398093325704525,0,0,4.503401360544218,7.156255051106618,MEF2C
GO_Biological_Process_2023,Positive Regulation Of Binding (GO:0051099),1/91,0.2041137620931186,0.2398093325704525,0,0,4.503401360544218,7.156255051106618,APOE
GO_Biological_Process_2023,Positive Regulation Of Neuron Projection Development (GO:0010976),1/92,0.2061125694363157,0.2416702041318005,0,0,4.453689167974883,7.03385741012878,APOE
GO_Biological_Process_2023,Positive Regulation Of Transcription By RNA Polymerase II (GO:0045944),4/938,0.2063516898608472,0.2416702041318005,0,0,1.7704124383204545,2.794017699494652,MEF2A;MEF2C;MAML3;RUNX1
GO_Biological_Process_2023,Regulation Of Endothelial Cell Proliferation (GO:0001936),1/93,0.2081064570390282,0.2429552476332414,0,0,4.40505767524401,6.914643337844717,APOE
GO_Biological_Process_2023,Protein O-linked Glycosylation (GO:0006493),1/93,0.2081064570390282,0.2429552476332414,0,0,4.40505767524401,6.914643337844717,ST6GAL1
GO_Biological_Process_2023,"Regulation Of mRNA Splicing, Via Spliceosome (GO:0048024)",1/94,0.2100954368002021,0.2445047681816525,0,0,4.357472021066491,6.79849904676328,RBM47
GO_Biological_Process_2023,Cellular Response To Hormone Stimulus (GO:0032870),1/94,0.2100954368002021,0.2445047681816525,0,0,4.357472021066491,6.79849904676328,MEF2C
GO_Biological_Process_2023,Positive Regulation Of Supramolecular Fiber Organization (GO:1902905),1/96,0.2140587201245348,0.2479457588903311,0,0,4.26530612244898,6.5749903239841245,APOE
GO_Biological_Process_2023,Regulation Of Protein Metabolic Process (GO:0051246),1/96,0.2140587201245348,0.2479457588903311,0,0,4.26530612244898,6.5749903239841245,APOE
GO_Biological_Process_2023,Cellular Response To Transforming Growth Factor Beta Stimulus (GO:0071560),1/96,0.2140587201245348,0.2479457588903311,0,0,4.26530612244898,6.5749903239841245,MEF2C
GO_Biological_Process_2023,Phosphatidylinositol Biosynthetic Process (GO:0006661),1/98,0.2180025137484037,0.2521187130830522,0,0,4.176940879444562,6.362519703204576,INPP5D
GO_Biological_Process_2023,Activation Of GTPase Activity (GO:0090630),1/102,0.2258320069783284,0.2603585852683068,0,0,4.010709234188725,5.967790506031058,ARHGAP24
GO_Biological_Process_2023,Protein Catabolic Process (GO:0030163),1/102,0.2258320069783284,0.2603585852683068,0,0,4.010709234188725,5.967790506031058,APOE
GO_Biological_Process_2023,Inorganic Cation Import Across Plasma Membrane (GO:0098659),1/103,0.2277773453985499,0.2621923025693588,0,0,3.971188475390156,5.874923343943355,SLC9A9
GO_Biological_Process_2023,Positive Regulation Of Vasculature Development (GO:1904018),1/104,0.2297178930745814,0.2640148102365718,0,0,3.932435109966317,5.78423168094792,RUNX1
GO_Biological_Process_2023,Positive Regulation Of Macromolecule Metabolic Process (GO:0010604),2/364,0.2308123535024988,0.2648607596868736,0,0,2.2546040515653774,3.3055882286347837,CD74;MEF2C
GO_Biological_Process_2023,Lysosomal Transport (GO:0007041),1/105,0.2316536615468536,0.2650031824816174,0,0,3.8944270015698583,5.6956456810845415,SORL1
GO_Biological_Process_2023,Cellular Response To Organonitrogen Compound (GO:0071417),1/105,0.2316536615468536,0.2650031824816174,0,0,3.8944270015698583,5.6956456810845415,MEF2C
GO_Biological_Process_2023,Glycerophospholipid Biosynthetic Process (GO:0046474),1/108,0.2374324069826741,0.2711940475428072,0,0,3.7846652679763495,5.441865346754643,INPP5D
GO_Biological_Process_2023,Response To Lipid (GO:0033993),1/110,0.241261218690496,0.2751420379819083,0,0,3.714847406852649,5.282048795926194,SPP1
GO_Biological_Process_2023,Negative Regulation Of Inflammatory Response (GO:0050728),1/111,0.2431685532271013,0.2760392639551887,0,0,3.6808905380333954,5.20478084558139,APOE
GO_Biological_Process_2023,Regulation Of Transforming Growth Factor Beta Receptor Signaling Pathway (GO:0017015),1/111,0.2431685532271013,0.2760392639551887,0,0,3.6808905380333954,5.20478084558139,LDLRAD4
GO_Biological_Process_2023,Cytoskeleton Organization (GO:0007010),1/111,0.2431685532271013,0.2760392639551887,0,0,3.6808905380333954,5.20478084558139,APOE
GO_Biological_Process_2023,Negative Regulation Of Defense Response (GO:0031348),1/112,0.2450711886958998,0.2777724055924386,0,0,3.647545504688362,5.129202360192396,APOE
GO_Biological_Process_2023,Regulation Of Interleukin-6 Production (GO:0032675),1/114,0.2488624078588274,0.2812069104092867,0,0,3.582625970742279,4.982913653406146,CD74
GO_Biological_Process_2023,Negative Regulation Of Canonical Wnt Signaling Pathway (GO:0090090),1/114,0.2488624078588274,0.2812069104092867,0,0,3.582625970742279,4.982913653406146,APOE
GO_Biological_Process_2023,Negative Regulation Of DNA-templated Transcription (GO:0045892),4/1025,0.2531480899318741,0.2856128831445114,0,0,1.6121449559255632,2.214733506427913,MEF2A;MEF2C;FOXN3;RUNX1
GO_Biological_Process_2023,Positive Regulation Of Protein Serine/Threonine Kinase Activity (GO:0071902),1/117,0.2545142764118688,0.2858450611981323,0,0,3.4894440534834623,4.774949480472317,MEF2C
GO_Biological_Process_2023,Protein Maturation (GO:0051604),1/117,0.2545142764118688,0.2858450611981323,0,0,3.4894440534834623,4.774949480472317,SORL1
GO_Biological_Process_2023,Cellular Response To Molecule Of Bacterial Origin (GO:0071219),1/117,0.2545142764118688,0.2858450611981323,0,0,3.4894440534834623,4.774949480472317,MEF2C
GO_Biological_Process_2023,Regulation Of Protein Binding (GO:0043393),1/118,0.2563889548341396,0.2870779357915593,0,0,3.4594453165881736,4.708511372057024,SORL1
GO_Biological_Process_2023,Positive Regulation Of Cell Projection Organization (GO:0031346),1/118,0.2563889548341396,0.2870779357915593,0,0,3.4594453165881736,4.708511372057024,APOE
GO_Biological_Process_2023,Regulation Of Protein Kinase Activity (GO:0045859),1/119,0.2582590130323782,0.2878633644508711,0,0,3.429955032860602,4.643446613966543,PTPRC
GO_Biological_Process_2023,Cellular Response To Tumor Necrosis Factor (GO:0071356),1/119,0.2582590130323782,0.2878633644508711,0,0,3.429955032860602,4.643446613966543,TMSB4X
GO_Biological_Process_2023,Positive Regulation Of Angiogenesis (GO:0045766),1/119,0.2582590130323782,0.2878633644508711,0,0,3.429955032860602,4.643446613966543,RUNX1
GO_Biological_Process_2023,Organonitrogen Compound Biosynthetic Process (GO:1901566),1/123,0.2656932663769877,0.2948158015804714,0,0,3.3168283706925394,4.396166676729281,APOE
GO_Biological_Process_2023,Modulation Of Chemical Synaptic Transmission (GO:0050804),1/123,0.2656932663769877,0.2948158015804714,0,0,3.3168283706925394,4.396166676729281,MEF2C
GO_Biological_Process_2023,Regulation Of Cell Motility (GO:2000145),1/123,0.2656932663769877,0.2948158015804714,0,0,3.3168283706925394,4.396166676729281,TMSB4X
GO_Biological_Process_2023,Cellular Response To Lipopolysaccharide (GO:0071222),1/124,0.2675403902734135,0.2959765694791206,0,0,3.2896963663514187,4.337414433160371,MEF2C
GO_Biological_Process_2023,Positive Regulation Of Defense Response (GO:0031349),1/124,0.2675403902734135,0.2959765694791206,0,0,3.2896963663514187,4.337414433160371,MEF2C
GO_Biological_Process_2023,Response To Cytokine (GO:0034097),1/125,0.2693829605231016,0.2975695184253693,0,0,3.263001974983542,4.279822783786303,CD74
GO_Biological_Process_2023,Cellular Response To Oxygen-Containing Compound (GO:1901701),2/406,0.2697999540964702,0.29758532250342,0,0,2.0158828382838285,2.6409567122033994,MEF2A;MEF2C
GO_Biological_Process_2023,Positive Regulation Of Intracellular Protein Transport (GO:0090316),1/126,0.2712209880572274,0.2982623663307902,0,0,3.236734693877551,4.223360488574632,SORL1
GO_Biological_Process_2023,Protein-Containing Complex Organization (GO:0043933),1/126,0.2712209880572274,0.2982623663307902,0,0,3.236734693877551,4.223360488574632,CD74
GO_Biological_Process_2023,Regulation Of Response To External Stimulus (GO:0032101),1/127,0.2730544838638846,0.2989440941857936,0,0,3.2108843537414966,4.167997377843627,TMSB4X
GO_Biological_Process_2023,Regulation Of Tumor Necrosis Factor Production (GO:0032680),1/127,0.2730544838638846,0.2989440941857936,0,0,3.2108843537414966,4.167997377843627,PTPRC
GO_Biological_Process_2023,Regulation Of Anatomical Structure Morphogenesis (GO:0022603),1/127,0.2730544838638846,0.2989440941857936,0,0,3.2108843537414966,4.167997377843627,MEF2C
GO_Biological_Process_2023,Protein Targeting (GO:0006605),1/129,0.2767079241059198,0.3024957927725957,0,0,3.1603954081632653,4.060453122404681,SORL1
GO_Biological_Process_2023,Golgi Organization (GO:0007030),1/130,0.2785278903472666,0.3040356144263368,0,0,3.135738016136687,4.008216604624779,ATP8B4
GO_Biological_Process_2023,Synapse Organization (GO:0050808),1/131,0.2803433684983951,0.3055660019473658,0,0,3.111459968602826,3.956968446025251,C1QB
GO_Biological_Process_2023,Organelle Organization (GO:0006996),2/418,0.280963082652539,0.305790453726401,0,0,1.956530448717949,2.4838780072435296,ATP8B4;APOE
GO_Biological_Process_2023,Plasma Membrane Bounded Cell Projection Organization (GO:0120036),1/132,0.2821543693990505,0.3066354102733798,0,0,3.087552578283222,3.906683206158155,APOE
GO_Biological_Process_2023,Protein Localization To Organelle (GO:0033365),1/137,0.2911425929329805,0.3154756248936548,0,0,2.9732893157262907,3.668866926816198,SORL1
GO_Biological_Process_2023,Protein Localization To Plasma Membrane (GO:0072659),1/137,0.2911425929329805,0.3154756248936548,0,0,2.9732893157262907,3.668866926816198,FYB1
GO_Biological_Process_2023,Nervous System Development (GO:0007399),2/433,0.2949048564079534,0.3190844639611677,0,0,1.8869876256767208,2.3042052983410377,MEF2C;ARHGAP26
GO_Biological_Process_2023,Negative Regulation Of Wnt Signaling Pathway (GO:0030178),1/140,0.2964824884084789,0.3203224545816753,0,0,2.9086771399207163,3.5362740390257685,APOE
GO_Biological_Process_2023,Negative Regulation Of Transcription By RNA Polymerase II (GO:0000122),3/763,0.2977324504121457,0.3212033297147091,0,0,1.6117021276595744,1.952673851005435,MEF2A;MEF2C;RUNX1
GO_Biological_Process_2023,Protein Localization To Cell Periphery (GO:1990778),1/142,0.3000204969826995,0.3231999231344241,0,0,2.8671298306556667,3.4517504575709377,FYB1
GO_Biological_Process_2023,Positive Regulation Of Protein Kinase Activity (GO:0045860),1/145,0.3052948386142571,0.3284030360057293,0,0,2.806972789115646,3.330409454829651,PTPRC
GO_Biological_Process_2023,Negative Regulation Of Response To External Stimulus (GO:0032102),1/146,0.307044282279795,0.3288488762387949,0,0,2.7874736101337088,3.291346538126983,APOE
GO_Biological_Process_2023,Neuron Projection Morphogenesis (GO:0048812),1/146,0.307044282279795,0.3288488762387949,0,0,2.7874736101337088,3.291346538126983,MEF2A
GO_Biological_Process_2023,Positive Regulation Of Cellular Catabolic Process (GO:0031331),1/146,0.307044282279795,0.3288488762387949,0,0,2.7874736101337088,3.291346538126983,APOE
GO_Biological_Process_2023,Negative Regulation Of Protein Metabolic Process (GO:0051248),1/147,0.3087894082520855,0.3302393237312463,0,0,2.7682415431926195,3.252948903166252,APOE
GO_Biological_Process_2023,Defense Response To Symbiont (GO:0140546),1/148,0.3105302270346101,0.3316211528592151,0,0,2.749271137026239,3.215201203875706,PTPRC
GO_Biological_Process_2023,Negative Regulation Of DNA-binding Transcription Factor Activity (GO:0043433),1/149,0.3122667490151626,0.3327834883446796,0,0,2.7305570876999448,3.1780885451938787,TMSB4X
GO_Biological_Process_2023,Regulation Of Nucleic Acid-Templated Transcription (GO:1903506),2/452,0.3125192705158425,0.3327834883446796,0,0,1.805555555555556,2.100022069268198,MEF2C;FOXN3
GO_Biological_Process_2023,Regulation Of Cellular Component Organization (GO:0051128),1/153,0.3191700762858281,0.3393765271585999,0,0,2.6581632653061225,3.0357052873752,APOE
GO_Biological_Process_2023,Cellular Response To Growth Factor Stimulus (GO:0071363),1/155,0.3225962281219006,0.3425267422156386,0,0,2.623376623376624,2.9679671260643183,MEF2C
GO_Biological_Process_2023,Response To Lipopolysaccharide (GO:0032496),1/159,0.329397918202972,0.3492468601893778,0,0,2.556445362955309,2.838903895377205,MEF2C
GO_Biological_Process_2023,Mitochondrion Organization (GO:0007005),1/162,0.3344552195120095,0.354100869941798,0,0,2.508429458740017,2.747363087126053,MEF2A
GO_Biological_Process_2023,Positive Regulation Of Gene Expression (GO:0010628),2/480,0.3383207061635654,0.3576809754719239,0,0,1.697350069735007,1.8395218064731955,CD74;MEF2C
GO_Biological_Process_2023,Regulation Of Cytokine Production (GO:0001817),1/167,0.3428011172608443,0.3619000366510913,0,0,2.432259650848291,2.603988937414043,PTPRC
GO_Biological_Process_2023,Regulation Of DNA-templated Transcription (GO:0006355),6/1922,0.3478780078869155,0.3667358742203003,0,0,1.2834978174226608,1.3552497256281857,CD74;MEF2C;SPP1;APOE;FOXN3;RUNX1
GO_Biological_Process_2023,Regulation Of Neuron Projection Development (GO:0010975),1/174,0.3543133002736421,0.3729879329091474,0,0,2.333018756635602,2.4206789693623425,APOE
GO_Biological_Process_2023,Positive Regulation Of I-kappaB kinase/NF-kappaB Signaling (GO:0043123),1/175,0.3559416811668189,0.3741691356789177,0,0,2.319493314567206,2.396009637948729,CD74
GO_Biological_Process_2023,Positive Regulation Of Hydrolase Activity (GO:0051345),1/176,0.3575660373570176,0.3753427579642557,0,0,2.306122448979592,2.3716975343886144,DOCK8
GO_Biological_Process_2023,Macromolecule Biosynthetic Process (GO:0009059),1/183,0.3688246532278824,0.3866119414686597,0,0,2.216640502354788,2.2109524751177334,APOE
GO_Biological_Process_2023,Defense Response To Virus (GO:0051607),1/189,0.3783208179838206,0.3960043689660672,0,0,2.1452453321754232,2.085205747179162,PTPRC
GO_Biological_Process_2023,Positive Regulation Of Intracellular Signal Transduction (GO:1902533),2/525,0.3791874550703379,0.3963501121598016,0,0,1.547721478648821,1.5008635790547311,CD74;PTPRC
GO_Biological_Process_2023,Neuron Projection Development (GO:0031175),1/192,0.3830162518398707,0.399222863342263,0,0,2.111229832247035,2.02610052252205,APOE
GO_Biological_Process_2023,Protein Localization To Membrane (GO:0072657),1/192,0.3830162518398707,0.399222863342263,0,0,2.111229832247035,2.02610052252205,FYB1
GO_Biological_Process_2023,Regulation Of Signal Transduction (GO:0009966),1/193,0.3845736595908477,0.3997186138363383,0,0,2.100127551020408,2.006923755847897,INPP5D
GO_Biological_Process_2023,Regulation Of Cell Differentiation (GO:0045595),1/193,0.3845736595908477,0.3997186138363383,0,0,2.100127551020408,2.006923755847897,RUNX1
GO_Biological_Process_2023,Endomembrane System Organization (GO:0010256),1/196,0.3892228030956766,0.4039826565838554,0,0,2.0675039246467817,1.9509036102620232,ATP8B4
GO_Biological_Process_2023,Golgi Vesicle Transport (GO:0048193),1/197,0.3907648554462843,0.4050143452662049,0,0,2.056851311953353,1.9327188803146695,SORL1
GO_Biological_Process_2023,DNA-templated Transcription (GO:0006351),1/199,0.3938375225272607,0.4070572435631407,0,0,2.03586889301175,1.897056906545971,MEF2A
GO_Biological_Process_2023,Anterograde Trans-Synaptic Signaling (GO:0098916),1/199,0.3938375225272607,0.4070572435631407,0,0,2.03586889301175,1.897056906545971,SLC1A3
GO_Biological_Process_2023,Organic Substance Transport (GO:0071702),1/201,0.3968950010648283,0.4096444214900951,0,0,2.01530612244898,1.8623111638641865,SLCO2B1
GO_Biological_Process_2023,Regulation Of Angiogenesis (GO:0045765),1/205,0.4029646862685204,0.4153290141596047,0,0,1.975390156062425,1.7954446526222323,RUNX1
GO_Biological_Process_2023,Regulation Of Canonical Wnt Signaling Pathway (GO:0060828),1/207,0.4059770389691228,0.4172698634188898,0,0,1.9560134733505048,1.7632653144438126,APOE
GO_Biological_Process_2023,Negative Regulation Of Cell Differentiation (GO:0045596),1/207,0.4059770389691228,0.4172698634188898,0,0,1.9560134733505048,1.7632653144438126,LDLRAD4
GO_Biological_Process_2023,Negative Regulation Of Intracellular Signal Transduction (GO:1902532),1/231,0.4409837467017168,0.4526208177952343,0,0,1.749778172138421,1.4326260836369302,TMSB4X
GO_Biological_Process_2023,Regulation Of I-kappaB kinase/NF-kappaB Signaling (GO:0043122),1/232,0.4423976147030889,0.4534422153475488,0,0,1.7421150278293136,1.420775326637273,CD74
GO_Biological_Process_2023,Cytokine-Mediated Signaling Pathway (GO:0019221),1/257,0.4766271360567566,0.4878496586508908,0,0,1.5699936224489797,1.163397897422231,TMSB4X
GO_Biological_Process_2023,Cellular Component Assembly (GO:0022607),1/260,0.4805936590136502,0.4912292033348374,0,0,1.5515719801434087,1.1368882239388218,CD74
GO_Biological_Process_2023,Positive Regulation Of Cell Migration (GO:0030335),1/272,0.4961672405115914,0.5064469485332405,0,0,1.4819640033135024,1.0386229578078996,PTPRC
GO_Biological_Process_2023,Central Nervous System Development (GO:0007417),1/283,0.5100404581381273,0.5191734140001047,0,0,1.4233608336951802,0.9582993544129657,C3
GO_Biological_Process_2023,Positive Regulation Of Cell Differentiation (GO:0045597),1/283,0.5100404581381273,0.5191734140001047,0,0,1.4233608336951802,0.9582993544129657,MEF2C
GO_Biological_Process_2023,Gene Expression (GO:0010467),1/296,0.5259539383992272,0.5346354339436435,0,0,1.359737115185057,0.8736877155004001,SORL1
GO_Biological_Process_2023,Regulation Of Cell Cycle (GO:0051726),1/298,0.5283567775332543,0.5363401903805973,0,0,1.3504432075860646,0.8615604955292901,PTPRC
GO_Biological_Process_2023,Regulation Of Apoptotic Process (GO:0042981),2/705,0.5303321301456826,0.5376069193109183,0,0,1.1407657657657655,0.7235327495025097,CD74;MEF2C
GO_Biological_Process_2023,Protein Modification Process (GO:0036211),2/711,0.5349486908392941,0.5415439486715593,0,0,1.1307592853784674,0.7073854161937532,PTPRC;SSH2
GO_Biological_Process_2023,Cellular Response To Cytokine Stimulus (GO:0071345),1/308,0.5401930736610003,0.5461048993645408,0,0,1.305790068470385,0.8041429474685131,DOCK8
GO_Biological_Process_2023,Protein-Containing Complex Assembly (GO:0065003),1/328,0.5629989435283087,0.5683828132068581,0,0,1.2246770267740124,0.7035494301411569,CD74
GO_Biological_Process_2023,Proteolysis (GO:0006508),1/330,0.5652176074653844,0.5698442181676932,0,0,1.2171081198436822,0.6944143145067687,ADAM28
GO_Biological_Process_2023,Protein Localization (GO:0008104),1/351,0.5878572192841084,0.5918616962547085,0,0,1.1428571428571428,0.6071670684764225,CD74
GO_Biological_Process_2023,Negative Regulation Of Cell Population Proliferation (GO:0008285),1/379,0.6162544539128882,0.6196082196484686,0,0,1.056689342403628,0.5115383719098227,APOE
GO_Biological_Process_2023,Negative Regulation Of Programmed Cell Death (GO:0043069),1/381,0.6182077951423556,0.6207276638725554,0,0,1.0510204081632653,0.5054679174936134,CD74
GO_Biological_Process_2023,Negative Regulation Of Nucleic Acid-Templated Transcription (GO:1903507),1/456,0.6848244825782672,0.686682893657177,0,0,0.8744113029827315,0.3310457390492557,FOXN3
GO_Biological_Process_2023,Regulation Of Transcription By RNA Polymerase II (GO:0006357),4/2028,0.7600316654913726,0.7610615186966454,0,0,0.7701495102251246,0.2113253146014667,MEF2A;MEF2C;MAML3;RUNX1
GO_Biological_Process_2023,Regulation Of Cell Population Proliferation (GO:0042127),1/766,0.8584455568023774,0.8584455568023774,0,0,0.5118047218887555,0.0781177871705201,RUNX1
