Name,Term,ES,NES,NOM p-val,FDR q-val,FWER p-val,Tag %,Gene %,Lead_genes
prerank,Detection Of Chemical Stimulus Involved In Sensory Perception (GO:0050907),0.9837389128951558,2.2548442203554555,0.0,0.0,0.0,1/41,1.63%,SLC24A4
prerank,Detection Of Chemical Stimulus Involved In Sensory Perception Of Smell (GO:0050911),0.9837395292423151,2.245109337851059,0.0,0.0,0.0,1/40,1.63%,SLC24A4
prerank,Sensory Perception Of Smell (GO:0007608),0.8437148169527507,2.0700682569396034,0.0,0.0,0.0,3/59,1.63%,UBR3;BBS4;SLC24A4
prerank,Cytoplasmic Translation (GO:0002181),-0.7963631478502611,-1.8451991626652327,0.0,0.0010129037104142434,0.001,79/88,19.49%,RPS26;RPL35;RPL22;RPL27;RPL38;RWDD1;RPS3A;RPL30;RPS16;RPS20;EIF4A2;RPL14;RPL29;RPL23A;RPL4;RPS27;RPL36AL;RPL10A;RPL36;RPL35A;RPS27A;RPS9;RPL37;FAU;RPL31;MRPS12;RPS29;RPL10;RPL15;EIF3I;RPS6;RPS4X;RPL6;RPL32;RPS13;EIF4A1;RPLP0;RPL19;RPS28;RPL8;RPL5;RPS23;FTSJ1;RPS8;RPL41;RPS14;RPS11;RPS7;RPL12;UBA52;RPL24;RPL9;EIF3M;RPL7A;RPS15A;RPS18;RPL34;RPL7;RPL27A;RPL13;RPS2;RPS24;EIF2B3;RPL28;RPS5;RPS3;RPL37A;RPL21;RPL13A;RPL11;RPL22L1;RPS21;RPS19;ZC3H15;RPL3;RPSA;RPS15;RPL18;RPLP1
prerank,Cellular Respiration (GO:0045333),-0.7904694011675839,-1.822103383767049,0.0,0.001519355565621365,0.003,49/81,14.28%,NDUFB9;UQCR10;NDUFS6;NDUFB5;NDUFB10;NDUFS7;COX7C;NDUFB11;ETFDH;NDUFS3;NDUFA4;NDUFA2;COX5B;NDUFA6;SIRT3;NDUFB6;COX7B;COX7A2;CYCS;NDUFC1;NDUFB4;NDUFAB1;NDUFB1;MTFR1L;NDUFA12;LYRM7;COX5A;PPARGC1A;UQCRH;NDUFB3;NDUFA5;ETFRF1;CYC1;NDUFV1;NDUFS5;UQCRFS1;COX4I1;NDUFB7;SURF1;NDUFV2;NDUFA3;NDUFS8;NDUFB2;UQCRB;UQCRQ;COX6C;ME3;SDHC;NDUFA8
prerank,Mitochondrial ATP Synthesis Coupled Electron Transport (GO:0042775),-0.7876095231411527,-1.7403933437202403,0.0,0.022959150769389522,0.061,42/64,14.28%,NDUFB9;UQCR10;NDUFS6;NDUFB5;NDUFB10;NDUFS7;COX7C;NDUFS3;NDUFA4;NDUFA2;COX5B;NDUFA6;NDUFB6;COX7B;COX7A2;CYCS;NDUFC1;NDUFB4;NDUFAB1;NDUFB1;NDUFA12;COX5A;UQCRH;NDUFB3;NDUFA5;CYC1;NDUFV1;NDUFS5;UQCRFS1;COX4I1;NDUFB7;COA6;NDUFV2;NDUFA3;UQCC3;NDUFS8;NDUFB2;UQCRB;UQCRQ;COX6C;SDHC;NDUFA8
prerank,Proton Motive Force-Driven ATP Synthesis (GO:0015986),-0.7922271807998776,-1.7354137526881748,0.0,0.020511300135888432,0.073,30/52,12.10%,NDUFB9;NDUFS6;NDUFB5;ATP5MC1;NDUFB10;NDUFS7;NDUFB11;ATP5MG;NDUFS3;NDUFA2;NDUFA6;NDUFB6;VPS9D1;ATP5F1B;NDUFC1;NDUFB4;NDUFAB1;NDUFB1;NDUFA12;NDUFB3;NDUFA5;ATP5MC2;NDUFV1;NDUFS5;NDUFB7;ATP5PB;NDUFV2;NDUFA3;NDUFS8;NDUFB2
prerank,Aerobic Electron Transport Chain (GO:0019646),-0.7853289953709683,-1.735025793283011,0.0,0.016611620850793592,0.073,40/62,14.28%,NDUFB9;UQCR10;NDUFS6;NDUFB5;NDUFB10;NDUFS7;COX7C;NDUFS3;NDUFA4;NDUFA2;COX5B;NDUFA6;NDUFB6;COX7B;COX7A2;CYCS;NDUFC1;NDUFB4;NDUFAB1;NDUFB1;COX5A;UQCRH;NDUFB3;NDUFA5;CYC1;NDUFV1;NDUFS5;UQCRFS1;COX4I1;NDUFB7;NDUFV2;NDUFA3;UQCC3;NDUFS8;NDUFB2;UQCRB;UQCRQ;COX6C;SDHC;NDUFA8
prerank,Proton Motive Force-Driven Mitochondrial ATP Synthesis (GO:0042776),-0.7872664033734726,-1.7051360802087914,0.0,0.03528281257942948,0.166,27/48,12.10%,NDUFB9;NDUFS6;NDUFB5;NDUFB10;NDUFS7;NDUFB11;ATP5MG;NDUFS3;NDUFA2;NDUFA6;NDUFB6;ATP5F1B;NDUFC1;NDUFB4;NDUFAB1;NDUFB1;NDUFA12;NDUFB3;NDUFA5;NDUFV1;NDUFS5;NDUFB7;ATP5PB;NDUFV2;NDUFA3;NDUFS8;NDUFB2
prerank,Oxidative Phosphorylation (GO:0006119),-0.779750822423416,-1.7027689098617933,0.0,0.03255761926331497,0.176,34/55,14.65%,NDUFB9;NDUFS6;NDUFB5;NDUFB10;NDUFS7;NDUFB11;ATP5MG;NDUFS3;NDUFA2;NDUFA6;NDUFB6;ATP5F1B;NDUFC1;NDUFB4;NDUFAB1;NDUFB1;NDUFA12;NIPSNAP2;UQCRH;NDUFB3;NDUFA5;NDUFV1;NDUFS5;NDUFB7;ATP5PB;NDUFV2;NDUFA3;NDUFS8;NDUFB2;UQCRB;CHCHD10;SDHC;NDUFA8;TEFM
prerank,Aerobic Respiration (GO:0009060),-0.7816774110877246,-1.6962649133242407,0.0,0.03481856504548962,0.217,35/55,14.65%,NDUFB9;NDUFS6;NDUFB5;NDUFB10;NDUFS7;NDUFB11;NDUFS3;NDUFA2;NDUFA6;SIRT3;NDUFB6;NDUFC1;NDUFB4;NDUFAB1;NDUFB1;MTFR1L;NDUFA12;NIPSNAP2;UQCRH;NDUFB3;NDUFA5;NDUFV1;NDUFS5;NDUFB7;SURF1;NDUFV2;NDUFA3;NDUFS8;NDUFB2;UQCRB;CHCHD10;ME3;SDHC;NDUFA8;TEFM
prerank,Peptide Biosynthetic Process (GO:0043043),-0.6926858601671726,-1.6868872175818153,0.0,0.03995342413300627,0.279,93/143,17.64%,MRPS15;MRPL35;PCSK5;RPS26;RPL35;MRPS21;RPL22;MRPL9;MRPL27;RPL27;MRPL52;RPL38;MRPS33;MRPL42;MRPS5;RPS3A;RPL30;RPS16;RPS20;HARS2;RPL14;RPL29;RPL23A;MRPS16;RPL4;RPS27;RPL36AL;RPL10A;RPL36;RPL35A;RPS27A;RPS9;RPL37;FAU;MRPL24;TNIP1;RPL31;MRPS12;RPS29;RPL10;RPL15;RPS6;RPS4X;MRPL36;MRPL18;MRPL37;RPL6;RPL32;MRPS6;RPS13;RPLP0;RPL19;RPS28;RPL8;RPL5;RPS23;RPS8;EIF4EBP2;RPL41;RPS14;MRPS18B;RPS11;FARSB;RPS7;RPL12;DMD;RPL24;RPL9;MRPL51;RPL7A;RPS15A;RPS18;RPL34;RPL7;MRPL55;RPL27A;GSPT1;RRBP1;RPL13;RPS2;RPS24;RPL28;MRRF;RPS5;RPS3;RPL37A;RPL21;RPL13A;MRPL14;RPL11;MRPL10;MRPL34;RPS21
prerank,Mitochondrial Respiratory Chain Complex I Assembly (GO:0032981),-0.7771871681246777,-1.6678537300851686,0.0,0.05432847174040033,0.424,32/51,12.32%,NDUFB9;LYRM2;NDUFB5;NDUFAF2;NDUFB10;NDUFS7;NDUFB11;NDUFS3;ECSIT;NDUFAF3;COA1;NDUFA2;NDUFA6;NDUFB6;NDUFC1;NDUFB4;NDUFAB1;NDUFB1;DMAC1;TMEM126A;NDUFB3;NDUFA5;TIMM21;NDUFS5;TMEM126B;FOXRED1;NDUFB7;NDUFAF4;NDUFA3;NDUFS8;NDUFB2;NDUFAF7
prerank,NADH Dehydrogenase Complex Assembly (GO:0010257),-0.7771871681246777,-1.6678537300851686,0.0,0.05432847174040033,0.424,32/51,12.32%,NDUFB9;LYRM2;NDUFB5;NDUFAF2;NDUFB10;NDUFS7;NDUFB11;NDUFS3;ECSIT;NDUFAF3;COA1;NDUFA2;NDUFA6;NDUFB6;NDUFC1;NDUFB4;NDUFAB1;NDUFB1;DMAC1;TMEM126A;NDUFB3;NDUFA5;TIMM21;NDUFS5;TMEM126B;FOXRED1;NDUFB7;NDUFAF4;NDUFA3;NDUFS8;NDUFB2;NDUFAF7
prerank,Translation (GO:0006412),-0.6629435351789409,-1.6673782641287875,0.0,0.0503075509505741,0.425,121/210,17.73%,AURKAIP1;MRPL57;MRPS15;FASTKD2;MRPL35;MRPL33;MRPL20;RPS26;MRPL45;RPL35;MRPS21;RPL22;MRPL9;MRPL27;RPL27;MRPL52;MRPS26;RARS2;FARS2;RPL38;MRPS33;RWDD1;MRPL42;MRPS5;RPS3A;RPL30;RPS16;RPS20;HARS2;RPL14;RPL29;RPL23A;MRPS16;RPL4;RPS27;RPL36AL;RPL10A;RPL36;RPL35A;RPS27A;RPS9;RPL37;FAU;MRPL24;ABCF1;TNIP1;RPL31;MRPS12;MRPL21;MRPL40;RPS29;RPL10;RPL15;MRPS27;RPS6;RPS4X;MRPL36;MRPL18;MRPL37;RPL6;RPL32;EEF1B2;DRG1;MRPS6;RPS13;RPLP0;RPL19;MRPS25;RPS28;RPL8;RPL5;RPS23;FTSJ1;RPS8;EIF4EBP2;RPL41;RPS14;MRPS18B;RPS11;FARSB;MRPL2;RPS7;RPL12;UBA52;EEF2K;RPL24;RPL9;MRPL51;MRPL58;RPL7A;RPS15A;RPS18;MRPS23;RPL34;RPL7;MRPL55;RPL27A;GSPT1;RRBP1;RPL13;RPS2;RPS24;GADD45GIP1;RPL28;MRRF;RPS5;RPS3;EIF5A;RPL37A;TUFM;RPL21;RPL13A;MRPL14;RPL11;RPL22L1;MRPL54;MRPL10;DAP3;MRPL34;RPS21;MRPS10
prerank,Ribosome Biogenesis (GO:0042254),-0.6643779787855868,-1.6305022935530173,0.0,0.12567797576139805,0.764,74/147,16.97%,PNO1;PIN4;HEATR3;MRTO4;DIS3;RRP12;MALSU1;NOL6;RPL27;SDAD1;DHX29;FCF1;DKC1;EIF2S1;WDR46;RSL24D1;RPF2;RRP36;RPS3A;NOM1;RPS16;RPL14;DNTTIP2;NAT10;WDR55;SNU13;WDR75;DCAF13;RPS27;RPL35A;WDR74;RPS9;NOC2L;TNIP1;MRPS12;NOB1;NGDN;EXOSC4;LYAR;RPS6;RPS4X;NOP14;NOP56;MRPL36;RPS13;RPS28;RPL5;RPS23;RPS8;ZNF658;SPPL2B;MPHOSPH10;RPS14;RPS11;RPS19BP1;WDR3;MRM2;SURF6;RPS7;CUL4B;RPS15A;RPL7;RPS24;NOL7;WDR43;RPS5;SBDS;GTPBP4;DIMT1;FBL;TSC1;URB2;DDX10;RPL11
prerank,Synaptic Vesicle Exocytosis (GO:0016079),-0.788244371748252,-1.6304272635856492,0.0029717682020802376,0.11684567802278593,0.765,24/39,13.73%,SNPH;CPLX2;STX1A;RIMS1;CPLX1;SNAP29;UNC13A;RIMS2;RAB3A;SNAP47;SYT11;SYT1;SNAPIN;SNAP25;RIMS3;SYT2;PIP5K1C;UNC13C;SYT5;CDK5;SYT10;DNAJC5;SYT4;STX1B
prerank,Macromolecule Biosynthetic Process (GO:0009059),-0.6594040005564703,-1.6269239007108092,0.0,0.11911747634471503,0.789,107/172,17.64%,MRPS15;MRPL35;RPS26;RPL35;MRPS21;RPL22;MRPL9;MRPL27;RPL27;MRPL52;SLC11A1;RPL38;MRPS33;MRPL42;MRPS5;RPS3A;RPL30;RPS16;RPS20;HARS2;RPL14;RPL29;RPL23A;MRPS16;COL5A1;RPL4;RPS27;RPL36AL;RPL10A;RPL36;RPL35A;RPS27A;RPS9;RPL37;FAU;MRPL24;ABCF1;EXT2;TNIP1;RPL31;MRPS12;RPS29;RPL10;RPL15;RPS6;RPS4X;MRPL36;MRPL18;MRPL37;RPL6;RPL32;EEF1B2;MRPS6;RPS13;RPLP0;RPL19;RPS28;RPL8;RPL5;RPS23;RPS8;EIF4EBP2;RPL41;B4GAT1;RPS14;MRPS18B;RPS11;FARSB;RPS7;ALAS1;RPL12;ST3GAL2;EEF2K;RPL24;RPL9;MRPL51;RPL7A;RPS15A;RPS18;RPL34;RPL7;MRPL55;RPL27A;GSPT1;RRBP1;RPL13;RPS2;RPS24;LARGE1;RPL28;B4GALT5;MRRF;RPS5;RPS3;GAL3ST4;EIF5A;RPL37A;TUFM;EIF4G2;RPL21;RPL13A;MRPL14;RPL11;POLL;MRPL10;MRPL34;RPS21
prerank,Mitochondrial Respiratory Chain Complex Assembly (GO:0033108),-0.7096253086538019,-1.6233783629173113,0.0,0.121675058213511,0.815,45/81,12.45%,NDUFB9;LYRM2;NDUFB5;NDUFAF2;NDUFB10;NDUFS7;SDHAF3;NDUFB11;NDUFS3;ECSIT;NDUFAF3;COA1;NDUFA2;NDUFA6;NDUFB6;NDUFC1;NDUFB4;NDUFAB1;CHCHD7;NDUFB1;DMAC1;LYRM7;TMEM126A;NDUFB3;NDUFA5;COX20;TIMM21;TMEM223;NDUFS5;UQCRFS1;TMEM126B;COA3;FOXRED1;COA5;NDUFB7;COX19;NDUFAF4;SURF1;NDUFA3;UQCC3;NDUFS8;NDUFB2;SCO1;NDUFAF7;SMIM20
prerank,Pyruvate Metabolic Process (GO:0006090),-0.7679070863018403,-1.6173950391680028,0.0014792899408284023,0.13066457864343742,0.858,18/44,11.84%,ENO1;GAPDH;TPI1;LDHA;DLD;PKM;KRT17;PGM1;LDHB;PDHA1;PDHB;UCP2;ME2;GPI;PGAM1;DLAT;ENO2;ENO4
prerank,Bicellular Tight Junction Assembly (GO:0070830),0.717825420739798,1.6148934176706378,0.0029850746268656717,1.0,0.991,9/40,10.26%,STRN;CLDN9;PECAM1;MICALL2;OCLN;PAK2;DLG1;ECT2;PDCD6IP
prerank,Inorganic Anion Transmembrane Transport (GO:0098661),-0.7169891287328441,-1.61097893965539,0.002967359050445104,0.14383232687882255,0.895,22/63,12.66%,GABRG3;ANO3;GABRG2;SLC12A5;GABRB2;GABRA1;LRRC8A;SLC37A2;ANO5;SLC37A1;GABRB3;ANO10;SLC6A1;SLC25A11;GABRA2;SLC37A4;GLRA2;SLC25A3;GABRG1;GLRB;CFTR;GABRA4
prerank,Ameboidal-Type Cell Migration (GO:0001667),0.8220252891557382,1.6079986043022054,0.007537688442211055,1.0,0.994,9/19,16.08%,AMOT;AMOTL2;IQGAP1;SMAD4;PKN2;TNS1;AMOTL1;PKN1;MEGF8
prerank,"Mitochondrial Electron Transport, NADH To Ubiquinone (GO:0006120)",-0.7940888850153524,-1.6047250235776478,0.003067484662576687,0.15673352150620398,0.92,23/33,12.10%,NDUFB9;NDUFS6;NDUFB5;NDUFB10;NDUFS7;NDUFS3;NDUFA4;NDUFA2;NDUFA6;NDUFB6;NDUFC1;NDUFB4;NDUFAB1;NDUFB1;NDUFB3;NDUFA5;NDUFV1;NDUFS5;NDUFB7;NDUFV2;NDUFA3;NDUFS8;NDUFB2
prerank,Ribonucleoprotein Complex Biogenesis (GO:0022613),-0.6678014205692427,-1.5997765792888583,0.0,0.16373588478846243,0.938,58/112,16.41%,PNO1;HEATR3;MRTO4;MALSU1;NOL6;SDAD1;RPL38;FCF1;WDR46;RSL24D1;RPF2;RRP36;RPS3A;NOM1;RPS16;RPL14;DNTTIP2;NAT10;SNU13;WDR75;RPS27;RPL35A;WDR74;RPS9;NOC2L;TNIP1;MRPS12;NGDN;RPS6;RPS4X;NOP14;NOP56;MRPL36;RPS13;RPS28;RPL5;RPS23;RPS8;ZNF658;SPPL2B;MPHOSPH10;RPS14;RPS11;RPS19BP1;WDR3;SURF6;RPS7;CUL4B;RPS15A;RPL7;RPS24;NOL7;WDR43;RPS5;GTPBP4;DIMT1;FBL;URB2
prerank,Regulation Of Neurotransmitter Receptor Activity (GO:0099601),-0.7611252811973876,-1.58511662849139,0.0015267175572519084,0.21179334249661635,0.98,16/39,11.21%,NETO1;DLGAP2;CNIH4;DLGAP4;OPRM1;CACNG3;NPTXR;DLGAP1;CNIH3;DLGAP3;CACNG8;PRRT1;CAPN1;DAPK1;CACNG2;SHISA6
prerank,Hexose Transmembrane Transport (GO:0008645),-0.8443060882613179,-1.5831091636824093,0.006482982171799027,0.21017751991095554,0.986,6/21,9.97%,SLC2A3;SLC2A9;SLC2A8;SLC50A1;SLC2A6;SLC5A9
prerank,Ribosomal Large Subunit Biogenesis (GO:0042273),-0.736973694085475,-1.5780033504995878,0.0061068702290076335,0.2252169380460192,0.991,27/48,19.71%,MRPL20;HEATR3;MRTO4;MALSU1;SDAD1;RSL24D1;RPF2;RPL14;RPL23A;RPL35A;WDR74;NOC2L;MDN1;RPL10;RPL6;RPLP0;RPL5;SURF6;RPL7;GTPBP4;RPL11;SPATA5L1;BRIX1;NVL;TRAF7;ZNF622;TMA16
prerank,piRNA Processing (GO:0034587),0.8327985898617563,1.57774439801072,0.01201923076923077,1.0,1.0,2/19,10.35%,PLD6;PIWIL4
prerank,Signal Release From Synapse (GO:0099643),-0.7711659061796341,-1.5684780061199395,0.004497751124437781,0.25985200604252073,0.999,23/37,13.89%,SNPH;CPLX2;STX1A;RIMS1;LIN7A;CPLX1;UNC13A;RAB3A;SYT1;SNAPIN;SYN3;SNAP25;PDZD11;SYN2;PTPRN2;PIP5K1C;STXBP2;NRXN1;STXBP1;CDK5;SYT10;DNAJC5;NRXN2
prerank,Detection Of Chemical Stimulus Involved In Sensory Perception Of Taste (GO:0050912),0.8661769160860345,1.564395506778223,0.01015228426395939,1.0,1.0,1/15,13.38%,PKD1L3
prerank,Anterior/Posterior Pattern Specification (GO:0009952),-0.7731511296287831,-1.556805592241278,0.0030165912518853697,0.3152561508293291,1.0,8/35,8.19%,SKI;PCSK5;ATP6AP2;TGFBR1;DDIT3;BMPR2;BASP1;WLS
prerank,Energy Derivation By Oxidation Of Organic Compounds (GO:0015980),-0.7487455977718365,-1.5499451034246292,0.003003003003003003,0.34528329174620925,1.0,16/41,13.21%,UQCR10;COX7C;NDUFA4;COX5B;COX7B;COX7A2;CYCS;LYRM7;COX5A;PPARGC1A;UQCRH;CYC1;COX4I1;UQCRB;UQCRQ;COX6C
prerank,Chloride Transmembrane Transport (GO:1902476),-0.7099363554417084,-1.5467908803418975,0.005943536404160475,0.35436623883603496,1.0,17/48,12.66%,GABRG3;ANO3;GABRG2;SLC12A5;GABRB2;GABRA1;LRRC8A;ANO5;GABRB3;ANO10;SLC6A1;GABRA2;GLRA2;GABRG1;GLRB;CFTR;GABRA4
prerank,Mitochondrial Translation (GO:0032543),-0.6629502073152372,-1.5440967034931399,0.0028208744710860366,0.3601596193172931,1.0,39/93,14.83%,MRPL57;MRPS15;FASTKD2;MRPL35;MRPL33;MRPL20;MRPL45;MRPS21;MRPL9;MRPL27;MRPL52;GFM1;MRPS26;RARS2;MTIF3;MRPS33;MRPL42;MRPS5;MRPS16;MRPL24;MRPS12;MTRF1L;MRPL21;MRPL40;MRPS27;MRPL36;MRPL18;MRPL37;MRPS6;MRPS25;MRPS18B;MRPL2;EARS2;MRPL51;MRPL58;MTIF2;MRPS23;MRPL55;GADD45GIP1
prerank,Negative Regulation Of Calcium Ion Transmembrane Transporter Activity (GO:1901020),-0.7956946152715764,-1.540499259959742,0.004909983633387889,0.3706179748691565,1.0,9/28,13.39%,GNB5;SRI;CALM3;CALM1;CLIC2;PPP3CA;ATP1A2;PPP3CB;YWHAE
prerank,Glycolytic Process (GO:0006096),-0.7968557796732838,-1.5384246843536338,0.0061162079510703364,0.3718369520930688,1.0,11/26,11.84%,ENO1;GAPDH;TPI1;LDHA;PKM;PGM1;UCP2;GPI;PGAM1;ENO2;ENO4
prerank,rRNA Processing (GO:0006364),-0.6556396409402495,-1.532166020431737,0.0,0.40297230517867305,1.0,36/97,12.05%,PIN4;RIOK3;MRTO4;DIS3;RRP12;NOL6;RPL27;TFB1M;DKC1;RRP36;RPS16;RPL14;NAT10;WDR55;SNU13;DCAF13;RPS27;RPL35A;WDR74;NOB1;NHP2;EXOSC4;LYAR;RPS6;NOP14;NOP56;MPHOSPH6;RPS28;RPL5;SPPL2B;MPHOSPH10;RPS14;WDR3;MRM2;NOL9;RPS7
prerank,Ribosomal Small Subunit Biogenesis (GO:0042274),-0.6639365194447917,-1.5311892951879627,0.0014204545454545455,0.3976280128194914,1.0,43/80,16.53%,PNO1;RIOK3;NOL6;FCF1;WDR46;RRP36;RPS3A;NOM1;RPS16;DNTTIP2;NAT10;SNU13;WDR75;RPS27;RPS9;MRPS12;NOB1;NGDN;RPS6;RPS4X;NOP14;NOP56;RPS13;RPS28;RPS23;RPS8;SPPL2B;MPHOSPH10;RPS14;RPS11;RPS19BP1;WDR3;SURF6;RPS7;RPS15A;SRFBP1;RPS24;NOL7;WDR43;RPS5;DIMT1;FBL;ERAL1
prerank,Monoatomic Anion Transmembrane Transport (GO:0098656),-0.6954969430758693,-1.5235835140457752,0.004437869822485207,0.4410735248076569,1.0,18/53,12.66%,GABRG3;ANO3;GABRG2;SLC12A5;GABRB2;GABRA1;LRRC8A;ANO5;GABRB3;ANO10;SLC6A1;GABRA2;GLRA2;LRRC8B;GABRG1;GLRB;CFTR;GABRA4
prerank,Neurotransmitter Secretion (GO:0007269),-0.7336185724311084,-1.522072615395233,0.013333333333333334,0.439838540604585,1.0,25/42,13.89%,SNPH;CPLX2;RPH3A;STX1A;RIMS1;LIN7A;CPLX1;UNC13A;RIMS2;RAB3A;SYT1;SNAPIN;SYN3;SNAP25;PDZD11;SYN2;PTPRN2;PIP5K1C;STXBP2;NRXN1;STXBP1;CDK5;SYT10;DNAJC5;NRXN2
prerank,Synaptic Vesicle Cycle (GO:0099504),-0.7408876617347507,-1.520003671852151,0.009174311926605505,0.4424074006029297,1.0,19/36,13.38%,CPLX2;STX1A;RIMS1;CPLX1;RAB3A;SNAPIN;SNAP25;PLD2;AP3S2;RAB5A;PIP5K1C;AP3S1;AP3D1;CDK5;SLC17A6;SYT10;DNAJC5;SLC17A7;CDH2
prerank,Apical Junction Assembly (GO:0043297),0.6500231578334091,1.5181183890980563,0.0060790273556231,1.0,1.0,14/47,16.14%,STRN;CLDN9;PECAM1;MICALL2;PKN2;OCLN;PAK2;DLG1;ECT2;PDCD6IP;FBF1;CLDN15;RHOC;CLDN20
prerank,Sensory Perception Of Chemical Stimulus (GO:0007606),0.7061964616573819,1.5170976512133902,0.031914893617021274,1.0,1.0,3/27,1.63%,UBR3;BBS4;SLC24A4
prerank,Regulation Of T Cell Differentiation In Thymus (GO:0033081),-0.9233911829212016,-1.5163349522347855,0.006956521739130435,0.46022405531238275,1.0,5/12,7.60%,SOD1;TESPA1;ZC3H8;CAMK4;CLPTM1
prerank,Regulated Exocytosis (GO:0045055),-0.6940771433133698,-1.511616141748593,0.010510510510510511,0.48605690211905117,1.0,25/50,13.20%,PLEK;CPLX2;STX1A;RIMS1;CPLX1;RIMS2;RAB3A;SYNGR3;SYT11;SNAPIN;SNAP25;SYNGR2;RIMS3;SYT13;LYN;PIP5K1C;STEAP2;SYNGR1;RAB11FIP1;STXBP1;CDK5;PPP3CB;SYT10;DNAJC5;SDF4
prerank,Chloride Transport (GO:0006821),-0.6592279540194975,-1.5093969165454353,0.002828854314002829,0.49139157635490993,1.0,24/76,13.25%,GABRG3;ANO3;GABRG2;SLC12A5;GABRB2;SLC4A10;GABRA1;LRRC8A;TTYH1;ANO5;GABRB3;ANO10;SLC6A1;TTYH3;GABRA2;CLCN6;SLC26A5;GLRA2;CLIC2;GABRG1;GLRB;CFTR;GABRA4;SLC17A7
prerank,Secondary Palate Development (GO:0062009),0.8676035476355405,1.5083667616296466,0.022058823529411766,1.0,1.0,5/13,11.59%,TGFB2;SMAD4;WNT5A;TGFBR3;TGFBR2
prerank,Peptidyl-Glutamic Acid Modification (GO:0018200),0.7933090040664572,1.5060890842033599,0.03316326530612245,1.0,1.0,9/19,14.70%,CEP41;TTLL3;AGTPBP1;TTLL1;TPGS1;TTLL9;CFAP20;TTLL4;TTLL7
prerank,Tight Junction Assembly (GO:0120192),0.6466860766858252,1.4893755342823318,0.0030959752321981426,1.0,1.0,12/45,16.14%,STRN;CLDN9;PECAM1;MICALL2;OCLN;PAK2;DLG1;ECT2;PDCD6IP;MPDZ;CLDN15;CLDN20
prerank,Monosaccharide Transmembrane Transport (GO:0015749),-0.8773228947300502,-1.4887629138459146,0.017241379310344827,0.6664386976725509,1.0,5/13,9.97%,SLC2A9;SLC2A8;SLC50A1;SLC2A6;SLC5A9
prerank,Positive Regulation Of Phagocytosis (GO:0050766),-0.6863372417073809,-1.4880451353872093,0.008547008547008548,0.657450475837125,1.0,16/54,17.32%,SIRPA;SLC11A1;LMAN2;MYO18A;MERTK;LYAR;RAB27A;TUB;APLP2;CALR;FCER1G;UXT;CYBA;IL15RA;RAB31;CLEC7A
prerank,Negative Regulation Of Activin Receptor Signaling Pathway (GO:0032926),-0.947516058630715,-1.4863789270098515,0.003552397868561279,0.6578933123983244,1.0,2/10,0.35%,SKI;FSTL3
prerank,Negative Regulation Of T Cell Differentiation (GO:0045581),-0.9287113476336506,-1.484731039757346,0.017271157167530225,0.6595208992547219,1.0,2/11,5.64%,IRF1;ZC3H8
prerank,Cartilage Development (GO:0051216),0.6433317315145151,1.4759035225407453,0.015772870662460567,1.0,1.0,15/46,17.32%,ZBTB16;TRIP11;WNT10B;CHI3L1;SNORC;WNT5B;FGFR3;OXSR1;SCX;SULF1;ITGB8;NFIB;CREB3L2;HYAL1;GHRL
prerank,Skeletal Muscle Contraction (GO:0003009),0.764722574970745,1.4749888942093254,0.04065040650406504,1.0,1.0,4/19,8.93%,MYH7B;MYH3;STAC3;TCAP
prerank,Ribosomal Large Subunit Assembly (GO:0000027),-0.8057911753715337,-1.4740930291651098,0.019834710743801654,0.7555790561685414,1.0,10/19,11.48%,FASTKD2;MRPL20;RPF2;RPL23A;MDN1;RPL10;RPL6;RPLP0;RPL5;MRM2
prerank,Anterior/Posterior Axis Specification (GO:0009948),-0.8747355587740232,-1.4726438621418083,0.022608695652173914,0.7538996275535468,1.0,3/13,8.19%,SKI;DDIT3;WLS
prerank,Proton Transmembrane Transport (GO:1902600),-0.6876231606412826,-1.4712387348066873,0.015313935681470138,0.7534878156914845,1.0,16/45,11.98%,ATP1A1;ATP6V1F;ATP6AP2;ATP6V0B;ATP5F1B;HVCN1;ATP1B1;ATP6V1A;UCP2;ATP6V0E1;ATP6V0D1;ATP6V1B2;ATP6V1D;ATP6V1C1;ATP1A2;ATP6V0A1
prerank,Positive Regulation Of Stem Cell Proliferation (GO:2000648),0.7940005024217468,1.4704859605929523,0.05063291139240506,1.0,1.0,7/16,19.15%,PDCD2;KAT7;HNRNPU;GJA1;FERMT2;N4BP2L2;KDM1A
prerank,"Mitochondrial Electron Transport, Cytochrome C To Oxygen (GO:0006123)",-0.8293841169847107,-1.4685624671245734,0.03035413153456998,0.7660854997613467,1.0,8/15,8.65%,COX7C;NDUFA4;COX5B;COX7B;COX7A2;CYCS;COX5A;COX4I1
prerank,Defense Response To Fungus (GO:0050832),-0.7843941493506811,-1.4627692510101682,0.031446540880503145,0.8126289406082953,1.0,4/21,8.17%,GAPDH;NRG1;S100A9;S100A8
prerank,Negative Regulation Of Stem Cell Population Maintenance (GO:1902455),0.7572306502416207,1.4624096682701282,0.03664921465968586,1.0,1.0,12/20,13.99%,BRMS1;SAP30;ARID4B;ING1;BRMS1L;HDAC1;ING2;SINHCAF;SUDS3;SAP30L;RBBP7;OGT
prerank,Detection Of Light Stimulus Involved In Visual Perception (GO:0050908),-0.9011812812358019,-1.4618486899917207,0.026362038664323375,0.788969304395519,1.0,3/11,9.89%,EYS;CEP250;CACNA2D4
prerank,Detection Of Light Stimulus Involved In Sensory Perception (GO:0050962),-0.9011812812358019,-1.4618486899917207,0.026362038664323375,0.788969304395519,1.0,3/11,9.89%,EYS;CEP250;CACNA2D4
prerank,Positive Regulation Of Protein Dephosphorylation (GO:0035307),-0.7294622059794038,-1.4603155935073353,0.013888888888888888,0.790996765536691,1.0,15/32,12.91%,PPP1R7;AMBRA1;GNA12;PIN1;CD300A;LILRB2;CALM3;PPP1R15A;PTBP1;DYNLL1;CALM1;ANKLE2;CNEP1R1;HSP90AB1;CAMTA1
prerank,Gamma-Aminobutyric Acid Signaling Pathway (GO:0007214),-0.7835713733710109,-1.45769446536208,0.02329450915141431,0.804027076641173,1.0,10/20,14.39%,GABRG3;GABRG2;GABRB2;GABRA1;GABRB3;GABBR2;GABRA2;GABRG1;GABRA4;GABRB1
prerank,Regulation Of Acute Inflammatory Response (GO:0002673),0.7937784495965355,1.4575495366728,0.043701799485861184,1.0,1.0,3/16,6.90%,DNASE1;KLKB1;IL6ST
prerank,"Synaptic Transmission, GABAergic (GO:0051932)",-0.8391345685320999,-1.4574814411513195,0.03292894280762565,0.7908635297409365,1.0,9/14,12.66%,GABRG3;GABRG2;GABRB2;GABRA1;GABRB3;GABBR2;GABRA2;GABRG1;GABRA4
prerank,Vacuolar Acidification (GO:0007035),-0.7389492724974623,-1.4563060063606965,0.023696682464454975,0.7888608765050703,1.0,12/27,11.98%,SLC11A1;ATP6V1F;ATP6AP2;ATP6V0B;TMEM9;ATP6V1A;GRN;ATP6V0E1;ATP6V0D1;ATP6V1B2;ATP6V1D;ATP6V0A1
prerank,Ribosome Assembly (GO:0042255),-0.6858606965595776,-1.455573426950264,0.02276176024279211,0.7822055116293402,1.0,26/44,19.29%,MRPL20;MTERF3;DHX29;EIF2S1;RPF2;RPL23A;RPS27;MDN1;RPL10;DDX3X;RPL6;RPLP0;RPS28;RPL5;RPS14;MTERF4;C1QBP;RPS5;SBDS;ERAL1;RPL11;BRIX1;RPS19;TRAF7;RPSA;RPS15
prerank,Chemical Synaptic Transmission (GO:0007268),-0.5665539410303821,-1.454180697000729,0.0,0.7825878230971429,1.0,73/260,14.39%,SNCG;SNPH;DLGAP2;GRIK1;GABRG3;SCN2B;GABRG2;SLC12A5;DLG3;GABRB2;LIN7A;CBLN2;CPLX1;KCNN1;GABRA1;SNCB;KCND2;KCNA1;RIC3;GRIN2B;GRIK2;UNC13A;GRIA2;CACNA1B;SYT1;RIMBP2;KCNQ2;GABRB3;SNAPIN;SYN3;SNAP25;PDZD11;DLGAP1;GABBR2;GRIA1;LRP6;NAPA;RIT2;SLC6A1;ERC2;CACNB2;GABRA2;SYN2;PTPRN2;CACNA1E;ASIC2;STXBP2;GRIA3;UNC13C;GABBR1;GLRA2;NRXN1;SYT5;CHRM3;CHRNA7;PDE7B;GABRG1;GLRB;GRIK4;SHISA6;GRIN2A;STXBP1;GRM7;CDK5;SLC17A6;GABRA4;SYT10;KCNQ3;SLC17A7;NRXN2;KIF5A;HTR2A;GABRB1
prerank,Negative Regulation Of Lipid Catabolic Process (GO:0050995),0.8072248097239575,1.4538669040412495,0.055415617128463476,1.0,1.0,6/14,19.29%,PRKAA1;SORL1;PDE3B;APOC1;ALK;AKT1
prerank,Modulation Of Chemical Synaptic Transmission (GO:0050804),-0.6019585172480422,-1.45329614579497,0.0013315579227696406,0.7778557868993669,1.0,52/122,16.07%,GRM8;DLGAP2;GRIK1;CAMK2A;CPLX2;DLGAP4;OPHN1;RIMS1;CPLX1;GRIK2;UNC13A;RIMS2;RNF167;PLPPR4;ITGB1;GRIA2;CACNA1B;SYT1;SYN3;NPTXR;DLGAP1;RIMS3;GRIA1;CLSTN1;CLSTN3;MCTP1;DLGAP3;GRM1;TMEM108;CASK;GRIA3;PPP3CA;NRG3;CHRNA7;EIF4EBP2;GRIK4;LGI1;ATP1A2;GRM7;CDK5;CDH2;AGER;APP;BCR;SLC8A3;GRM5;DGKI;HOMER1;GRIA4;CLSTN2;SLC8A2;NPTX1
prerank,Metal Ion Transport (GO:0030001),-0.5906549171435129,-1.4520467379315933,0.0012626262626262627,0.776843835166124,1.0,36/164,12.01%,NDFIP1;SLC3A2;KCNH1;ATP2B2;CCR1;SLC38A7;KCNMB3;KCNJ6;CAMK2A;SCN2A;TRPC5;CACNG3;SLC11A1;SLC4A4;KCNN1;TRPC1;KCNA1;KCNN2;TUSC3;SLC23A2;KCNB2;KCNJ5;SCN3B;CACNG8;CLU;FGF13;PANX1;SCN1A;KCNK4;CHRNA7;KCNN4;SCN8A;TPT1;KCNV1;ATP1A2;KCNC1
prerank,Regulation Of Monoatomic Ion Transmembrane Transporter Activity (GO:0032412),-0.6469912642189973,-1.4509684270890613,0.008379888268156424,0.7745919167536786,1.0,27/68,14.98%,CNIH4;SCN2B;OPRM1;CACNG3;FXYD7;SCN1B;CNIH3;FXYD5;HCN1;SCN3B;CACNG8;FHL1;PRRT1;CAPN1;SPHK2;DAPK1;CACNG2;CHRM3;FGF12;SHISA6;YWHAH;ANK2;WNK3;YWHAE;RANGRF;APP;HOMER1
prerank,Positive Regulation Of Heterotypic Cell-Cell Adhesion (GO:0034116),-0.8944353509383198,-1.4499342490318516,0.019230769230769232,0.772948538203059,1.0,3/11,5.84%,THY1;CD44;FLOT1
prerank,Negative Regulation Of Smooth Muscle Cell Proliferation (GO:0048662),-0.7207157201753558,-1.4494022077752724,0.02821316614420063,0.7658396137157025,1.0,12/33,21.50%,CDKN1A;TPM1;PPARGC1A;BMPR2;NDRG4;IGFBP5;AIF1;HMOX1;MEF2C;PRKG1;PPARG;TNFAIP3
prerank,Protein Localization To Cell Junction (GO:1902414),0.7185206032571732,1.4489779988774851,0.023809523809523808,1.0,1.0,10/23,17.31%,ILF3;PAK2;NECTIN1;TJP1;JAM3;NLGN2;FERMT2;NPHS1;CGNL1;NLGN1
prerank,Hyaluronan Metabolic Process (GO:0030212),-0.8486607559104599,-1.4475627798997106,0.03691275167785235,0.7729617658980824,1.0,2/14,5.71%,CEMIP2;CD44
prerank,Phosphate Ion Transport (GO:0006817),-0.785713321236006,-1.446306917476598,0.03691275167785235,0.772992565455644,1.0,7/18,13.25%,SLC37A2;SLC37A1;SLC25A11;SLC37A4;SLC25A3;SLC17A6;SLC17A7
prerank,Glomerular Filtration (GO:0003094),0.8710458375897621,1.4423944972519545,0.037333333333333336,1.0,1.0,4/11,5.68%,MYO1E;TBC1D8B;MCAM;XPNPEP3
prerank,Macrophage Migration (GO:1905517),0.8901298602960663,1.4419759655168012,0.04186046511627907,1.0,1.0,1/10,10.99%,LGALS3
prerank,Fluid Transport (GO:0042044),0.7938955133234006,1.4399541991927876,0.06766917293233082,1.0,1.0,4/16,7.84%,AQP4;AQP11;SLC26A6;TNPO1
prerank,Regulation Of Stem Cell Population Maintenance (GO:2000036),0.6043862455227851,1.4391408729866244,0.032448377581120944,1.0,1.0,26/55,14.92%,SMARCB1;CNOT2;NCOA3;BRMS1;DPF2;KAT2A;BCL7B;ARID4A;SMARCA2;BCL7C;SAP30;ARID4B;ACTL6A;ING1;REST;BRMS1L;HDAC1;ING2;CNOT3;PTN;SINHCAF;SUDS3;SAP30L;RBBP7;OGT;SMARCC1
prerank,rRNA Metabolic Process (GO:0016072),-0.6259587252911084,-1.436213119139559,0.010899182561307902,0.8668526420745135,1.0,44/84,19.29%,PIN4;MRTO4;DIS3;RRP12;NOL6;RPL27;DKC1;RRP36;RPS16;RPL14;WDR55;DCAF13;RPS27;RPL35A;WDR74;NOB1;EXOSC4;LYAR;RPS6;TRIR;NOP14;NOP56;RPS28;RPL5;DIS3L;SPPL2B;MRM2;RPS7;DEDD2;GTF3C1;RPL7;RPS24;SBDS;SPIN1;FBL;DDX10;RPL11;NIFK;MAPT;RPS19;NVL;DDX54;ZFP36L1;RPS15
prerank,Positive Regulation Of Nitric-Oxide Synthase Activity (GO:0051000),0.7786700575928338,1.4360129984104142,0.06015037593984962,1.0,1.0,3/15,7.49%,SCARB1;DHFR;NOS1AP
prerank,Synaptic Vesicle Recycling (GO:0036465),-0.6915427664867395,-1.4354285224927064,0.011922503725782414,0.8619177510806203,1.0,17/40,9.89%,AP2S1;SNCG;OPHN1;STX1A;DNM1;SNCB;RAB3A;SYT1;PLD2;AP3S2;SYT2;RAB5A;PIP5K1C;AP3B2;AP3S1;AP3D1;SYT5
prerank,CRD-mediated mRNA Stabilization (GO:0070934),0.8703780482412297,1.4337392469377805,0.05442176870748299,1.0,1.0,5/10,8.92%,PAIP1;IGF2BP2;SYNCRIP;HNRNPU;DHX9
prerank,Mitochondrial Gene Expression (GO:0140053),-0.6169044198696911,-1.4311838195995286,0.008253094910591471,0.8963107017785608,1.0,37/97,14.83%,MRPL57;MRPS15;FASTKD2;MRPL35;MRPL33;MRPL20;MRPL45;MRPS21;MRPL9;MRPL27;MTERF3;MRPL52;MRPS26;RARS2;MRPS33;MRPL42;MRPS5;MRPS16;MRPL24;MRPS12;MRPL21;MRPL40;MRPS27;MRPL36;MRPL18;MRPL37;MRPS6;MRPS25;MRPS18B;MTERF4;MRPL2;MRPL51;MRPL58;MRPS23;MRPL55;TEFM;GADD45GIP1
prerank,Regulation Of Branching Involved In Ureteric Bud Morphogenesis (GO:0090189),0.8275965110051356,1.4306103558379284,0.05275779376498801,1.0,1.0,1/13,4.57%,SOX8
prerank,Positive Regulation Of Vascular Permeability (GO:0043117),0.8565576896906323,1.4304548737169416,0.047961630695443645,1.0,1.0,5/11,14.12%,PDE3A;OCLN;TJP1;FGFBP3;PDE2A
prerank,Regulation Of Transposition (GO:0010528),0.89660394502707,1.4301272130559115,0.027777777777777776,1.0,1.0,3/10,10.35%,APOBEC3G;MYBL1;PIWIL4
prerank,Phospholipid Homeostasis (GO:0055091),0.8342132856682454,1.4300879881997877,0.06683168316831684,1.0,1.0,4/11,14.51%,ABCG1;LIPG;FABP3;SLC25A46
prerank,ncRNA Processing (GO:0034470),-0.6091360731521764,-1.429650454883805,0.017615176151761516,0.8998421704957323,1.0,44/94,16.97%,PIN4;MRTO4;DIS3;INTS9;RRP12;NOL6;RPL27;FARS2;DKC1;RRP36;INTS7;ADAT1;RPS16;RPL14;WDR55;TSEN54;DCAF13;RPS27;RPL35A;WDR74;TSEN2;THG1L;NOB1;EXOSC4;LYAR;RPS6;NOP14;NOP56;RPS28;RPL5;SPPL2B;MRM2;POP7;RPS7;POP1;RPL7;RPS24;ZCCHC8;SBDS;RPP30;FBL;TSEN34;DDX10;RPL11
prerank,Vesicle-Mediated Transport In Synapse (GO:0099003),-0.8152627096439791,-1.4275207887671006,0.040584415584415584,0.9111749183638338,1.0,11/17,12.99%,CPLX2;STX1A;RIMS1;CPLX1;RAB3A;SNAPIN;SNAP25;PIP5K1C;CDK5;SYT10;DNAJC5
prerank,Regulation Of Osteoclast Differentiation (GO:0045670),-0.7011664967107055,-1.4269640048968109,0.030165912518853696,0.9043889526147174,1.0,9/33,9.61%,GPR137B;FSTL3;CCR1;UBASH3B;CEBPB;CAMK4;MAFB;LILRB3;PPP3CA
prerank,Negative Regulation Of Protein Dephosphorylation (GO:0035308),-0.7783851336763085,-1.4235058922471822,0.044657097288676235,0.9291556572560804,1.0,9/19,16.29%,TIPRL;BOD1;PPP1R1B;PPP1R15A;PPP4R4;PPP1R8;ENSA;YWHAE;PPP1R11
prerank,ncRNA-mediated Post-Transcriptional Gene Silencing (GO:0035194),0.7557319281900379,1.4216781809055716,0.05486284289276808,1.0,1.0,5/17,2.66%,TNRC6B;MOV10;LIMD1;CELF1;HELZ
prerank,NADP Metabolic Process (GO:0006739),-0.7871343983293941,-1.420960873531433,0.03547297297297297,0.9452128024525601,1.0,9/19,12.07%,MDH1;KCNAB2;KRT17;FMO5;ALDH1L2;IDH1;NUDT12;TP53I3;IDH2
prerank,Positive Regulation Of Stem Cell Population Maintenance (GO:1902459),0.6400394024905045,1.4201835876059177,0.050666666666666665,1.0,1.0,22/39,14.92%,SMARCB1;NCOA3;BRMS1;DPF2;BCL7B;ARID4A;SMARCA2;BCL7C;SAP30;ARID4B;ACTL6A;ING1;REST;BRMS1L;HDAC1;ING2;SINHCAF;SUDS3;SAP30L;RBBP7;OGT;SMARCC1
prerank,Peptidyl-Tyrosine Autophosphorylation (GO:0038083),0.8344439776214869,1.4193649252354696,0.06601466992665037,1.0,1.0,3/12,1.20%,EGFR;DDR1;DYRK1A
prerank,Protein Targeting To ER (GO:0045047),-0.7519595575375825,-1.4179715520915992,0.03164556962025317,0.9667238609690194,1.0,10/22,9.72%,SPCS1;SGTB;SEC62;SRP14;ZFAND2B;SGTA;SPCS3;SEC63;SPCS2;SEC61G
prerank,Atrial Cardiac Muscle Tissue Development (GO:0003228),0.8668416877624122,1.4170398385965406,0.04861111111111111,1.0,1.0,1/10,9.42%,PROX1
prerank,Negative Regulation Of Cellular Metabolic Process (GO:0031324),0.6288667508754731,1.4161087987695697,0.034055727554179564,1.0,1.0,16/40,16.88%,FBP1;FZR1;PRKN;NCOR1;PPARA;AKT3;TIGAR;FBXO5;CBFA2T3;ZKSCAN3;CDK6;RBL1;TERF2;BCKDK;ITGAV;NUPR1
prerank,Antimicrobial Humoral Response (GO:0019730),-0.646854321972883,-1.4124831914628673,0.021398002853067047,1.0,1.0,8/59,8.02%,GAPDH;SLC11A1;HMGN2;RPL30;FAU;NRG1;CXCL14;S100A9
prerank,Regulation Of Leukocyte Activation (GO:0002694),-0.8635151710046062,-1.4119616843850682,0.04047217537942664,1.0,1.0,5/12,8.29%,GPR137B;PJA2;MYO18A;LYN;CD200
prerank,Neuron Fate Commitment (GO:0048663),-0.831120173728989,-1.409701701574088,0.052545155993431854,1.0,1.0,3/14,8.03%,ID2;TGFBR1;MYT1L
prerank,Tyrosine Metabolic Process (GO:0006570),-0.8747589692201475,-1.4082626633550113,0.04869565217391304,1.0,1.0,4/11,10.98%,THAP4;IL4I1;SLC45A2;OCA2
prerank,Gene Expression (GO:0010467),-0.5481726624117903,-1.4067347079756405,0.0,1.0,1.0,132/279,17.64%,MRPS15;FASTKD2;MRPL35;ZNF830;DIS3;RPS26;RPL35;MRPS21;ADAR;RPL22;MRPL9;MRPL27;EXOSC8;RPL27;BICD1;MRPL52;THOC1;RPL38;MRPS33;DKC1;MRPL42;MRPS5;RPS3A;RPL30;RPS16;RPS20;HARS2;RPL14;DNTTIP2;RPL29;RPL23A;MRPS16;TSPAN33;RPL4;RPS27;RPL36AL;RPL10A;SMG6;RNGTT;RPL36;RPL35A;RPS27A;NXF1;RPS9;RPL37;FAU;MRPL24;ABCF1;TNIP1;FYTTD1;RPL31;MRPS12;CHTOP;RPS29;RPL10;RPL15;EXOSC4;TESC;RPS6;RPS4X;MRPL36;MRPL18;MRPL37;NUP85;UPF1;RPL6;RPL32;AGFG1;MRPS6;RPS13;EXOSC1;RBM3;RPLP0;RPL19;RPS28;CASP4;RPL8;RPL5;RPS23;STUB1;RPS8;DIS3L;EIF4EBP2;RPL41;RBMS1;MPHOSPH10;RPS14;MRPS18B;RPS11;FARSB;NOL9;RPS7;RPL12;DEDD2;RPL24;RBPMS;RPL9;HNRNPH1;KPNA4;MRPL51;RPL7A;RPS15A;RPS18;RPL34;SMG5;RPL7;MRPL55;RPL27A;GSPT1;RRBP1;RPL13;RPS2;RPS24;RPL28;MRRF;RPS5;DDX25;ATXN1;RPS3;NOVA1;HSPD1;RPL37A;MCM3AP;RPL21;RPL13A;MRPL14;RPL11;THOC3;MRPL10;MRPL34;EIF4A3;RPS21
prerank,Regulation Of Lymphocyte Differentiation (GO:0045619),-0.7782357093907128,-1.4051188485126882,0.0512396694214876,1.0,1.0,4/19,4.62%,XRCC6;PRELID1;METTL3;IL4I1
prerank,Antimicrobial Humoral Immune Response Mediated By Antimicrobial Peptide (GO:0061844),-0.6823894384771056,-1.403828984413206,0.035398230088495575,1.0,1.0,7/37,8.02%,GAPDH;HMGN2;RPL30;FAU;NRG1;CXCL14;S100A9
prerank,Negative Regulation Of Small GTPase Mediated Signal Transduction (GO:0051058),0.7400664969435662,1.4038277057251711,0.07444168734491315,1.0,1.0,4/18,3.98%,FBP1;CD2AP;RASAL3;TGFB2
prerank,Positive Regulation Of Phosphatase Activity (GO:0010922),-0.7675247089067883,-1.402443245311795,0.05422647527910686,1.0,1.0,8/20,11.09%,PLEK;GNA12;CD300A;CALM3;PPP1R15A;CALM1;MTMR9;HSP90AB1
prerank,Presynapse Assembly (GO:0099054),0.7837047077389633,1.402190804988786,0.0951219512195122,1.0,1.0,9/15,19.66%,DVL1;NLGN3;WNT5A;LRP4;NLGN2;NLGN4Y;NLGN1;IL1RAPL1;PTEN
prerank,Regulation Of Regulated Secretory Pathway (GO:1903305),-0.7000486705134933,-1.4006604786811634,0.0420032310177706,1.0,1.0,19/33,13.01%,RPH3A;RIMS1;RIMS2;RAB3A;SYT11;SYT1;SNAPIN;RIMS3;SYT13;SYT2;RAB5A;RAB27A;SYT5;RAB3D;RAB15;DTNBP1;SYT10;PREPL;SYT4
prerank,Cardiac Muscle Tissue Morphogenesis (GO:0055008),0.6673133368540624,1.4006164775946317,0.0664819944598338,1.0,1.0,6/27,10.23%,SMAD7;MYBPC3;PKP2;TCAP;PROX1;TGFBR3
prerank,Renal Filtration (GO:0097205),0.8018816037582969,1.3997271085407017,0.09192200557103064,1.0,1.0,5/13,5.68%,MYO1E;TBC1D8B;ITGA3;MCAM;XPNPEP3
prerank,Intracellular pH Reduction (GO:0051452),-0.6865348786327186,-1.397700204913473,0.0598159509202454,1.0,1.0,14/31,11.98%,RAB39A;RAB20;SLC11A1;ATP6V1F;ATP6AP2;ATP6V0B;TMEM9;ATP6V1A;RAB7A;ATP6V0E1;ATP6V0D1;ATP6V1B2;ATP6V1D;ATP6V0A1
prerank,Establishment Of Protein Localization To Chromosome (GO:0070199),0.8327414065833486,1.3975789006230783,0.08133971291866028,1.0,1.0,7/11,14.58%,NIPBL;NABP2;POT1;SGF29;RUVBL2;BRCA2;WBP2
prerank,Positive Regulation Of Epithelial Cell Apoptotic Process (GO:1904037),-0.7759327894110117,-1.3958437058827406,0.06589785831960461,1.0,1.0,5/18,7.40%,PRKCI;PIAS4;CD40;CARM1;PLCG1
prerank,Peptide Hormone Secretion (GO:0030072),-0.7398309361827836,-1.3940346507200128,0.0662557781201849,1.0,1.0,6/22,12.25%,PARK7;RIMS2;CDK16;FFAR4;CAMK2G;ANXA1
prerank,Regulation Of T Cell Receptor Signaling Pathway (GO:0050856),-0.6941814915570275,-1.3927007696672962,0.05405405405405406,1.0,1.0,14/32,16.25%,TESPA1;PHPT1;THY1;LAPTM5;RAB29;CD300A;IKBKG;NECTIN2;KCNN4;EZR;RPS3;PRNP;RELA;PRKD2
prerank,Exocytosis (GO:0006887),-0.6050186599473197,-1.3925305894377304,0.018571428571428572,1.0,1.0,26/80,9.56%,CCR1;EXOC6;RPH3A;STX1A;RIMS1;CPLX1;CADPS2;SNAP29;RAB3A;SYNGR3;SNAP47;CADPS;SYTL2;SNAP25;SYNGR2;TMEM167A;RAB11A;CDK16;JAGN1;RAB27A;PIK3C2A;STEAP2;EXOC3;EXOC5;SYNGR1;RAB11FIP1
prerank,Positive Regulation Of Cell Communication (GO:0010647),-0.6995371599828801,-1.3925243182146199,0.0490506329113924,1.0,1.0,11/30,15.57%,RIMS1;GRIK2;RIMS2;SYT1;RIMS3;CLSTN1;CLSTN3;WLS;LGI1;HOMER1;CLSTN2
prerank,Regulation Of Astrocyte Differentiation (GO:0048710),-0.8657822985333636,-1.3909652980471914,0.05,1.0,1.0,3/11,11.55%,ID2;EPHA4;SERPINE2
prerank,Arachidonic Acid Metabolic Process (GO:0019369),-0.6576307009117007,-1.3907803438165627,0.03003003003003003,1.0,1.0,7/47,12.24%,GPX4;DAGLB;EPHX1;FAAH;CYP2U1;PLA2G4C;CBR1
prerank,Negative Regulation Of JNK Cascade (GO:0046329),0.6305892455038373,1.3888281615211922,0.05217391304347826,1.0,1.0,13/33,10.86%,DUSP16;DUSP19;PRKN;PER1;NCOR1;DACT1;MAPK8IP1;PRMT1;HIPK3;DUSP3;ZMYND11;CYLD;MEN1
prerank,Glucose Transmembrane Transport (GO:1904659),-0.7565701975645589,-1.388744605968004,0.0628099173553719,1.0,1.0,5/20,6.14%,SLC2A3;SLC2A9;SLC2A8;PPARD;SLC2A6
prerank,Epoxygenase P450 Pathway (GO:0019373),-0.8042259921235989,-1.3882851514760786,0.05737704918032787,1.0,1.0,1/15,19.57%,CYP1B1
prerank,ATP Transport (GO:0015867),-0.8260908406392792,-1.3875020590223999,0.04974271012006861,1.0,1.0,8/13,16.27%,SLC25A5;SLC25A4;SLC25A23;CR1;SLC25A17;SLC25A24;SLC17A9;SLC25A25
prerank,Regulation Of Protein Dephosphorylation (GO:0035304),-0.6796123970720412,-1.386570069535576,0.04258675078864353,1.0,1.0,17/37,12.91%,TIPRL;PPP1R7;PIN1;LILRB2;CALM3;ARPP19;HTT;PPP1R15A;PTBP1;DYNLL1;CALM1;ANKLE2;PPP1R8;ENSA;CNEP1R1;HSP90B1;CAMTA1
prerank,Negative Regulation Of Release Of Sequestered Calcium Ion Into Cytosol (GO:0051280),-0.8529888432682885,-1.3855414119504683,0.0542907180385289,1.0,1.0,3/11,9.32%,SRI;CALM3;CLIC2
prerank,Negative Regulation Of Ryanodine-Sensitive Calcium-Release Channel Activity (GO:0060315),-0.8529888432682885,-1.3855414119504683,0.0542907180385289,1.0,1.0,3/11,9.32%,SRI;CALM3;CLIC2
prerank,Regulation Of Phosphatidylinositol 3-Kinase Activity (GO:0043551),0.6498933062674602,1.384488202671573,0.052054794520547946,1.0,1.0,9/31,18.23%,WDR81;PIK3IP1;WDR91;FGFR3;PDGFB;PRKD1;TEK;ATG14;P2RY12
prerank,Regulation Of T Cell Activation (GO:0050863),-0.6276114423141639,-1.384137494186292,0.029619181946403384,1.0,1.0,18/56,16.01%,SIRPA;PRELID1;THY1;LAPTM5;METTL3;IL4I1;TNFRSF1B;PAG1;MYDGF;PRKCQ;ORC3;HLA-DRB5;HLA-DRB1;GPNMB;TNFSF8;ILDR2;HLA-DRA;HSPD1
prerank,Regulation Of Natural Killer Cell Activation (GO:0032814),-0.8141008712786196,-1.3827888329451583,0.06401384083044982,1.0,1.0,4/13,16.02%,TICAM1;KLRD1;PIBF1;TYROBP
prerank,Negative Regulation Of Transforming Growth Factor Beta Receptor Signaling Pathway (GO:0030512),0.5511938516262536,1.382052555606052,0.028125,1.0,1.0,28/76,13.99%,SMAD7;PDPK1;LTBP1;PBLD;PPARA;BRMS1;PMEPA1;ZNF451;ADAMTSL2;ARID4A;SAP30;PRDM16;ARID4B;ING1;LDLRAD4;BAMBI;BRMS1L;HDAC1;ING2;ZBTB7A;SINHCAF;EID2;SUDS3;FAM89B;PEG10;SAP30L;RBBP7;OGT
prerank,Regulation Of Steroid Biosynthetic Process (GO:0050810),-0.802559830354438,-1.3803279199620224,0.06365159128978225,1.0,1.0,2/15,19.74%,SIRT1;ASAH1
prerank,Hematopoietic Progenitor Cell Differentiation (GO:0002244),-0.7271710004068881,-1.379924024732291,0.05365853658536585,1.0,1.0,4/26,7.19%,FSTL3;PLEK;UFL1;LYN
prerank,Regulation Of Mitochondrial Translation (GO:0070129),-0.7346386777499087,-1.3797615688224816,0.06209150326797386,1.0,1.0,11/21,14.29%,FASTKD2;RMND1;MALSU1;MRPS27;LRPPRC;RCC1L;COA3;SHMT2;MTG2;C1QBP;METTL8
prerank,Monocyte Chemotaxis (GO:0002548),-0.7027958887517197,-1.377744168239452,0.051036682615629984,1.0,1.0,3/27,2.32%,IL6R;PTPRO;FOLR2
prerank,Regulation Of Vascular Associated Smooth Muscle Cell Proliferation (GO:1904705),-0.6688092454579295,-1.377047139868954,0.053712480252764615,1.0,1.0,8/36,13.56%,CDKN1A;FOXJ2;JUN;ERN1;TPM1;DNMT1;IGFBP5;BMPR1A
prerank,B Cell Proliferation (GO:0042100),-0.7809807544962653,-1.3744522461813158,0.059800664451827246,1.0,1.0,5/17,19.49%,CD40;RASGRP1;CTPS1;HSPD1;MEF2C
prerank,Suppression Of Viral Release By Host (GO:0044790),0.8343255562622298,1.3736048194605872,0.11306532663316583,1.0,1.0,5/11,12.01%,TRIM11;TRIM28;TRIM35;PML;TRIM13
prerank,Calcium-Ion Regulated Exocytosis (GO:0017156),-0.7177095269945449,-1.37057264779058,0.07028753993610223,1.0,1.0,13/24,13.20%,RIMS1;RIMS2;RAB3A;SYT11;SYT1;RIMS3;SYT13;SYT2;SYT5;PPP3CB;SYT10;SYT4;SDF4
prerank,Glycosaminoglycan Metabolic Process (GO:0030203),-0.6931358820268276,-1.3679037719442722,0.05379746835443038,1.0,1.0,12/28,18.11%,GNS;B4GALT7;EXT2;GUSB;FUCA1;IDS;XYLT1;HEXB;UGDH;B3GAT3;PXYLP1;CHST9
prerank,Prostaglandin Transport (GO:0015732),0.8670905340425032,1.3676451759869805,0.04918032786885246,1.0,1.0,1/10,3.29%,SLC22A6
prerank,Axonal Transport (GO:0098930),-0.6730386499309257,-1.367507191651282,0.059654631083202514,1.0,1.0,18/36,17.82%,NEFL;SOD1;SYBU;SNAPIN;FBXW11;AP3S2;AP3B2;TMEM108;KIF3B;AP3S1;AP3D1;DTNBP1;RAB21;KIF1A;PAFAH1B1;AP3M1;MAPT;KIF3A
prerank,Response To Ethanol (GO:0045471),-0.7449754722490831,-1.3664938692162891,0.10066006600660066,1.0,1.0,6/18,13.20%,SOD1;OPRM1;GRIN2B;GLRA2;GRIN2A;SDF4
prerank,Negative Regulation Of Cation Channel Activity (GO:2001258),-0.7111574881122052,-1.366319347211956,0.06885245901639345,1.0,1.0,6/26,12.68%,GNB5;SRI;CALM3;CLIC2;PPP3CA;PPP3CB
prerank,Positive Regulation Of Branching Involved In Ureteric Bud Morphogenesis (GO:0090190),0.8275999688667905,1.3657425445296238,0.0958904109589041,1.0,1.0,1/11,4.57%,SOX8
prerank,Regulation Of T-helper 17 Cell Differentiation (GO:2000319),0.8440570027915415,1.3650821598021434,0.11306532663316583,1.0,1.0,5/10,10.02%,SMAD7;MALT1;ZC3H12A;NFKBID;JUNB
prerank,Plasma Membrane Bounded Cell Projection Organization (GO:0120036),-0.571151173138853,-1.3635486450391456,0.01984126984126984,1.0,1.0,55/126,18.45%,ATCAY;STMN2;PLEK;OPHN1;PHPT1;ARMC2;UNC5A;DOCK7;CARMIL1;IQCG;VAPA;SNAPIN;L1CAM;GPM6A;KIFAP3;ARFIP2;CEP78;SH3GL2;STMN1;RAB11A;MAP1B;FAM161A;TPM1;CDK16;FLRT3;LYN;TMEM108;MAP2;CNTN4;BTG2;RAB35;STMN3;RAB6A;CNTNAP2;DTNBP1;RAC1;LGI1;RAPGEF2;CDK5;NCDN;AGER;APP;BICDL1;MAP4;LIMA1;RB1;FRY;CTTN;WDPCP;MAPT;PPP1R9B;STMN4;MANF;TNXB;RASGRF1
prerank,Positive Regulation Of Protein Depolymerization (GO:1901881),-0.8601168708289397,-1.3627268158285615,0.056140350877192984,1.0,1.0,2/10,0.81%,STMN2;PLEK
prerank,Ammonium Transmembrane Transport (GO:0072488),0.8356112520349827,1.3613905102114083,0.09862385321100918,1.0,1.0,4/10,16.45%,SLC12A6;RHD;SLC12A2;SLC12A7
prerank,Positive Regulation Of T Cell Cytokine Production (GO:0002726),0.7063254582934814,1.360637598625124,0.11197916666666667,1.0,1.0,6/20,16.47%,MALT1;PRKCZ;TRAF2;MAP3K7;RSAD2;IL18
prerank,Regulation Of Cell Death (GO:0010941),-0.6445188513428172,-1.3599586122917293,0.04011887072808321,1.0,1.0,13/48,11.36%,SNCG;TMEM109;PARK7;RAB29;HBB;SNCB;CHMP2A;CHMP3;CHMP7;CLU;CHRNA7;TXNDC12;PACRG
prerank,Negative Regulation Of Osteoclast Differentiation (GO:0045671),-0.7436149660132779,-1.3594901398871748,0.0781758957654723,1.0,1.0,5/19,9.04%,GPR137B;FSTL3;FBXW7;MAFB;LILRB3
prerank,Membrane Raft Organization (GO:0031579),-0.7807619936015352,-1.359308771133129,0.08034188034188035,1.0,1.0,4/14,10.96%,YJEFN3;FLOT1;NAXE;COLEC12
prerank,Regulation Of Vasculogenesis (GO:2001212),0.7880616406550174,1.3590745078856405,0.1,1.0,1.0,4/13,6.03%,RRAS;RIN2;HIF1AN;RAP1A
prerank,Calcium-Dependent Cell-Cell Adhesion Via Plasma Membrane Cell Adhesion Molecules (GO:0016339),-0.6570132220009035,-1.354442763389257,0.053712480252764615,1.0,1.0,7/36,6.49%,CDH22;CDH7;CDH18;CDH12;CDH13;CDH10;CDH9
prerank,Renal Water Homeostasis (GO:0003091),0.8145641222043418,1.3539131637168442,0.11163895486935867,1.0,1.0,4/11,9.28%,AQP4;PRKACA;WFS1;AQP1
prerank,Glycosaminoglycan Catabolic Process (GO:0006027),-0.7843010143963881,-1.3538993991597403,0.07742998352553541,1.0,1.0,5/15,12.28%,CEMIP2;GNS;GUSB;FUCA1;IDS
prerank,Regulation Of Systemic Arterial Blood Pressure By Hormone (GO:0001990),-0.8496239628961474,-1.3523130970401327,0.06927175843694494,1.0,1.0,1/10,9.81%,CORIN
prerank,Glutamate Receptor Signaling Pathway (GO:0007215),-0.6632809982621318,-1.3515796784760332,0.0704647676161919,1.0,1.0,16/35,15.28%,GRM8;GRIK1;KCNB1;GRIN2B;GRIK2;GRIA2;HOMER2;PLCB1;GRM1;GRIA3;GRIK4;GRIN2A;GRM7;GRM5;HOMER1;GRIA4
prerank,Inorganic Anion Transport (GO:0015698),-0.623023067947315,-1.3512583617826635,0.05357142857142857,1.0,1.0,14/56,13.25%,SLC11A1;SLC4A10;TTYH1;ANO5;SLC26A4;ANO10;SLC25A11;TTYH3;CLCN6;SLC26A11;SLC26A5;CLIC2;SLC17A6;SLC17A7
prerank,Regulation Of Fatty Acid Beta-Oxidation (GO:0031998),0.7914598040458872,1.3507508628910652,0.10576923076923077,1.0,1.0,7/12,20.57%,PPARA;IRS2;AKT2;TYSND1;ABCD1;AKT1;LONP2
prerank,Positive Regulation Of Immunoglobulin Mediated Immune Response (GO:0002891),-0.7904368398219842,-1.3506752250337686,0.08547008547008547,1.0,1.0,7/15,11.41%,HMCES;TRAPPC13;SHLD2;NECTIN2;PAXIP1;KMT5B;SHLD1
prerank,Calcium Ion-Regulated Exocytosis Of Neurotransmitter (GO:0048791),-0.8065860530134538,-1.350601998619111,0.08631921824104234,1.0,1.0,10/13,13.01%,RIMS1;UNC13A;RIMS2;SYT11;SYT1;RIMS3;SYT2;UNC13C;SYT5;SYT4
prerank,Negative Regulation Of Blood Coagulation (GO:0030195),0.6463975194434841,1.3500028032681584,0.0681198910081744,1.0,1.0,5/27,11.87%,KLKB1;SERPINE1;PDGFB;PLAT;CPB2
prerank,Cellular Response To UV-A (GO:0071492),0.8193692499905351,1.3489041074495114,0.14014251781472684,1.0,1.0,3/10,18.07%,PPID;MMP2;OPN3
prerank,Positive Regulation Of Mitotic Nuclear Division (GO:0045840),0.6184620675291835,1.3480941348136033,0.06997084548104957,1.0,1.0,7/32,13.16%,PHIP;AURKA;NUSAP1;PDGFB;CDC23;INSR;ANAPC5
prerank,Meiotic Sister Chromatid Cohesion (GO:0051177),0.8336803846590696,1.3471852012942724,0.11502347417840375,1.0,1.0,6/10,16.65%,SGO2;HORMAD1;STAG3;SMC1A;SMC3;RAD21
prerank,Positive Regulation Of Dephosphorylation (GO:0035306),-0.6954078730972257,-1.3440074951929355,0.08188976377952756,1.0,1.0,12/27,12.91%,PPP1R7;PIN1;LILRB2;CALM3;PTBP1;DYNLL1;CALM1;ANKLE2;MTMR9;CNEP1R1;SRC;CAMTA1
prerank,Mitotic Spindle Midzone Assembly (GO:0051256),0.832203839018665,1.343427591356305,0.10714285714285714,1.0,1.0,1/10,16.78%,RACGAP1
prerank,Mitotic Spindle Elongation (GO:0000022),0.832203839018665,1.343427591356305,0.10714285714285714,1.0,1.0,1/10,16.78%,RACGAP1
prerank,Regulation Of Cell Communication By Electrical Coupling (GO:0010649),-0.8422019973348404,-1.3434270149463368,0.08854166666666667,1.0,1.0,4/11,7.37%,SRI;CALM3;PDE4D;CALM1
prerank,Positive Regulation Of Receptor Internalization (GO:0002092),0.7026161892861144,1.3432880856380278,0.12894736842105264,1.0,1.0,10/20,22.56%,TBC1D5;INSR;ATAD1;ARRB2;ANGPT1;PICK1;MAGI2;ARRB1;GREM1;FMR1
prerank,Presynapse Organization (GO:0099172),0.8159204500749926,1.3431724178031401,0.12080536912751678,1.0,1.0,6/11,17.31%,DVL1;NLGN3;WNT5A;NLGN2;NLGN4Y;NLGN1
prerank,Icosanoid Secretion (GO:0032309),-0.8167499621384218,-1.3424083313842359,0.08585858585858586,1.0,1.0,2/11,18.33%,ANXA1;PNPLA8
prerank,Positive Regulation Of Endothelial Cell Apoptotic Process (GO:2000353),-0.847504971391783,-1.341688700227326,0.07243816254416961,1.0,1.0,3/11,7.40%,PRKCI;CD40;PLCG1
prerank,Cellular Response To Inorganic Substance (GO:0071241),0.7302584677326942,1.3411237946821188,0.13178294573643412,1.0,1.0,8/16,11.75%,ATRX;FOXO1;MTR;BLM;SPIDR;TIMELESS;AQP1;DDI2
prerank,Positive Regulation Of Signaling (GO:0023056),-0.6520768572099144,-1.3409600371639407,0.0804953560371517,1.0,1.0,12/37,15.57%,RIMS1;RAB29;GRIK2;RIMS2;SYT1;RIMS3;CLSTN1;CLSTN3;WLS;LGI1;HOMER1;CLSTN2
prerank,Endosomal Lumen Acidification (GO:0048388),-0.8474484815604175,-1.3403971872168232,0.06666666666666667,1.0,1.0,7/10,11.98%,ATP6V1F;ATP6AP2;ATP6V0B;TMEM9;ATP6V1A;ATP6V1D;ATP6V0A1
prerank,Intracellular Iron Ion Homeostasis (GO:0006879),-0.6326387839977777,-1.3391570557869148,0.05925925925925926,1.0,1.0,21/47,18.41%,NDFIP1;SOD1;FTH1;SLC11A1;CYB561A3;ABCB7;ATP6V1G1;ISCU;SLC22A17;ATP6V1A;ATP6V0D1;FTL;TFR2;NUBP1;HAMP;FBXL5;HMOX1;FLVCR1;TFRC;SLC46A1;ATP13A2
prerank,Negative Regulation Of Transposition (GO:0010529),0.6975841004802033,1.339038878874776,0.0962962962962963,1.0,1.0,5/21,10.35%,MOV10;APOBEC3G;SIRT7;MYBL1;PIWIL4
prerank,Carbohydrate Catabolic Process (GO:0016052),-0.6485548313086746,-1.3369712852876487,0.07100591715976332,1.0,1.0,12/36,11.84%,ENO1;GAPDH;TPI1;LDHA;PKM;PGM1;ENOSF1;UCP2;GPI;PGAM1;ENO2;ENO4
prerank,Monoatomic Cation Transmembrane Transport (GO:0098655),-0.5206181026839182,-1.3365541389136009,0.008244994110718492,1.0,1.0,56/268,12.88%,SLC6A7;KCNH1;SCN2A;SCN2B;TRPC5;ATP1A1;SCN1B;SLC11A1;SLC4A4;KCNN1;ATP6V1F;TRPC1;KCNB1;KCND2;KCNA1;GRIN2B;KCNN2;ATP6AP2;ATP6V0B;ATP5F1B;HVCN1;ATP1B1;KCNQ2;KCNK10;ATP6V1A;SLC39A10;SLC6A17;TRPM3;KCNB2;SLC6A1;ATP2A2;SLC39A1;HCN1;SCN3B;UCP2;ASIC2;KCNC2;ATP2B4;ATP6V0E1;ATP6V0D1;TRPM2;KCNQ5;CLU;ATP6V1B2;CACNA2D4;KCNK4;KCNN4;ATP6V1D;KCNV1;GRIN2A;ATP6V1C1;ATP1A2;ATP6V0A1;KCNC1;KCNQ3;TMCO1
prerank,Protein Localization To Kinetochore (GO:0034501),0.7885969205816243,1.3362484413930948,0.14698795180722893,1.0,1.0,7/11,12.91%,SPDL1;ZWILCH;MTBP;CHAMP1;KNL1;BUB3;KNTC1
prerank,Anterograde Axonal Transport (GO:0008089),-0.6528473832357223,-1.3356063499494735,0.06456692913385827,1.0,1.0,18/36,17.82%,NEFL;SOD1;SNAPIN;RAB27B;AP3S2;AP3B2;KIF3B;AP3S1;AP3D1;DTNBP1;RAB21;KIF5A;KIF1A;TRAK2;KIF5C;AP3M1;HSPB1;KIF3A
prerank,Synaptic Vesicle Membrane Organization (GO:0048499),-0.7870191523123335,-1.3353616863029771,0.1,1.0,1.0,7/14,9.24%,STX1A;SYP;SNAP29;SNAP47;SNAP25;SYNGR2;SYNGR1
prerank,Post-Translational Protein Targeting To Endoplasmic Reticulum Membrane (GO:0006620),-0.7878815352253093,-1.334889734909027,0.11073825503355705,1.0,1.0,7/13,14.04%,SGTB;SEC62;SGTA;HSPA5;SEC63;SEC61G;SEC61B
prerank,Acylglycerol Catabolic Process (GO:0046464),-0.7294093346438079,-1.3347359521136593,0.10016155088852989,1.0,1.0,9/19,21.80%,DAGLB;ABHD2;FAAH;GPIHBP1;LCP1;PNPLA2;LIPC;LYPLA2;ABHD6
prerank,Myelination In Peripheral Nervous System (GO:0022011),-0.8096265815983403,-1.3346452846110994,0.09717314487632508,1.0,1.0,4/12,1.54%,LGI4;SKI;SOD1;CNTNAP1
prerank,Positive Regulation Of Lymphocyte Chemotaxis (GO:0140131),0.7328621638333358,1.3342396805833385,0.11832946635730858,1.0,1.0,5/14,12.11%,NEDD9;WNK1;WNT5A;OXSR1;STK39
prerank,Regulation Of Cell Projection Organization (GO:0031344),0.7787465882946355,1.3340745652410346,0.13270142180094788,1.0,1.0,3/13,2.65%,MOV10;NTNG2;MACF1
prerank,Long-Chain Fatty Acid Metabolic Process (GO:0001676),-0.5928917379649892,-1.3335213295111998,0.04892086330935252,1.0,1.0,19/73,16.39%,GPX4;DAGLB;ACOT2;EPHX1;ACSL3;ACSL1;FAAH;LTC4S;ABHD12;PLA2G4C;ELOVL5;ACAD9;ABCD3;SLC27A4;PTGR1;ACAA1;ACSL5;HACL1;CPT1A
prerank,Regulation Of Epidermal Cell Differentiation (GO:0045604),0.6792782953375625,1.3333631813997824,0.11219512195121951,1.0,1.0,4/17,14.89%,KLF7;ROCK2;ROCK1;SGPP1
prerank,Adenine Nucleotide Transport (GO:0051503),-0.7238497035407085,-1.3305227239221484,0.10383386581469649,1.0,1.0,11/19,16.27%,SLC25A5;SLC25A4;LRRC8A;SLC25A23;SLC35B3;SLC25A17;SLC35B2;SLC25A24;ABCC5;SLC17A9;SLC25A25
prerank,Regulatory ncRNA Processing (GO:0070918),0.618809521198838,1.3304139703753566,0.08,1.0,1.0,7/34,14.65%,ZC3H7A;AGO4;PLD6;AGO2;AGO3;SPOUT1;DICER1
prerank,Mitotic Sister Chromatid Cohesion (GO:0007064),0.6978161102615743,1.3301254238824396,0.12926829268292683,1.0,1.0,9/18,16.65%,STAG1;NIPBL;PDS5A;NAA50;STAG2;PDS5B;SMC1A;SMC3;RAD21
prerank,Cellular Response To Zinc Ion (GO:0071294),-0.7915870899647288,-1.329886882845442,0.11367380560131796,1.0,1.0,9/13,20.06%,MT1M;HVCN1;GLRA2;ZNF658;MT1X;MT1G;P2RX4;MT1F;MT2A
prerank,Branching Involved In Ureteric Bud Morphogenesis (GO:0001658),0.7282693295375864,1.3291654840388656,0.1026252983293556,1.0,1.0,4/15,19.98%,NPNT;FGF1;PKD2;MYC
prerank,Protein Localization To Condensed Chromosome (GO:1903083),0.8107547954932175,1.3287801824506815,0.13414634146341464,1.0,1.0,6/10,10.04%,SPDL1;ZWILCH;MTBP;CHAMP1;KNL1;BUB3
prerank,Response To Zinc Ion (GO:0010043),-0.6994240728881245,-1.3277729507657976,0.08852459016393442,1.0,1.0,9/23,17.22%,PAM;MT1M;HVCN1;GLRA2;ZNF658;MT1X;MT1G;P2RX4;MT1F
prerank,Connective Tissue Development (GO:0061448),0.5930436020075234,1.3271693364568122,0.08385093167701864,1.0,1.0,16/37,17.32%,ZBTB16;SLC39A13;TRIP11;SOX8;VPS13B;CHI3L1;SNORC;SPTLC2;DYRK1B;SCX;SULF1;ZNF516;ITGB8;CREB3L2;HYAL1;GHRL
prerank,Inhibitory Synapse Assembly (GO:1904862),-0.7836063681196398,-1.327014256114966,0.10931899641577061,1.0,1.0,6/13,8.47%,GABRG2;GABRB2;GABRA1;GABRB3;GABRA2;FGF13
prerank,Negative Regulation Of Nitrogen Compound Metabolic Process (GO:0051172),-0.8188642745223934,-1.3267040905448535,0.1,1.0,1.0,3/11,11.09%,AP2A1;LILRB2;HSP90AB1
prerank,Protein Targeting To Mitochondrion (GO:0006626),-0.6139922020268302,-1.3245617969958072,0.061046511627906974,1.0,1.0,27/56,16.44%,TIMM13;PMPCA;BCAP31;TIMM10;MTCH1;TIMM29;TIMM9;TOMM70;TOMM7;IMMP1L;HSPA4;FIS1;TIMM17A;TIMM21;MIPEP;GRPEL1;TOMM22;TRMT10B;HSP90AA1;MFF;TOMM20;GDAP1;FBXO7;TIMM50;TIMM22;HSPD1;TIMM8B
prerank,Negative Regulation Of Vascular Associated Smooth Muscle Cell Proliferation (GO:1904706),-0.7534891251723046,-1.3226823615171468,0.12121212121212122,1.0,1.0,2/16,5.86%,CDKN1A;TPM1
prerank,Chromatin Remodeling (GO:0006338),0.46204742020118544,1.32157019204636,0.0,1.0,1.0,91/210,16.29%,ATRX;DEPDC1B;ARID1B;DDX23;ACTR8;ARID2;PER1;CHD2;SMARCB1;GATAD2B;CHD6;SMARCAD1;EZH1;SIRT7;RYBP;KAT2B;PSIP1;HP1BP3;DPF2;HDGFL3;BAZ2B;KAT2A;TRIP12;UBR5;MBD2;BCL7B;CHD1;SMARCA2;SETDB2;TFPT;YEATS4;BCL7C;BAZ2A;WAC;BPTF;PRDM16;ZBTB1;KDM4D;KDM2B;ACTL6A;CBX3;KDM6A;PIH1D1;SMARCC2;RUVBL2;ZNF274;DTX3L;DEK;REST;HDAC1;BAZ1A;SFPQ;PWWP2B;RING1;NFRKB;CECR2;ZBTB7A;HDGF;ERCC6;PCID2;SETD7;HNRNPC;SUDS3;TDG;BAZ1B;USP15;KDM5C;TADA2B;SF3B1;KDM5B;INO80D;PADI2;RBBP7;BCOR;KDM6B;YEATS2;CTCF;PRIMPOL;TTI1;CGGBP1;CHD3;PCGF1;HDGFL2;SMARCC1;KDM4B;KDM4C;HCFC2;NPM1;YY1;RSF1;SMARCD2
prerank,Carboxylic Acid Metabolic Process (GO:0019752),-0.6697494259875381,-1.3203753904048119,0.08540372670807453,1.0,1.0,6/30,12.19%,SLC2A3;SLC23A2;ST6GAL1;ST3GAL1;GSTO2;GRHPR
prerank,"Mitochondrial Electron Transport, Ubiquinol To Cytochrome C (GO:0006122)",-0.8306759297806396,-1.3195405953797907,0.10423452768729642,1.0,1.0,7/11,13.14%,UQCR10;CYCS;UQCRH;UQCRFS1;UQCC3;UQCRB;UQCRQ
prerank,Protein Polyglutamylation (GO:0018095),0.8111084263002343,1.3186662640855749,0.16911764705882354,1.0,1.0,6/10,14.70%,TTLL1;TPGS1;TTLL9;CFAP20;TTLL4;TTLL7
prerank,Negative Regulation Of Phosphate Metabolic Process (GO:0045936),-0.7218186765256118,-1.3184983971726663,0.09448818897637795,1.0,1.0,6/20,11.54%,PLEK;CDKN1A;CDKN2D;DYNLL1;CDKN2A;UXT
prerank,Negative Regulation Of Cell Division (GO:0051782),0.8000984363760268,1.3161576637756176,0.18581907090464547,1.0,1.0,5/10,20.00%,BLM;TXNIP;ZFYVE19;MYC;VPS4A
prerank,Positive Regulation Of Isotype Switching (GO:0045830),-0.7879095945734382,-1.3159546323634905,0.1285475792988314,1.0,1.0,7/13,16.71%,HMCES;TRAPPC13;SHLD2;PAXIP1;KMT5B;SHLD1;TFRC
prerank,Atrial Cardiac Muscle Cell Action Potential (GO:0086014),-0.7908717803068058,-1.3137435261460162,0.1323529411764706,1.0,1.0,4/12,6.82%,KCNN2;KCNJ5;CACNB2;SCN3B
prerank,Regulation Of DNA Methylation-Dependent Heterochromatin Formation (GO:0090308),0.7269761020328542,1.3129613202858106,0.13178294573643412,1.0,1.0,6/15,9.24%,L3MBTL3;DYRK1A;TRIM28;SETDB2;MPHOSPH8;ATF7IP2
prerank,Inorganic Cation Transmembrane Transport (GO:0098662),-0.5110381048474036,-1.3122883017392832,0.011806375442739079,1.0,1.0,54/270,12.88%,SLC6A7;KCNH1;SCN2A;SCN2B;TRPC5;ATP1A1;SCN1B;SLC11A1;SLC4A4;KCNN1;ATP6V1F;TRPC1;KCNB1;KCND2;KCNA1;KCNN2;ATP6AP2;ATP6V0B;ATP5F1B;HVCN1;ATP1B1;KCNQ2;KCNK10;ATP6V1A;SLC39A10;SLC6A17;TRPM3;KCNB2;SLC6A1;ATP2A2;SLC39A1;HCN1;SCN3B;UCP2;ASIC2;KCNC2;ATP2B4;ATP6V0E1;ATP6V0D1;TRPM2;KCNQ5;CLU;ATP6V1B2;CACNA2D4;KCNK4;KCNN4;ATP6V1D;KCNV1;ATP6V1C1;ATP1A2;ATP6V0A1;KCNC1;KCNQ3;TMCO1
prerank,Positive Regulation Of Actin Filament Bundle Assembly (GO:0032233),-0.6025433121096695,-1.3122238230660987,0.06911764705882353,1.0,1.0,24/50,18.69%,PLEK;SYNPO;NELL1;NF2;CARMIL1;TGFBR1;TPM1;ITGB1BP1;SORBS3;PAK1;PPM1E;PPM1F;MTSS1;RAC1;SYNPO2;FHOD1;LIMK1;EVL;PXN;CX3CL1;RGCC;SFRP1;GPR65;SERPINF2
prerank,Protein Insertion Into Mitochondrial Membrane (GO:0051204),-0.6855775191650746,-1.3120800045648608,0.10328638497652583,1.0,1.0,12/25,10.47%,TIMM13;TIMM10;MTCH1;MOAP1;TIMM29;TIMM9;TOMM70;TOMM7;HSPA4;TOMM22;TRMT10B;HSP90AA1
prerank,Anterograde Trans-Synaptic Signaling (GO:0098916),-0.526715940346438,-1.3115657700593233,0.021013597033374538,1.0,1.0,46/189,14.39%,SNCG;GRIK1;SCN2B;SLC12A5;DLG3;GABRB2;CPLX1;KCNN1;SNCB;KCND2;KCNA1;GRIN2B;GRIK2;GRIA2;CACNA1B;SYT1;KCNQ2;GABRB3;SNAP25;DLGAP1;GABBR2;GRIA1;LRP6;RIT2;SLC6A1;CACNB2;SYN2;CACNA1E;ASIC2;UNC13C;GLRA2;NRXN1;SYT5;CHRM3;PDE7B;GLRB;GRIK4;GRIN2A;GRM7;CDK5;SYT10;KCNQ3;NRXN2;KIF5A;HTR2A;GABRB1
prerank,Ear Morphogenesis (GO:0042471),0.6819098961816932,1.3104126732312549,0.1330049261083744,1.0,1.0,3/19,9.89%,NIPBL;MYO6;OXSR1
prerank,Regulation Of Establishment Of Cell Polarity (GO:2000114),0.6912395398540937,1.3102728110285142,0.15303430079155672,1.0,1.0,8/16,12.79%,SHTN1;ARFGEF1;BCAS3;GSN;ROCK2;ROCK1;KANK1;RUFY3
prerank,Multicellular Organismal-Level Water Homeostasis (GO:0050891),0.7219687493040392,1.3099201634864688,0.1396508728179551,1.0,1.0,4/15,9.28%,AQP4;PRKACA;WFS1;AQP1
prerank,Response To Estradiol (GO:0032355),0.6351118098998606,1.3097479842663724,0.11970074812967581,1.0,1.0,8/26,9.31%,EGFR;CTNNB1;NCOA3;LCOR;NRIP1;FAM210B;RUVBL2;STAT3
prerank,Lung Development (GO:0030324),0.618712761263412,1.3094732810548886,0.09158415841584158,1.0,1.0,5/31,9.42%,CCDC40;ITGA3;CHI3L1;BAG6;PROX1
prerank,Negative Regulation Of Small Molecule Metabolic Process (GO:0062014),0.6103989132230473,1.3085563251970276,0.10734463276836158,1.0,1.0,8/29,8.57%,FBP1;NCOR1;PPARA;SOGA1;KAT2A;TIGAR;CRY1;CBFA2T3
prerank,Regulation Of Tyrosine Phosphorylation Of STAT Protein (GO:0042509),-0.6075759455423918,-1.3073052819628437,0.05865102639296188,1.0,1.0,10/52,14.05%,CRLF1;IL6R;NF2;CD40;SOCS3;TNFRSF1A;LYN;PPP2R1A;PARP14;PIBF1
prerank,Response To X-ray (GO:0010165),0.7751887009923116,1.3063955897947497,0.2,1.0,1.0,4/11,7.74%,DEPDC1B;NIPBL;ATM;BLM
prerank,Endodermal Cell Differentiation (GO:0035987),-0.6657322213050201,-1.30614214879453,0.09149277688603531,1.0,1.0,9/30,16.89%,COL6A1;ITGA7;ITGB5;COL11A1;ITGA5;CTR9;FN1;RTF1;SETD2
prerank,Presynaptic Endocytosis (GO:0140238),-0.6776914940365691,-1.3053416232439183,0.09859154929577464,1.0,1.0,12/27,13.78%,AP2S1;SNCG;OPHN1;STX1A;DNM1;SNCB;SYT1;SYT2;PIP5K1C;SYT5;CDK5;AP2M1
prerank,Embryonic Axis Specification (GO:0000578),0.7795653553525668,1.3053349109058172,0.1606714628297362,1.0,1.0,1/12,0.21%,CXXC4
prerank,Positive Regulation Of Smooth Muscle Cell Proliferation (GO:0048661),-0.6182557871260262,-1.3047290313814364,0.06758832565284179,1.0,1.0,12/45,16.42%,ID2;FOXJ2;JUN;IL6R;CDH13;ERN1;DNMT1;IGFBP5;BMPR1A;AIF1;HMOX1;CX3CL1
prerank,Endothelial Cell Proliferation (GO:0001935),-0.720581998052787,-1.3034217484868424,0.11647254575707154,1.0,1.0,5/18,7.55%,PRKX;ERN1;ITGB1BP1;BMPR2;BMPER
prerank,Regulation Of Cholesterol Storage (GO:0010885),0.7362426861849773,1.3030498824614039,0.16666666666666666,1.0,1.0,4/14,5.49%,SCARB1;PPARA;ABCG1;NR1H2
prerank,RNA Methylation (GO:0001510),-0.5848390294145376,-1.3020027867876687,0.06379821958456973,1.0,1.0,29/62,16.04%,NSUN2;SNRPD3;METTL4;TFB1M;SNRPB;METTL3;SNRPE;SNRPD2;TRMT112;SNRPD1;THUMPD3;TARBP1;CMTR1;METTL14;TRDMT1;FTSJ1;PCIF1;MTO1;MRM2;ZC3H13;SNRPG;RBM15;METTL8;METTL5;TRMT9B;TRMT44;VIRMA;DIMT1;FBL
prerank,Cell Junction Organization (GO:0034330),-0.5835853631581462,-1.30150381167201,0.06277372262773723,1.0,1.0,24/61,17.62%,SNCG;PPFIA4;PRKCI;OPHN1;CBLN2;PIN1;SNCB;CXADR;PTK7;PAK3;L1CAM;SEMA3E;SLC6A1;SMAD3;CHRNA7;MYOT;APP;SLC8A3;GRM5;SLC8A2;PPFIA2;CAPZA1;C1QA;MAPT
prerank,Amyloid Fibril Formation (GO:1990000),0.6767556679343497,1.3014471104819925,0.11886304909560723,1.0,1.0,5/20,8.98%,PRKN;SIAH1;GSN;SNCA;MDM2
prerank,Inner Ear Receptor Cell Stereocilium Organization (GO:0060122),-0.7994500948671623,-1.3013036372304883,0.1404109589041096,1.0,1.0,2/11,6.56%,SOD1;PLS1
prerank,Regulation Of Mitotic Sister Chromatid Separation (GO:0010965),0.7898761973270736,1.2989402174489524,0.17494089834515367,1.0,1.0,4/10,21.02%,DUSP1;TPR;CDK5RAP2;LCMT1
prerank,Regulation Of Acrosome Reaction (GO:0060046),-0.8312320908048371,-1.2988029631070435,0.11498257839721254,1.0,1.0,1/10,5.44%,PLCB1
prerank,Regulation Of Phosphoprotein Phosphatase Activity (GO:0043666),-0.636985581484416,-1.2983350648378518,0.0903522205206738,1.0,1.0,12/35,12.49%,TIPRL;GNA12;BOD1;CD300A;CALM3;PPP1R1B;HTT;PPP1R15A;CALM1;PPP4R4;HSP90AB1;HSP90B1
prerank,Epithelial Cell Morphogenesis (GO:0003382),-0.7883836280337739,-1.2975723748716805,0.15130434782608695,1.0,1.0,4/12,21.17%,RILPL2;RILPL1;SIPA1;SIPA1L3
prerank,Regulation Of Nucleotide-Excision Repair (GO:2000819),0.6365578783058357,1.2974160996903734,0.11274509803921569,1.0,1.0,10/26,6.93%,ARID1B;ARID2;SMARCB1;KAT7;DPF2;BCL7B;SMARCA2;BCL7C;ACTL6A;SMARCC2
prerank,Cardiac Muscle Cell Action Potential (GO:0086001),-0.6620956376815044,-1.2970693628214585,0.1059001512859304,1.0,1.0,10/29,13.39%,SCN2B;ATP1A1;SCN1B;ATP1B1;SCN3B;SCN1A;FGF12;ATP1A2;DMD;YWHAE
prerank,Adenylate Cyclase-Inhibiting G Protein-Coupled Receptor Signaling Pathway (GO:0007193),-0.595665450646477,-1.2969743051360096,0.07634730538922156,1.0,1.0,10/48,12.30%,GRM8;OPRM1;ADCY6;PSAP;GNAI3;GABBR2;GABBR1;CHRM3;GRM7;AKAP12
prerank,ATP Biosynthetic Process (GO:0006754),-0.7152490148188902,-1.2967360498472535,0.11260504201680673,1.0,1.0,11/18,18.55%,ATP5MC1;ATP5MG;VPS9D1;ATP5F1B;ATP5MC2;ATP5PB;ATP5F1A;ATP5F1E;ATP5F1C;ATP5MC3;NUDT2
prerank,Lymphocyte Chemotaxis (GO:0048247),0.6200580928309339,1.29639811146042,0.09067357512953368,1.0,1.0,5/30,12.92%,CYP7B1;PIK3CG;HSD3B7;GAS6;SLC12A2
prerank,Lysosomal Lumen Acidification (GO:0007042),-0.7386286942153817,-1.2960897398550355,0.11584327086882454,1.0,1.0,8/16,11.98%,ATP6V1F;ATP6AP2;ATP6V0B;TMEM9;ATP6V1A;GRN;ATP6V1D;ATP6V0A1
prerank,Regulation Of miRNA-mediated Gene Silencing (GO:0060964),0.7201464130806297,1.2960023460144696,0.16666666666666666,1.0,1.0,6/15,11.78%,LIMD1;TIAL1;FXR1;POU5F1;DHX9;EIF4G1
prerank,Regulation Of Epidermal Growth Factor Receptor Signaling Pathway (GO:0042058),0.563041035666069,1.293221036243117,0.08430232558139535,1.0,1.0,15/45,15.16%,EGFR;MVB12B;FER;CBL;CCDC88A;MVB12A;HIP1;DUSP3;SHKBP1;TSG101;PTPN12;RHBDF2;ITGA1;RALB;BCAR3
prerank,Negative Regulation Of Neuron Projection Development (GO:0010977),-0.5951352490998405,-1.2921719492177888,0.07647907647907648,1.0,1.0,16/53,9.39%,STMN2;BCL11A;ADCY6;THY1;PRAG1;RAB29;PTPRO;KIAA0319;PAQR3;EPHA4;NGEF;DCC;GDI1;TNR;PTPRS;CIB1
prerank,Negative Regulation Of ERK1 And ERK2 Cascade (GO:0070373),-0.6130154308845206,-1.2917538747383588,0.09379727685325265,1.0,1.0,13/42,12.49%,DUSP26;SIRPA;PIN1;EPHA4;TIMP3;TNIP1;ITGB1BP1;LYN;WNK2;SPRED1;PTPRR;LMO3;EZR
prerank,Regulation Of Release Of Cytochrome C From Mitochondria (GO:0090199),-0.6241196319078015,-1.29126244217536,0.08433734939759036,1.0,1.0,12/39,12.64%,MLLT11;MOAP1;PRELID1;PSMD10;BCL2L11;HGF;GHITM;FAM162A;CLU;BID;DNM1L;MFF
prerank,Retrotransposon Silencing (GO:0010526),0.7037258316619912,1.2910163981460048,0.1272264631043257,1.0,1.0,5/17,10.00%,MOV10;APOBEC3G;SIRT7;TUT7;TUT4
prerank,Negative Regulation Of Pathway-Restricted SMAD Protein Phosphorylation (GO:0060394),0.8058563848189422,1.2904930279327835,0.1724137931034483,1.0,1.0,3/10,6.99%,SMAD7;PMEPA1;LDLRAD4
prerank,Maintenance Of Synapse Structure (GO:0099558),-0.8132344419261759,-1.2897807420253498,0.13651877133105803,1.0,1.0,5/10,13.58%,CBLN2;RAB3A;ERC2;SDF4;CHCHD10
prerank,Cytoplasmic Translational Initiation (GO:0002183),-0.6646494687760248,-1.288682021014167,0.12066365007541478,1.0,1.0,12/29,14.79%,DHX29;EIF4A2;MIF4GD;EIF5;EIF3K;EIF3I;EIF3J;EIF4A1;EIF3F;EIF3E;EIF3M;EIF2B3
prerank,Regulation Of Response To Cytokine Stimulus (GO:0060759),0.7492306197201715,1.2885949397142706,0.16627634660421545,1.0,1.0,6/12,16.60%,IFIH1;KLF4;DHX9;WNT5A;SH2B3;IRAK1
prerank,Sprouting Angiogenesis (GO:0002040),-0.5963795999373844,-1.2878694313019152,0.08213256484149856,1.0,1.0,8/52,9.91%,YJEFN3;NELL1;CDH13;SEMA3E;ITGB1BP1;BMPER;NAXE;SRF
prerank,Regulation Of Phospholipase C Activity (GO:1900274),-0.7958413803199169,-1.287393604386506,0.15104166666666666,1.0,1.0,5/11,15.49%,BICD1;HRAS;ESR1;RASGRP1;ABL2
prerank,Mitochondrion Transport Along Microtubule (GO:0047497),-0.7447790885674307,-1.2873486890710308,0.14646464646464646,1.0,1.0,6/14,11.54%,NEFL;MAP1S;UBB;SYBU;LRPPRC;UXT
prerank,Regulation Of Neuronal Synaptic Plasticity (GO:0048168),-0.6302134700520469,-1.286769315731592,0.11446740858505565,1.0,1.0,16/34,16.20%,NETO1;CAMK2A;SYP;SLC4A10;GRIN2B;GRIK2;RAB3A;MCTP1;RAB5A;SYNGR1;SHISA6;GRIN2A;NCDN;APP;SLC8A2;SHISA9
prerank,Neuron Development (GO:0048666),-0.5295602344074303,-1.2866408048627467,0.04387096774193548,1.0,1.0,61/142,18.59%,ATCAY;LGI4;STMN2;OPHN1;TENM2;UNC5A;DOCK7;VAPA;SNAPIN;TENM1;L1CAM;GPM6A;SH3GL2;STMN1;RAB11A;MAP1B;TDP2;CDK16;ATP8A2;TENM3;FLRT3;LYN;TMEM108;MYT1L;MAP2;CNTN4;BTG2;RAB35;STMN3;RAB6A;SRF;ARL3;CNTNAP2;DTNBP1;XBP1;ROBO2;LGI1;RAPGEF2;SRRM4;DMD;CDK5;NCDN;PBX3;AGER;APP;BICDL1;B4GALT5;MAP4;RB1;UNK;FRY;UGDH;MAPT;PPP1R9B;EPHA5;STMN4;MANF;TNXB;RASGRF1;GBA2;NTRK2
prerank,Regulation Of Sodium Ion Transmembrane Transporter Activity (GO:2000649),-0.630911132354812,-1.2865538952200375,0.11419753086419752,1.0,1.0,15/36,13.69%,NETO1;SCN2B;FXYD7;HECW1;SCN1B;FXYD5;SCN3B;WNK2;FGF13;FGF14;FGF12;YWHAH;DMD;WNK3;RANGRF
prerank,Organic Anion Transport (GO:0015711),-0.5589401235362481,-1.286043413643323,0.05352112676056338,1.0,1.0,26/83,16.27%,SLC2A3;SLC35B1;SLC25A4;SLC4A10;SLC4A4;SLC2A8;LRRC8A;SLC25A23;SLCO2B1;SLC23A2;SLC2A6;SLC26A5;SLC22A10;CYB5R1;SLC35B3;SLCO1C1;CFTR;SLC25A17;MGST1;SLC35B2;SLC25A24;SLC52A2;MFSD10;ABCC5;SLC17A9;SLC25A25
prerank,'De Novo' Post-Translational Protein Folding (GO:0051084),-0.6587170168173746,-1.2848893234262397,0.11538461538461539,1.0,1.0,12/29,17.92%,CCT2;HSPA5;DNAJB12;SDF2;DNAJC7;HSPA6;SELENOF;DNAJC18;SDF2L1;UGGT1;ERO1A;DNAJB1
prerank,Antifungal Innate Immune Response (GO:0061760),-0.7776683957441977,-1.2848482609227965,0.1819672131147541,1.0,1.0,4/12,22.24%,CLEC7A;CX3CR1;CARD9;PLCG2
prerank,Sodium Ion Export Across Plasma Membrane (GO:0036376),-0.804676440692354,-1.2848247669323638,0.12998266897746968,1.0,1.0,4/11,11.89%,ATP1A1;SLC4A4;ATP1B1;ATP1A2
prerank,Negative Regulation Of Myeloid Leukocyte Differentiation (GO:0002762),-0.6734631644284985,-1.2838372590183194,0.13043478260869565,1.0,1.0,4/25,9.04%,GPR137B;FSTL3;MAFB;LILRB3
prerank,Mature B Cell Differentiation Involved In Immune Response (GO:0002313),0.7392450949564416,1.2828391627655138,0.16129032258064516,1.0,1.0,6/13,19.03%,DOCK10;POU2AF1;MFNG;PHF14;DOCK11;FCGR2B
prerank,G Protein-Coupled Glutamate Receptor Signaling Pathway (GO:0007216),-0.7822923196076981,-1.28281699159939,0.15033783783783783,1.0,1.0,6/12,14.98%,GRM8;HOMER2;GRM1;GRM7;GRM5;HOMER1
prerank,DNA Alkylation (GO:0006305),0.7178153189465756,1.2820525149591395,0.1674641148325359,1.0,1.0,6/15,5.63%,ATRX;HELLS;EHMT2;PPM1D;EHMT1;BAZ2A
prerank,Regulation Of Cation Channel Activity (GO:2001257),-0.5922516587526737,-1.2814100404475024,0.06960227272727272,1.0,1.0,14/53,12.56%,NETO1;ITGB1;PDE4D;HCN1;CACNB2;CALM1;CTSS;FGF13;FGF14;JPH4;FGF12;JPH3;DMD;ANK2
prerank,Dolichol Metabolic Process (GO:0019348),-0.7631414388230024,-1.2810698981928752,0.14846416382252559,1.0,1.0,4/13,3.19%,DPAGT1;DPM2;ALG14;SRD5A3
prerank,Neuron Differentiation (GO:0030182),-0.5245164594617759,-1.2809199322170164,0.02759526938239159,1.0,1.0,30/150,14.32%,ID2;SNPH;ATP2B2;OPHN1;MYEF2;TENM2;PIN1;IER2;TGFBR1;TENM1;RORB;LRP6;TDP2;ATP8A2;TENM3;MAP2K1;MYT1L;BCCIP;RTN3;SRF;XBP1;MTPN;DTNB;DMD;CDK5;FZD3;ERCC2;PBX3;ERCC3;RTN1
prerank,Response To dsRNA (GO:0043331),-0.7826665076886442,-1.2808780361601293,0.17301038062283736,1.0,1.0,3/11,4.39%,SLC3A2;RIOK3;TICAM1
prerank,Negative Regulation Of Epithelial Cell Apoptotic Process (GO:1904036),0.5821480220486339,1.2789354964343613,0.09253731343283582,1.0,1.0,10/33,13.50%,PDPK1;PPARA;NFE2L2;PRKAA1;WFS1;SERPINE1;PAK4;MEN1;GAS6;YAP1
prerank,Negative Regulation Of Mitochondrion Organization (GO:0010823),-0.6412723070965295,-1.2782059774931707,0.12158054711246201,1.0,1.0,9/32,8.33%,SLC25A5;PRELID1;SLC25A4;TMEM14A;PSMD10;HGF;GHITM;MUL1;CLU
prerank,Synaptic Vesicle Endocytosis (GO:0048488),-0.6329531318872482,-1.27770672976246,0.10120845921450151,1.0,1.0,11/36,7.36%,AP2S1;SNCG;OPHN1;STX1A;DNM1;SNCB;SYT1;SH3GL2;SNAP91;SYT2;PIP5K1C
prerank,Negative Regulation Of JUN Kinase Activity (GO:0043508),0.7573427998967307,1.2760579016508151,0.1872146118721461,1.0,1.0,4/11,4.65%,DUSP16;DUSP19;MAPK8IP1;HIPK3
prerank,Protein Autoubiquitination (GO:0051865),0.5209333097080701,1.2760344023794254,0.048109965635738834,1.0,1.0,23/65,12.42%,KLHL24;UBE2D2;RNF146;DEPDC1B;RNF185;TRIM11;PRKN;UHRF1;UBE3D;BARD1;RNF122;RNF112;DTX3L;RNF13;MDM2;TRIM17;SH3RF1;TRIM68;BRCA2;LRSAM1;TRAF2;TRIM13;RNF220
prerank,Regulation Of Neurotransmitter Secretion (GO:0046928),-0.6206093096028675,-1.276006933695366,0.11378205128205128,1.0,1.0,14/36,13.73%,CAMK2A;CPLX2;RIMS1;CPLX1;RIMS2;SYT11;SNAPIN;RIMS3;MCTP1;RAB5A;CASK;DTNBP1;PREPL;STX1B
prerank,Protein Localization To Endoplasmic Reticulum (GO:0070972),-0.7525885185215873,-1.2756802996877523,0.16298811544991512,1.0,1.0,10/14,17.79%,BCAP31;VAPA;BCAP29;HSPA5;PPP1R15A;UBAC2;GBF1;DDRGK1;RYR2;GABARAPL2
prerank,Myotube Cell Development (GO:0014904),-0.7593811534340095,-1.2756189308219423,0.14558058925476602,1.0,1.0,3/13,12.68%,SKI;PPP3CA;PPP3CB
prerank,Regulation Of Microglial Cell Activation (GO:1903978),-0.7730167039215012,-1.2755938840231156,0.14833333333333334,1.0,1.0,6/12,20.58%,SYT11;GRN;UXT;CX3CL1;NR1D1;TREM2
prerank,Skeletal Muscle Fiber Development (GO:0048741),-0.8034749642692233,-1.2755068871484572,0.1741472172351885,1.0,1.0,3/10,12.68%,SKI;PPP3CA;PPP3CB
prerank,"Regulation Of Synaptic Transmission, Glutamatergic (GO:0051966)",-0.5840993236509788,-1.2743672168899125,0.09447674418604651,1.0,1.0,22/54,14.98%,GRM8;GRIK1;OPHN1;CACNG3;GRIN2B;UNC13A;RNF167;PLPPR4;SYT1;HCN1;GRM1;CACNG8;NRXN1;CACNG2;GRIN2A;ATP1A2;GRM7;CDK5;CDH2;GRM5;DGKI;HOMER1
prerank,Positive Regulation Of Immunoglobulin Production (GO:0002639),-0.6286367448682344,-1.2740460248144536,0.1043613707165109,1.0,1.0,9/32,11.44%,HMCES;TRAPPC13;SHLD2;GPI;PAXIP1;POLR2D;KMT5B;SHLD1;XBP1
prerank,Negative Regulation Of Voltage-Gated Calcium Channel Activity (GO:1901386),-0.8028844999696947,-1.2739292442001753,0.17017543859649123,1.0,1.0,4/10,12.68%,GNB5;CALM3;PPP3CA;PPP3CB
prerank,Positive Regulation Of Circadian Rhythm (GO:0042753),-0.7945862754243643,-1.2729233359556078,0.1705150976909414,1.0,1.0,4/10,11.43%,FBXW11;KAT5;RORA;BTRC
prerank,Negative Regulation Of B Cell Activation (GO:0050869),-0.6925336152945689,-1.272804680801541,0.15048543689320387,1.0,1.0,5/20,7.84%,ID2;LAPTM5;CD300A;LYN;TNFRSF21
prerank,Maturation Of SSU-rRNA (GO:0030490),-0.6219241094448327,-1.2724428533444547,0.09651898734177215,1.0,1.0,18/37,11.30%,RIOK3;WDR46;RRP36;RPS16;NAT10;SNU13;DCAF13;NOB1;NGDN;NOP14;NOL10;TSR1;RPS28;RPS8;SPPL2B;MPHOSPH10;RPS14;WDR3
prerank,Regulation Of Nervous System Process (GO:0031644),-0.7072295286606692,-1.2723847200009721,0.135678391959799,1.0,1.0,13/18,17.15%,DLGAP2;DLGAP4;NPTXR;DLGAP1;DLGAP3;TMEM108;TYMP;CHRNA7;APP;SLC8A3;SLC8A2;NPTX1;NPTX2
prerank,Positive Regulation Of Transcription Regulatory Region DNA Binding (GO:2000679),-0.7444621390549663,-1.2713867148059732,0.14756944444444445,1.0,1.0,4/14,15.82%,PARK7;LAMTOR5;RB1;DDRGK1
prerank,Positive Regulation Of Adenylate Cyclase Activity (GO:0045762),0.63621755554555,1.270307385370321,0.15424164524421594,1.0,1.0,3/23,9.14%,ADORA2B;NF1;DRD1
prerank,Respiratory System Development (GO:0060541),0.6119559806220612,1.2694679205186117,0.11616161616161616,1.0,1.0,8/29,12.54%,CCDC40;SMCHD1;ITGA3;CHI3L1;SPEF2;BAG6;PROX1;DISP1
prerank,Positive Regulation Of Phosphoprotein Phosphatase Activity (GO:0032516),-0.7054653111847355,-1.2694536895685071,0.14285714285714285,1.0,1.0,6/18,11.09%,GNA12;CD300A;CALM3;PPP1R15A;CALM1;HSP90AB1
prerank,Positive Regulation Of Transforming Growth Factor Beta Production (GO:0071636),-0.8045272726357117,-1.268740212084695,0.14234234234234233,1.0,1.0,5/10,19.16%,CD200;BMPR1A;TNXB;SERPINF2;LGALS9
prerank,Positive Regulation Of T Cell Receptor Signaling Pathway (GO:0050862),-0.7602195324332517,-1.2686283423234863,0.16695652173913045,1.0,1.0,9/13,18.81%,TESPA1;RAB29;IKBKG;NECTIN2;KCNN4;RPS3;RELA;PRKD2;CD81
prerank,Protein Kinase A Signaling (GO:0010737),0.7360451051731625,1.2681091723297213,0.18840579710144928,1.0,1.0,2/13,1.23%,MYOM1;PRKACA
prerank,Monoatomic Anion Transport (GO:0006820),-0.5874444020030313,-1.2678595217234137,0.11127819548872181,1.0,1.0,14/55,13.80%,SLC4A10;LRRC8A;TTYH1;ANO5;SLC26A4;ANO10;TTYH3;CLCN6;SLC26A5;CLIC2;LRRC8B;SLC17A6;SLC17A7;VDAC2
prerank,Ureteric Bud Morphogenesis (GO:0060675),0.7019695373380851,1.26763482773355,0.16953316953316952,1.0,1.0,3/15,19.98%,NPNT;PKD2;MYC
prerank,Desensitization Of G Protein-Coupled Receptor Signaling Pathway (GO:0002029),0.7859768522713961,1.267252035350712,0.20551378446115287,1.0,1.0,3/10,13.92%,GTF2H2;GRK2;ARRB2
prerank,Phosphate Ion Transmembrane Transport (GO:0035435),-0.7983148939875,-1.2670891968031255,0.1694290976058932,1.0,1.0,5/10,10.61%,SLC37A2;SLC37A1;SLC25A11;SLC37A4;SLC25A3
prerank,protein-RNA Complex Assembly (GO:0022618),-0.5211285149416574,-1.26695668556811,0.05555555555555555,1.0,1.0,47/139,12.93%,MRPL20;SNRPD3;AGO1;HEXIM1;ADAR;KHDC4;DHX29;RPL38;SNRPB;SNRPE;SNRPD2;RPF2;LUC7L2;RPL23A;EIF5;PRMT7;RPS27;WDR77;SNRPD1;TNIP1;MDN1;EIF3K;SRPK1;RPL10;EIF3I;GEMIN5;CELF4;EIF3J;RPL6;DENR;RPLP0;DDX1;GEMIN6;RPS28;EIF3F;RPL5;POLR2D;CELF3;CELF5;HSP90AA1;NUDT21;HSP90AB1;RPS14;XRCC5;EIF3E;TXNL4A;SNRPG
prerank,Tube Closure (GO:0060606),-0.6481239917535179,-1.2668609324349043,0.1328125,1.0,1.0,7/29,8.15%,SKI;IFT122;MTHFR;DEAF1;DYNLL1;MTHFD1L;PRICKLE1
prerank,Positive Regulation Of Acute Inflammatory Response (GO:0002675),-0.7483259078790314,-1.2663335949407386,0.15851602023608768,1.0,1.0,1/14,1.03%,PARK7
prerank,Positive Regulation Of Epidermal Growth Factor-Activated Receptor Activity (GO:0045741),-0.7881655175574032,-1.2659534894593005,0.1972318339100346,1.0,1.0,3/10,15.66%,FBXW7;TGFA;NCF1
prerank,Cellular Response To Nerve Growth Factor Stimulus (GO:1990090),-0.6931498895126262,-1.2657741607680881,0.14150943396226415,1.0,1.0,11/20,18.59%,STMN2;NTRK3;SH3GL2;TMEM108;RAB35;CIB1;RAPGEF2;WASF1;RAPGEF1;MAPT;NTRK2
prerank,Positive Regulation Of Mitochondrial Translation (GO:0070131),-0.7507681435000643,-1.2657066769317047,0.16298811544991512,1.0,1.0,5/13,9.08%,FASTKD2;RMND1;MRPS27;RCC1L;COA3
prerank,Regulation Of Neurotransmitter Transport (GO:0051588),-0.6826347662037291,-1.2655521351914532,0.14355628058727568,1.0,1.0,6/20,8.03%,CPLX2;RIMS1;CPLX1;MCTP1;FLOT1;CASK
prerank,Primary Neural Tube Formation (GO:0014020),-0.6481270706877897,-1.2653801930084514,0.14618973561430793,1.0,1.0,7/28,8.15%,SKI;IFT122;MTHFR;DEAF1;DYNLL1;MTHFD1L;PRICKLE1
prerank,Regulation Of Lymphocyte Proliferation (GO:0050670),-0.7057492921597331,-1.265051262419294,0.1464968152866242,1.0,1.0,3/17,6.80%,ZNF335;TNFRSF1B;MYDGF
prerank,Negative Regulation Of Cytoskeleton Organization (GO:0051494),0.6133783338404789,1.2650305983376444,0.13802083333333334,1.0,1.0,10/26,13.89%,PRKN;SMAD4;SSH2;TWF1;PIK3CA;PRKCD;KANK4;KANK1;SHANK3;FKBP4
prerank,Regulation Of Interferon-Beta Production (GO:0032648),-0.5890496099265975,-1.264445752046083,0.12187958883994127,1.0,1.0,19/47,14.85%,RIOK3;IRF1;SIRPA;TLR7;TOMM70;RELB;FLOT1;POLR3F;PTPRS;TRIM56;DDX3X;POLR3A;POLR3B;HSP90AA1;ISG15;RNF216;IRF7;MORC3;RNF135
prerank,Positive Regulation Of T-helper Cell Differentiation (GO:0045624),0.7564216960451438,1.2639296323672158,0.21513002364066194,1.0,1.0,6/11,16.47%,MALT1;PRKCZ;SOCS5;NFKBID;CD86;IL18
prerank,Negative Regulation Of Alcohol Biosynthetic Process (GO:1902931),-0.7678016123215657,-1.2638689248223791,0.17905405405405406,1.0,1.0,3/12,5.90%,SOD1;PLEK;DKK3
prerank,Positive Regulation Of Response To Stimulus (GO:0048584),0.5114259156155463,1.2633517848040507,0.060240963855421686,1.0,1.0,18/69,10.80%,DEPDC1B;EGFR;WRAP53;ACTR8;IFIH1;TRIM28;SMCHD1;TGFB2;TFPT;TIGAR;ACTL6A;RUVBL2;DHX9;WNT5A;CEBPG;NFRKB;IER5;ERCC6
prerank,Purine Ribonucleotide Transport (GO:0015868),-0.6960782248053825,-1.263349974582599,0.16097560975609757,1.0,1.0,10/18,16.27%,SLC25A4;LRRC8A;SLC25A23;SLC35B3;SLC25A17;SLC35B2;SLC25A24;ABCC5;SLC17A9;SLC25A25
prerank,Lysosomal Membrane Organization (GO:0097212),-0.7999824420228969,-1.2631831039575434,0.1641025641025641,1.0,1.0,3/10,7.18%,CHMP2A;CHMP3;CHMP7
prerank,Ribosomal Small Subunit Assembly (GO:0000028),-0.7188545297947698,-1.2622898431093208,0.16134453781512606,1.0,1.0,11/15,20.71%,RPS27;RPS28;RPS14;XRCC5;RPS5;ERAL1;RPS19;RPSA;RPS15;PRKDC;RPS27L
prerank,Regulation Of Fatty Acid Biosynthetic Process (GO:0042304),0.625115117802726,1.2621828828256314,0.14609571788413098,1.0,1.0,9/22,12.85%,KAT2B;NR1H2;DCAF5;MID1IP1;MLXIPL;LPGAT1;ERLIN1;PDK4;UBR4
prerank,Unsaturated Fatty Acid Metabolic Process (GO:0033559),-0.5940095248366122,-1.2619915135727366,0.1158357771260997,1.0,1.0,12/46,19.57%,GPX4;DAGLB;EPHX1;FAAH;ABHD12;PLA2G4C;ELOVL5;PTGR1;ACAA1;PNPLA8;FADS3;CYP1B1
prerank,Negative Regulation Of Tumor Necrosis Factor-Mediated Signaling Pathway (GO:0010804),0.6495130377674203,1.2614695326233347,0.16452442159383032,1.0,1.0,8/19,19.12%,RFFL;CARD8;PPP2CB;PELI3;GAS6;XIAP;GSTP1;NAIP
prerank,Negative Regulation Of Stress-Activated MAPK Cascade (GO:0032873),0.5615716921458138,1.2600211549445879,0.1111111111111111,1.0,1.0,12/36,10.86%,DUSP19;PRKN;PER1;NCOR1;DACT1;FOXO1;PRMT1;DUSP3;ZMYND11;DLG1;CYLD;MEN1
prerank,Embryonic Heart Tube Development (GO:0035050),-0.7591643126721394,-1.2599132474142047,0.19536423841059603,1.0,1.0,5/12,18.40%,IFT122;CITED2;NDRG4;RYR2;MESP1
prerank,Positive Regulation Of Cellular Extravasation (GO:0002693),-0.7654503934065512,-1.2596013187629156,0.18316831683168316,1.0,1.0,5/12,14.73%,THY1;LYVE1;AGER;RIPOR2;ICAM1
prerank,Polyamine Metabolic Process (GO:0006595),0.7485948936049784,1.2594569322718743,0.2119700748129676,1.0,1.0,2/11,0.69%,DHPS;SLC38A2
prerank,Cellular Response To Acidic pH (GO:0071468),0.7415049793531053,1.2590688348772616,0.19559902200489,1.0,1.0,4/12,13.38%,RAB11B;CHP1;SCNN1D;PKD1L3
prerank,tRNA Aminoacylation For Protein Translation (GO:0006418),-0.714486800391156,-1.2578979399301846,0.18134715025906736,1.0,1.0,7/16,12.35%,RARS2;FARS2;HARS2;NARS2;FARSB;FARSA;EARS2
prerank,Ganglioside Metabolic Process (GO:0001573),-0.7096051764189729,-1.2575350087245545,0.15763546798029557,1.0,1.0,6/17,16.89%,B4GALNT1;ST6GALNAC5;ST8SIA3;GM2A;HEXB;ST3GAL5
prerank,Negative Regulation Of Lipid Storage (GO:0010888),0.6787386064536599,1.2574975801480661,0.17010309278350516,1.0,1.0,4/16,5.49%,PPARA;NFKBIA;ABCG1;NR1H2
prerank,Response To Interferon-Beta (GO:0035456),-0.663297057347879,-1.2571887148601713,0.1407528641571195,1.0,1.0,9/23,15.89%,CAMK2A;IRF1;CALM1;PNPT1;IFITM2;IFITM3;BST2;UBE2G2;XAF1
prerank,Regulation Of Transforming Growth Factor Beta Receptor Signaling Pathway (GO:0017015),0.4769852707148831,1.2566049531008796,0.032846715328467155,1.0,1.0,36/108,13.99%,SMAD7;CREBBP;PDPK1;PBLD;PPARA;BRMS1;PMEPA1;ZNF451;ADAMTSL2;ITGA3;SMAD4;ARID4A;DAB2;SAP30;PRDM16;ARID4B;STK11;ING1;LDLRAD4;BAMBI;ZEB2;GIPC1;BRMS1L;HDAC1;ING2;ZBTB7A;MEN1;SINHCAF;EID2;SUDS3;FAM89B;PEG10;SAP30L;RBBP7;SDCBP;OGT
prerank,Regulation Of Muscle Contraction (GO:0006937),-0.6355580812538288,-1.2563842442497593,0.14551083591331268,1.0,1.0,7/29,13.16%,ENO1;KCNA1;SRI;KCNB2;TPM1;ATP1A2;PLCE1
prerank,Sensory Perception Of Sound (GO:0007605),-0.5412932209660163,-1.2561390057214503,0.09607577807848444,1.0,1.0,15/87,12.27%,TIMM13;NDUFB9;ATP2B2;SOD1;TIMM10;TIMM9;CRYM;HOMER2;SLC26A4;COL11A1;SLC26A5;GSDME;LHFPL3;GRM7;ZNF354A
prerank,Positive Regulation Of Lymphocyte Activation (GO:0051251),-0.6041679636827648,-1.2560025864501123,0.12537764350453173,1.0,1.0,16/41,20.01%,ZNF335;SIRPA;XRCC6;THY1;TICAM1;PRKCQ;HLA-DRB5;HLA-DRB1;TNIP2;HLA-DRA;HSPD1;TYROBP;CLEC7A;HLA-DQA1;PRKDC;HLA-DPA1
prerank,Negative Regulation Of Neuron Death (GO:1901215),-0.5454354346197928,-1.2557502175754847,0.08888888888888889,1.0,1.0,20/83,13.48%,CRLF1;SET;SOD1;PRKCI;PARK7;CHGA;GRN;SEMA3E;TNFRSF1B;PPARGC1A;IKBKG;CD200;CLU;ATF4;LGMN;CNTFR;PRKCG;MSH2;CDK5;GPNMB
prerank,Digestive System Development (GO:0055123),0.772391210512056,1.2546049624081062,0.20657276995305165,1.0,1.0,5/10,19.69%,NIPBL;COBL;CLMP;FGFR2;SRP54
prerank,Response To Epidermal Growth Factor (GO:0070849),0.588188387891136,1.254440971382301,0.1239193083573487,1.0,1.0,12/29,16.18%,EGFR;PDPK1;IQGAP1;DUSP22;DUSP3;ZFP36L2;PTPN12;SYAP1;MAPK1;MAPK3;MED1;TPR
prerank,Potassium Ion Transmembrane Transport (GO:0071805),-0.518961961277218,-1.2534278551644396,0.062087186261558784,1.0,1.0,26/130,12.85%,KCNH1;KCNJ6;SLC12A5;ATP1A1;KCNN1;KCNB1;KCND2;KCNA1;KCNN2;ATP1B1;KCNQ2;KCNK10;KCNJ9;KCNB2;KCNJ5;HCN1;GHITM;KCNC2;KCNT2;KCNQ5;KCNK4;KCNN4;KCNV1;ATP1A2;KCNC1;KCNQ3
prerank,Positive Regulation Of Release Of Cytochrome C From Mitochondria (GO:0090200),-0.6640968943081031,-1.2530388260076846,0.14465408805031446,1.0,1.0,7/25,12.64%,MLLT11;MOAP1;BCL2L11;FAM162A;BID;DNM1L;MFF
prerank,Regulation Of Peptide Hormone Secretion (GO:0090276),-0.5981753525166421,-1.2520504993500154,0.10752688172043011,1.0,1.0,6/40,12.68%,EIPR1;STX1A;SNAP25;ENSA;TFR2;PPP3CB
prerank,Establishment Of Protein Localization To Mitochondrion (GO:0072655),-0.5994722286462421,-1.2520386385019908,0.1282442748091603,1.0,1.0,19/43,16.44%,TIMM13;BCAP31;TIMM10;TIMM9;TOMM70;RALA;TOMM7;FIS1;TIMM17A;TIMM21;GRPEL1;TOMM22;MFF;TOMM20;GDAP1;FBXO7;TIMM50;HSPD1;TIMM8B
prerank,Sodium Ion Transport (GO:0006814),-0.5460944558171796,-1.2519889100424344,0.0893854748603352,1.0,1.0,17/85,11.89%,SLC6A7;SLC38A7;SCN2A;SCN2B;SCN1B;SLC4A4;ATP1B1;SLC23A2;SLC6A17;SLC6A1;HCN1;SCN3B;ASIC2;FGF13;SCN1A;SCN8A;ATP1A2
prerank,Protein Localization To Cell Periphery (GO:1990778),-0.5138017731726301,-1.2518433291845181,0.051181102362204724,1.0,1.0,40/138,12.56%,LRPAP1;LIN7A;TMED2;RAB29;DPP10;KCNB1;FLOT2;RAB3A;KCNIP3;ATP1B1;DENND4C;EFR3A;PSMD10;TNFRSF1A;IKBKB;DPP6;TSPAN33;PDZD11;EHD3;LRP6;RAB11A;KCNIP4;KCNB2;FLOT1;CACNB2;ITGB1BP1;PIP5K1A;EHD4;SCN3B;TESC;TTC7B;FGF13;TNIK;RAB3D;RAB40B;ARL3;RAPGEF2;STXBP1;EZR;ANK2
prerank,Regulation Of Blood Vessel Endothelial Cell Proliferation Involved In Sprouting Angiogenesis (GO:1903587),-0.7356651618234467,-1.2517504096229242,0.17028380634390652,1.0,1.0,2/14,21.63%,HMOX1;PDCD10
prerank,Regulation Of Feeding Behavior (GO:0060259),0.7391929000499116,1.2514153487211352,0.18298969072164947,1.0,1.0,4/12,13.66%,SLC24A4;UCN;STAT3;CFAP20
prerank,Respiratory Electron Transport Chain (GO:0022904),-0.7578607616311871,-1.251402119985457,0.18664383561643835,1.0,1.0,9/12,20.17%,ETFDH;PPARGC1A;NDUFA5;ETFRF1;UQCRFS1;SLC25A12;ETFB;SDHB;SDHA
prerank,Protein K48-linked Ubiquitination (GO:0070936),0.5036956294842262,1.2504103059686849,0.0738255033557047,1.0,1.0,14/67,8.21%,RNF152;UBE2D2;RNF146;PRKN;RFFL;UBE2H;NEDD4L;KBTBD7;UBR5;MYCBP2;UBE2G1;FBXO9;TOPORS;DTX3L
prerank,Chaperone Cofactor-Dependent Protein Refolding (GO:0051085),-0.6548662009866038,-1.2503721251313522,0.14634146341463414,1.0,1.0,11/24,21.51%,HSPA5;DNAJB12;SDF2;DNAJC7;HSPA6;DNAJC18;SDF2L1;ERO1A;DNAJB1;DNAJB14;HSPA8
prerank,Positive Regulation Of Tyrosine Phosphorylation Of STAT Protein (GO:0042531),-0.6005307442598996,-1.250118298074466,0.10650887573964497,1.0,1.0,5/42,7.19%,CRLF1;IL6R;CD40;TNFRSF1A;LYN
prerank,Fat Cell Differentiation (GO:0045444),0.517852154336893,1.2500864058666865,0.06927710843373494,1.0,1.0,18/59,13.38%,SLC39A13;CTBP1;FAM120B;BBS4;FOXO1;KLF4;SOX8;BBS9;PRDM16;CTBP2;WNT5B;AKT2;TMEM120A;BBS2;ZBTB7A;PSMB8;OSBPL11;ZNF516
prerank,Positive Regulation Of Signal Transduction By P53 Class Mediator (GO:1901798),-0.6878154168010059,-1.2497725627132366,0.17017543859649123,1.0,1.0,11/19,19.29%,HEXIM1;UBB;RPS20;RPL37;SPRED1;ATR;RPS7;EIF5A;SPRED2;PLA2R1;RPS15
prerank,Positive Regulation Of Glial Cell Differentiation (GO:0045687),-0.7143058736039243,-1.2496556727400494,0.1532258064516129,1.0,1.0,4/17,11.55%,ID2;TNFRSF1B;IL34;SERPINE2
prerank,Positive Regulation Of Leukocyte Cell-Cell Adhesion (GO:1903039),-0.6024164977447388,-1.2495229377337893,0.14714714714714713,1.0,1.0,14/40,20.01%,SIRPA;THY1;CD44;PRKCQ;ETS1;HLA-DRB5;HLA-DRB1;NFAT5;HLA-DRA;HSPD1;RELA;ITGB2;HLA-DQA1;HLA-DPA1
prerank,Sensory Perception Of Mechanical Stimulus (GO:0050954),-0.543509523918707,-1.2494739865651137,0.09028727770177838,1.0,1.0,20/84,16.44%,TIMM13;NDUFB9;ATP2B2;SOD1;TIMM10;TIMM9;CRYM;HOMER2;SLC26A4;COL11A1;SLC26A5;GSDME;LHFPL3;GRM7;ZNF354A;WDR1;RIPOR2;COL4A3;P2RX4;TIMM8B
prerank,"mRNA Cis Splicing, Via Spliceosome (GO:0045292)",0.6611554076994736,1.248921658384415,0.17223650385604114,1.0,1.0,10/17,11.51%,DCPS;SFSWAP;DDX23;PSIP1;CLNS1A;SRSF12;PRPF39;SRSF1;NCBP2;HNRNPC
prerank,Negative Regulation Of Intracellular Steroid Hormone Receptor Signaling Pathway (GO:0033144),0.5854481673597277,1.2489011267853707,0.14655172413793102,1.0,1.0,8/28,10.57%,PER1;CNOT2;NCOR1;DAB2;CRY1;FOXP1;HDAC1;ZBTB7A
prerank,Regulation Of Macrophage Derived Foam Cell Differentiation (GO:0010743),0.6214247347105882,1.2488214390992174,0.1571072319201995,1.0,1.0,10/24,19.20%,PPARA;PRKCH;NFKBIA;ABCG1;NR1H2;ALOX15B;IL18;ITGAV;NFKB1;NR1H3
prerank,Hematopoietic Stem Cell Proliferation (GO:0071425),-0.7816794102783365,-1.248260471710301,0.2060931899641577,1.0,1.0,3/10,4.02%,YJEFN3;YTHDF2;ETV6
prerank,Regulation Of Release Of Sequestered Calcium Ion Into Cytosol (GO:0051279),-0.5829847854725335,-1.2480480091764854,0.11329305135951662,1.0,1.0,14/49,12.56%,THY1;TRPC1;SRI;UBASH3B;CALM3;PDE4D;CALM1;PLCG1;CLIC2;DIAPH1;JPH4;JPH3;DMD;ANK2
prerank,Negative Regulation Of Peptidase Activity (GO:0010466),-0.584303206347466,-1.2476596403650513,0.10650887573964497,1.0,1.0,8/48,11.55%,GAPDH;PARK7;TIMP3;SERPINB9;NRG1;SERPINI1;UBXN1;SERPINE2
prerank,mRNA Transcription (GO:0009299),0.5499354833623753,1.2475969914775757,0.12307692307692308,1.0,1.0,19/42,13.19%,NCOA1;TAF8;TAF4;TAF5;TAF13;HIPK3;NR1H2;TAF12;ZBTB1;NCOA2;TAF1;TAF7;TAF6;NCBP3;NCBP2;TAF11;TFCP2;TAF3;TAF10
prerank,Cell-Cell Adhesion Mediated By Cadherin (GO:0044331),-0.6409777800391161,-1.2473546657286445,0.1625207296849088,1.0,1.0,8/25,6.96%,CDH22;CDH7;CDH18;CDH12;CDH13;CDH10;CDH9;PLEKHA7
prerank,Positive Regulation Of Lipid Transport (GO:0032370),-0.7619598825823017,-1.24734140375744,0.21291448516579406,1.0,1.0,1/11,1.48%,PRELID1
prerank,DNA-templated DNA Replication (GO:0006261),0.5035740455263902,1.2472131739038987,0.08737864077669903,1.0,1.0,26/67,13.94%,RFC2;POLD3;POLD2;RFC1;POLA1;POLG;POLE;RECQL;MCM3;PRIM2;REV3L;POLDIP2;PRIM1;BLM;RECQL4;RRM2B;GINS1;MCM5;DNA2;MCM6;RRM1;POLG2;WDR18;MCM7;RFC3;PRIMPOL
prerank,Regulation Of Lysosomal Lumen pH (GO:0035751),-0.6669200469693468,-1.2463908013804132,0.15321252059308071,1.0,1.0,10/22,11.98%,ATP6V1F;ATP6AP2;ATP6V0B;TMEM9;ATP6V1A;GRN;SLC45A2;ATP6V1D;OCA2;ATP6V0A1
prerank,Immunoglobulin Production Involved In Immunoglobulin-Mediated Immune Response (GO:0002381),-0.7117879455554172,-1.2457923922959793,0.16831683168316833,1.0,1.0,9/17,21.79%,TRAPPC13;SHLD2;HLA-DRB5;SHLD1;HLA-DRB1;HLA-DRA;HLA-DQA1;HLA-DPA1;MAD2L2
prerank,Cellular Response To Low-Density Lipoprotein Particle Stimulus (GO:0071404),-0.6824244775630911,-1.244300369887521,0.17495987158908508,1.0,1.0,12/20,21.10%,ITGB1;CDH13;TICAM1;SREBF2;FCER1G;LCP1;CD81;ITGB2;MIA3;PPARG;TREM2;CD68
prerank,Regulation Of Chondrocyte Differentiation (GO:0032330),0.6140459013396429,1.2439933013681306,0.16266666666666665,1.0,1.0,3/23,5.00%,ZBTB16;CHADL;PKDCC
prerank,Protein Insertion Into Mitochondrial Inner Membrane (GO:0045039),-0.7779757651742618,-1.2437049195086618,0.19550173010380623,1.0,1.0,5/11,4.14%,TIMM13;TIMM10;TIMM29;TIMM9;TOMM70
prerank,Protein Localization To Phagophore Assembly Site (GO:0034497),0.7332049654639877,1.2436061439024844,0.23227383863080683,1.0,1.0,8/13,17.74%,ATG13;LRBA;WIPI2;STX17;WDR45;PACS2;WIPI1;MFN2
prerank,Peptidyl-Lysine Methylation (GO:0018022),0.6172976095578975,1.2416802347363782,0.15104166666666666,1.0,1.0,5/25,11.49%,EHMT2;EHMT1;VCPKMT;METTL21A;SETD7
prerank,"Regulation Of Retrograde Protein Transport, ER To Cytosol (GO:1904152)",-0.7539594046580764,-1.2412546187925164,0.20525451559934318,1.0,1.0,9/12,19.06%,YOD1;ERLEC1;EDEM2;UBE2J1;UBAC2;UBE2G2;SVIP;DERL2;BRSK2
prerank,Activation Of Adenylate Cyclase Activity (GO:0007190),0.6702622056427203,1.2411751286281318,0.19164619164619165,1.0,1.0,2/17,9.14%,ADORA2B;DRD1
prerank,Xenobiotic Catabolic Process (GO:0042178),0.6882712459817183,1.2410747396476138,0.18793503480278423,1.0,1.0,5/15,14.56%,GSTM4;NOS1;GSTM3;NUDT15;CRYZ
prerank,Positive Regulation Of Cartilage Development (GO:0061036),0.6767666843781538,1.2405253363854258,0.18980169971671387,1.0,1.0,5/16,10.28%,ZBTB16;PKDCC;TAPT1;BMP1;SCX
prerank,Negative Regulation Of G Protein-Coupled Receptor Signaling Pathway (GO:0045744),-0.6725655366339711,-1.239879546607532,0.17207792207792208,1.0,1.0,4/20,4.94%,PLEK;LRPAP1;BICD1;STMN1
prerank,Vasodilation (GO:0042311),-0.7604404628709912,-1.2392950702353094,0.2164048865619546,1.0,1.0,1/12,0.74%,SOD1
prerank,Striated Muscle Cell Development (GO:0055002),0.719901131983673,1.238744390596276,0.22401847575057737,1.0,1.0,5/13,14.39%,PGM5;FLII;MYL9;TMOD1;TMOD2
prerank,Neuron Projection Development (GO:0031175),-0.4987255469815298,-1.2373734228457436,0.04677623261694058,1.0,1.0,49/178,12.56%,ATCAY;ZNF335;STMN2;OPHN1;MAP1S;UBB;NBL1;CNTNAP1;NEUROD2;UNC5A;SVBP;DOCK7;ALS2;EPHA4;VAPA;DCLK1;PAK3;SNAPIN;L1CAM;GPM6A;SH3GL2;STMN1;RAB11A;NMNAT2;MAP1B;CDK16;MYO16;PAK1;FLRT3;LYN;EPHB1;TMEM108;MAP2;CNTN4;BTG2;NCKAP1;RAB35;TNIK;STMN3;RAB6A;WASL;CNTNAP2;DTNBP1;LGI1;RAPGEF2;ARHGAP35;GRM7;CDK5;NCDN
prerank,Cardiac Ventricle Development (GO:0003231),0.6526971027240732,1.2371467906701454,0.18384401114206128,1.0,1.0,5/19,20.16%,MDM4;PDE2A;MATR3;NOTCH1;TMEM65
prerank,Regulation Of Insulin Secretion (GO:0050796),-0.5406544541374263,-1.2365803027622078,0.10142857142857142,1.0,1.0,26/75,19.18%,EIPR1;STX1A;MIDN;KCNB1;MYRIP;LRRC8A;EFNA5;SNAP25;SIRT6;CHGA;CDK16;NNAT;POLR2D;ENSA;TM7SF3;PPP3CB;ADCY8;BAD;SFRP1;STXBP4;EPHA5;NR1D1;PER2;SIRT4;BRSK2;HADHA
prerank,Regulation Of Hydrolase Activity (GO:0051336),-0.5452599418356041,-1.2361543432041981,0.08806818181818182,1.0,1.0,18/70,9.85%,GPR137B;CAMK2A;SOD1;PLXNA4;VAV3;ALS2;EFNA5;EPHA4;NGEF;ADAP2;ARHGAP44;PLXNA2;ITGB1BP1;RAP1GAP;RAB3GAP2;CHN1;ATP5IF1;STMN3
prerank,Spliceosomal snRNP Assembly (GO:0000387),-0.6054627789405789,-1.236137740676916,0.1416058394160584,1.0,1.0,10/36,9.40%,SNRPD3;CD2BP2;SNRPB;SNRPE;SNRPD2;PRMT7;WDR77;SNRPD1;GEMIN5;GEMIN6
prerank,Dopamine Metabolic Process (GO:0042417),0.6675697082959132,1.2360039761716775,0.17892156862745098,1.0,1.0,7/17,16.54%,PRKN;TGFB2;SNCAIP;SNCA;DRD1;MAOB;MAOA
prerank,Positive Regulation Of Lipid Biosynthetic Process (GO:0046889),0.5645741694721215,1.2359499593629553,0.13368983957219252,1.0,1.0,13/34,12.59%,SCARB1;PPARA;KAT2B;ZBTB20;NR1H2;HSD17B13;CHP1;MID1IP1;MLXIPL;SLC27A1;FABP3;LPGAT1;CREBL2
prerank,Positive Regulation Of Cyclase Activity (GO:0031281),0.7167619084405776,1.235868659109202,0.21921182266009853,1.0,1.0,4/13,14.65%,MAPK14;NF1;NOS1;MAPK3
prerank,Membrane Depolarization During Cardiac Muscle Cell Action Potential (GO:0086012),-0.710275870478688,-1.2355196958673063,0.1720257234726688,1.0,1.0,5/16,11.89%,SCN2B;SCN1B;CACNB2;SCN3B;ATP1A2
prerank,Cellular Response To Epidermal Growth Factor Stimulus (GO:0071364),0.59768046529894,1.233157804721889,0.16231884057971013,1.0,1.0,8/26,10.71%,EGFR;PDPK1;IQGAP1;DUSP22;DUSP3;ZFP36L2;PTPN12;SYAP1
prerank,Visual Perception (GO:0007601),-0.5273756756970595,-1.232909420837446,0.08551724137931034,1.0,1.0,17/92,15.16%,KIFC3;GRM8;SLC4A10;PITPNA;EYS;COL11A1;OPA3;EYA3;CEP250;CACNA2D4;RGS16;RPGR;OAT;POU6F2;CRYGS;CRYBG3;ADGRV1
prerank,Lipopolysaccharide-Mediated Signaling Pathway (GO:0031663),-0.6851869274983987,-1.2318784586123719,0.1848184818481848,1.0,1.0,4/18,15.82%,TICAM1;LYN;MTDH;HCK
prerank,Protein Localization To Membrane (GO:0072657),-0.49331983280064307,-1.231181277796317,0.06273525721455459,1.0,1.0,54/186,13.31%,THY1;LRPAP1;LIN7A;TMED2;RAB29;DPP10;KCNB1;FLOT2;RAB3A;KCNIP3;ATP1B1;DENND4C;BRAF;CYP46A1;EFR3A;SYNE3;NUP155;PSMD10;ARL5B;TNFRSF1A;IKBKB;DPP6;TSPAN33;PDZD11;EHD3;LRP6;RAB11A;KCNIP4;KCNB2;FLOT1;CACNB2;ITGB1BP1;PIP5K1A;EHD4;SCN3B;TMEM147;TESC;AGRN;TTC7B;FGF13;AP3D1;BID;TNIK;NRXN1;RAB6A;RAB3D;RAB40B;ARL3;RAPGEF2;STXBP1;EZR;ANK2;CPE;WNK3
prerank,Formation Of Cytoplasmic Translation Initiation Complex (GO:0001732),-0.7185975491530499,-1.2305387278533388,0.20634920634920634,1.0,1.0,7/14,13.63%,EIF5;EIF3K;EIF3I;EIF3J;EIF3F;EIF3E;EIF3M
prerank,Regulation Of Microtubule Nucleation (GO:0010968),-0.7837305125650169,-1.2303982025055606,0.23684210526315788,1.0,1.0,6/10,17.33%,MECP2;CKAP5;PDE4DIP;PAK1;RANGRF;GIT1
prerank,Regulation Of Cardiac Conduction (GO:1903779),-0.657951065684103,-1.2299770656657771,0.17862838915470494,1.0,1.0,11/20,16.32%,ATP2B2;ATP2B3;TRPC1;ATP2A2;ATP2B4;ATP2B1;CORIN;ANK2;SLC8A3;SLC8A2;RYR2
prerank,Nitric Oxide Mediated Signal Transduction (GO:0007263),-0.7172463725808674,-1.229708164642643,0.18877551020408162,1.0,1.0,5/14,14.35%,FPR1;KCNC2;GUCY1B1;DDAH1;RILPL1
prerank,Calcium-Mediated Signaling (GO:0019722),-0.5346135523589698,-1.2295035341555365,0.11668928086838534,1.0,1.0,31/80,17.78%,BCAP31;EIF2AK3;ATP1B1;NUDT4;MCTP1;ATP2A2;FCGR3A;FIS1;PLCG1;NCALD;CLU;RCAN2;CAMKK2;PPP3CA;CHRM3;ORC3;RCAN1;CNKSR2;ANK2;PPP3CB;PLCE1;GRM5;P2RX4;PRNP;LAT2;DMTN;RYR2;TPCN2;SLC9A1;PPP1R9B;CACNA1C
prerank,Positive Regulation Of Chemotaxis (GO:0050921),-0.5915689263964683,-1.2294567859280523,0.14688427299703263,1.0,1.0,12/41,17.80%,NELL1;IL6R;NTRK3;CDH13;PPM1F;LGMN;TMSB4X;CNTN1;AIF1;P2RX4;PRKD2;HSPB1
prerank,Positive Regulation Of Erythrocyte Differentiation (GO:0045648),0.6004045108278698,1.2294409550438283,0.1620879120879121,1.0,1.0,12/26,15.44%,MAPK14;PRMT1;FAM210B;STAT1;STAT3;ARNT;ANKRD54;HMGB2;ACVR1B;FOXO3;NCKAP1L;MED1
prerank,Embryonic Skeletal System Development (GO:0048706),-0.6471403436947316,-1.229258896710581,0.17041800643086816,1.0,1.0,5/23,13.75%,PCSK5;KIAA1217;DEAF1;POLR2D;XYLT1
prerank,Positive Regulation Of Proteolysis (GO:0045862),-0.5619494069498997,-1.2289158384886132,0.12735166425470332,1.0,1.0,17/54,17.89%,AURKAIP1;CTSL;RHBDD1;FBXW11;TNFRSF1B;CYFIP2;TNIP1;CTSC;CTSS;ATP5IF1;STUB1;BTRC;CTSH;BAD;HDAC2;ADAM9;NRDC
prerank,Positive Regulation Of Cellular Response To Transforming Growth Factor Beta Stimulus (GO:1903846),0.6278373545132991,1.228751036548432,0.17032967032967034,1.0,1.0,9/22,13.93%,CREBBP;SMAD4;DAB2;STK11;ZEB2;GIPC1;ING2;MEN1;SDCBP
prerank,Positive Regulation Of Transforming Growth Factor Beta Receptor Signaling Pathway (GO:0030511),0.6278373545132991,1.228751036548432,0.17032967032967034,1.0,1.0,9/22,13.93%,CREBBP;SMAD4;DAB2;STK11;ZEB2;GIPC1;ING2;MEN1;SDCBP
prerank,Positive Regulation Of Protein Ubiquitination (GO:0031398),-0.5386444001725706,-1.2282803698523928,0.1074964639321075,1.0,1.0,22/76,9.97%,NDFIP1;DCUN1D2;COMMD1;UBB;UBE3A;LAPTM5;BIRC2;FBXW7;PIN1;BMI1;CENPX;PSMD10;FAM107A;ARRDC3;UBE2L3;TBC1D7;PRICKLE1;RCHY1;RBX1;UBE2N;PAXIP1;STUB1
prerank,Mammary Gland Epithelium Development (GO:0061180),-0.7113904327110129,-1.228080929370288,0.19932432432432431,1.0,1.0,2/14,5.43%,ID2;ZNF703
prerank,Sphingomyelin Metabolic Process (GO:0006684),-0.7573719247717623,-1.227615705970467,0.20344827586206896,1.0,1.0,4/11,7.95%,VAPA;SAMD8;SMPD4;OSBP
prerank,TORC1 Signaling (GO:0038202),-0.78892969371143,-1.2274798426382194,0.22920203735144312,1.0,1.0,10/10,21.14%,LAMTOR4;LAMTOR5;LAMTOR3;LAMTOR1;MLST8;LAMTOR2;LARP1;MTOR;RPTOR;NPRL3
prerank,Regulation Of Lipid Metabolic Process (GO:0019216),-0.5768567224924196,-1.2274125078267972,0.12518195050946143,1.0,1.0,10/49,6.99%,ID2;EDF1;PSAP;PANK2;SIRT6;PLPP1;RUBCNL;PPARD;RORA;OPA3
prerank,Positive Regulation Of Synaptic Transmission (GO:0050806),-0.5459163751981984,-1.2267684830850412,0.13437057991513437,1.0,1.0,28/73,16.38%,RIMS1;CACNG3;GRIN2B;GRIK2;RIMS2;SYT1;SHANK2;RIMS3;CLSTN1;CLSTN3;FLOT1;CACNG8;LGMN;NRXN1;CACNG2;CHRNA7;DTNBP1;GRIN2A;LGI1;AGER;STX1B;ADCY8;APP;SLC8A3;CLSTN2;SLC8A2;TSHZ3;NPTN
prerank,Negative Regulation Of Cell Cycle Process (GO:0010948),-0.6189684956893255,-1.2262076903845351,0.17582417582417584,1.0,1.0,4/32,5.36%,AURKAIP1;SMARCA5;CHMP2A;TOM1L1
prerank,Negative Regulation Of Neuron Apoptotic Process (GO:0043524),-0.5420138006249083,-1.2261083591695592,0.12934631432545202,1.0,1.0,13/70,11.90%,CRLF1;SET;SOD1;PRKCI;PARK7;GRN;SEMA3E;PPARGC1A;CLU;LGMN;CNTFR;PRKCG;MSH2
prerank,Regulation Of Monoatomic Cation Transmembrane Transport (GO:1904062),-0.5947916384946427,-1.2258078127382717,0.16790490341753342,1.0,1.0,14/38,14.98%,KCNAB2;DPP10;GRIN2B;KCNN2;KCNIP3;DPP6;KCNIP4;HCN1;FGF12;SNTA1;GRIN2A;WNK3;RANGRF;HOMER1
prerank,Triglyceride Catabolic Process (GO:0019433),-0.780187012953774,-1.2257710724391526,0.2282793867120954,1.0,1.0,4/10,20.88%,GPIHBP1;LCP1;PNPLA2;LIPC
prerank,Cell Morphogenesis Involved In Differentiation (GO:0000904),-0.6545405321194353,-1.2256491173749824,0.1805111821086262,1.0,1.0,12/24,20.04%,YTHDF2;OPHN1;METTL3;ACTN1;ATF4;RILPL2;RILPL1;RB1;UNK;SIPA1;MEF2C;RELN
prerank,Cell-Cell Junction Organization (GO:0045216),-0.5482335779902714,-1.2253925207244194,0.1187683284457478,1.0,1.0,10/66,8.09%,CDH22;PRKCI;CDH7;CDH18;CXADR;CDH12;CDH13;CDH10;CDH9;SMAD3
prerank,Immunoglobulin Mediated Immune Response (GO:0016064),-0.6319347746282179,-1.2252691041326518,0.1824,1.0,1.0,11/28,22.03%,IL21R;FCER1G;HLA-DRB5;HLA-DRB1;HLA-DRA;CD74;CD81;HLA-DQA1;HLA-DPA1;ZP3;CARD9
prerank,Negative Regulation Of Interleukin-2 Production (GO:0032703),-0.666996935799261,-1.2250749629586597,0.17580645161290323,1.0,1.0,9/21,15.81%,LAPTM5;HOMER2;TRIM27;KAT5;ZFP36;CR1;EZR;VSIG4;PRNP
prerank,Protein Insertion Into ER Membrane (GO:0045048),-0.6359914224306968,-1.2249379000787406,0.1827956989247312,1.0,1.0,14/27,18.90%,EMC7;EMC6;EMC8;RAB5IF;SGTA;TMEM147;NOMO2;TRAM1;TMCO1;NCLN;EMC4;CAMLG;MMGT1;EMC3
prerank,Amide Biosynthetic Process (GO:0043604),-0.5793997703616269,-1.2246320112181688,0.13636363636363635,1.0,1.0,10/45,12.42%,PCSK5;PAM;VAPA;CERS6;SAMD8;SMPD4;OSBP;SPTLC1;GLS;DMD
prerank,Superoxide Anion Generation (GO:0042554),-0.7080122275623949,-1.2238106009556127,0.20376712328767124,1.0,1.0,4/14,16.61%,NOXA1;CYBA;NCF1;SH3PXD2B
prerank,Dorsal/Ventral Pattern Formation (GO:0009953),-0.6367761616464752,-1.2232177524111527,0.1718494271685761,1.0,1.0,7/24,17.49%,NBL1;FBXL15;TLL1;BMPR1A;BMPR1B;ANKS1B;SFRP1
prerank,Metanephros Development (GO:0001656),0.6114526447466271,1.2230396689190741,0.17096018735362997,1.0,1.0,4/23,14.20%,NIPBL;NF1;OXSR1;PTCH1
prerank,Lymphocyte Activation Involved In Immune Response (GO:0002285),-0.7670122149889617,-1.222945525518206,0.22537562604340566,1.0,1.0,3/10,18.52%,LCP1;CD74;EIF2AK4
prerank,Positive Regulation Of DNA Binding (GO:0043388),-0.6399987537071372,-1.2228091952911546,0.16260162601626016,1.0,1.0,4/25,2.35%,SKI;PARK7;TXN;EDF1
prerank,Cardiac Ventricle Morphogenesis (GO:0003208),0.5433584942694308,1.2226465908650976,0.13522012578616352,1.0,1.0,8/39,11.59%,SMAD7;MYBPC3;TGFB2;PKP2;JAG1;PROX1;TGFBR3;TGFBR2
prerank,Neutral Amino Acid Transport (GO:0015804),-0.6034185710187195,-1.2223228713714134,0.17519379844961241,1.0,1.0,7/34,6.81%,SLC6A7;SLC3A2;SLC38A7;SLC7A6;SLC7A5;SLC6A17;LLGL2
prerank,DNA Damage Checkpoint Signaling (GO:0000077),-0.6165435528516687,-1.2220342954509287,0.1619496855345912,1.0,1.0,9/31,10.85%,TIPRL;ZNF830;NBN;INTS7;UFL1;MRPL36;MAP3K20;ATR;ERCC4
prerank,Phosphatidylinositol Metabolic Process (GO:0046488),-0.5512679246472248,-1.2219564558967269,0.12354651162790697,1.0,1.0,13/62,7.66%,LCLAT1;PMPCA;PI4K2A;PLEK;INPP5B;PIP4P1;MTMR1;PLCB1;PIP5K1A;MTMR4;PIP5K1C;PLCG1;PIK3C2A
prerank,"Synaptic Transmission, Glutamatergic (GO:0035249)",-0.6335946021665947,-1.2217774739152616,0.18325434439178515,1.0,1.0,13/26,13.25%,GRIK1;GRIN2B;GRIK2;UNC13A;GRIA2;GRIA1;NAPA;GRIA3;UNC13C;GRIK4;GRIN2A;SLC17A6;SLC17A7
prerank,Regulation Of T Cell Cytokine Production (GO:0002724),0.6588520485710646,1.221551716999705,0.19483568075117372,1.0,1.0,6/18,15.80%,SMAD7;MALT1;TRAF2;HFE;MAP3K7;HLA-F
prerank,Positive Regulation Of Leukocyte Migration (GO:0002687),-0.6272135949082429,-1.221524290367409,0.168,1.0,1.0,3/28,2.78%,THY1;IL6R;LYVE1
prerank,Liver Development (GO:0001889),0.5730587189190435,1.2206865289865476,0.17983651226158037,1.0,1.0,7/30,10.23%,CCDC40;AURKA;NF1;COBL;PROX1;CEBPG;TGFBR3
prerank,Positive Regulation Of Calcium-Mediated Signaling (GO:0050850),-0.7777525367257307,-1.2204443433401861,0.24048442906574394,1.0,1.0,6/11,22.24%,NEUROD2;CDH13;P2RX4;CLEC7A;TREM2;PLCG2
prerank,mRNA Modification (GO:0016556),-0.6328540603222729,-1.2202216813733995,0.18181818181818182,1.0,1.0,13/27,15.37%,NSUN2;METTL4;DKC1;METTL3;PUS7L;PUS1;CMTR1;METTL14;HNRNPAB;PCIF1;ZC3H13;METTL8;VIRMA
prerank,Regulation Of cAMP-dependent Protein Kinase Activity (GO:2000479),-0.7438232464839213,-1.2199408810104053,0.21535893155258765,1.0,1.0,9/13,18.75%,PRKAR1B;HTT;ATP2B4;PKIA;RAPGEF2;PKIB;PKIG;SIRT1;PRKAR1A
prerank,Negative Regulation Of Neuroinflammatory Response (GO:0150079),-0.7570566056395333,-1.2194924738961508,0.2109500805152979,1.0,1.0,6/11,20.58%,SYT11;GRN;TNFRSF1B;CX3CL1;NR1D1;TREM2
prerank,Positive Regulation Of Vascular Associated Smooth Muscle Cell Proliferation (GO:1904707),-0.6651735103870557,-1.219328691324768,0.21658206429780033,1.0,1.0,6/20,13.56%,FOXJ2;JUN;ERN1;DNMT1;IGFBP5;BMPR1A
prerank,Regulation Of Mitochondrial Outer Membrane Permeabilization Involved In Apoptotic Signaling Pathway (GO:1901028),-0.7018167545429236,-1.2189984475803515,0.19484702093397746,1.0,1.0,6/16,13.58%,SLC25A5;SLC25A4;TMEM14A;MUL1;SLC25A6;CHCHD10
prerank,Cellular Response To Interferon-Beta (GO:0035458),-0.6775623479501212,-1.2188587755138829,0.21232876712328766,1.0,1.0,6/18,13.83%,CAMK2A;IRF1;CALM1;PNPT1;IFITM2;UBE2G2
prerank,Positive Regulation Of T Cell Mediated Immunity (GO:0002711),0.5585410592029346,1.2184347224845837,0.14210526315789473,1.0,1.0,10/34,15.80%,MALT1;IL12RB1;MICB;ZBTB1;TRAF2;STX7;HFE;MAP3K7;HLA-B;HLA-F
prerank,acyl-CoA Biosynthetic Process (GO:0071616),0.7156060156672303,1.217982644474979,0.22857142857142856,1.0,1.0,6/11,17.69%,SLC25A1;GCDH;DIP2A;PPCS;ACSS1;ACSS2
prerank,Amyloid Precursor Protein Catabolic Process (GO:0042987),0.6967229728531458,1.217926907461787,0.22966507177033493,1.0,1.0,5/13,8.84%,ADAM10;DYRK1A;ABCG1;NCSTN;PSEN2
prerank,Regulation Of Isotype Switching (GO:0045191),-0.7244488462157002,-1.2178950612612727,0.20140105078809106,1.0,1.0,7/14,16.71%,TRAPPC13;SHLD2;PAXIP1;KMT5B;SHLD1;SUPT6H;TFRC
prerank,Substantia Nigra Development (GO:0021762),-0.5834962664463721,-1.2175076479350981,0.15223880597014924,1.0,1.0,19/39,18.04%,NDUFS3;SYNGR3;CCDC14;CALM3;HSPA5;DYNLL1;CALM1;BASP1;ATP5PB;INA;ERCC4;YWHAH;YWHAE;GNB4;MAPKAP1;ZNF430;G6PD;SIRT2;CASP5
prerank,Regulation Of Steroid Metabolic Process (GO:0019218),-0.6721906687306839,-1.2163056770881981,0.19334389857369255,1.0,1.0,5/19,9.97%,FMO5;PANK2;RORA;ARV1;STUB1
prerank,mRNA Transcription By RNA Polymerase II (GO:0042789),0.5524824212840466,1.2157244685032176,0.15294117647058825,1.0,1.0,18/37,13.19%,NCOA1;TAF8;TAF4;TAF5;TAF13;NR1H2;TAF12;ZBTB1;NCOA2;TAF1;TAF7;TAF6;NCBP3;NCBP2;TAF11;TFCP2;TAF3;TAF10
prerank,High-Density Lipoprotein Particle Remodeling (GO:0034375),0.7264633670970955,1.2157122681561463,0.2383177570093458,1.0,1.0,3/11,8.56%,SCARB1;ABCG1;LIPG
prerank,Pancreas Development (GO:0031016),0.7164887832375535,1.215572088220176,0.25339366515837103,1.0,1.0,2/11,9.42%,CCDC40;PROX1
prerank,Regulation Of ERK1 And ERK2 Cascade (GO:0070372),-0.48431723861229936,-1.2149848802614072,0.06790123456790123,1.0,1.0,53/214,16.57%,YWHAZ;CCR1;DUSP26;OPRM1;SIRPA;NELL1;FBXW7;PIN1;BRAF;EPHA4;TIMP3;NTRK3;MAP2K7;CD44;TNIP1;DDR2;ITGB1BP1;FFAR4;NRG1;LYN;MAP2K1;BMPER;PRKCA;EPHB1;WNK2;NDRG4;SPRED1;HRAS;CIB1;PTPRR;CHRNA7;PDGFD;PTPN6;RAPGEF2;LMO3;FN1;EZR;C5AR1;RASGRP1;HLA-DRB1;SEMA7A;GPNMB;AGER;ROR2;SCIMP;APP;HTR2A;ICAM1;PTPN1;GAREM1;PRKD2;CX3CL1;SPRED2
prerank,Regulation Of Leukocyte Cell-Cell Adhesion (GO:1903037),0.7543314738422291,1.2145321575034511,0.2471131639722864,1.0,1.0,5/10,19.29%,PPARA;WNK1;ASS1;FUT9;AKT1
prerank,Aminoglycan Catabolic Process (GO:0006026),-0.7035395366640453,-1.2142505531686227,0.22564102564102564,1.0,1.0,4/14,12.28%,GNS;GUSB;FUCA1;IDS
prerank,Endosome Organization (GO:0007032),-0.5683300335208263,-1.2139518809373435,0.1597542242703533,1.0,1.0,18/48,12.17%,PI4K2A;DNM1;ATP6V1F;ATP6AP2;ATP6V0B;ALS2;TMEM9;RNF26;ATP6V1A;HOOK2;RAB27A;HOOK1;PLEKHJ1;PLEKHA3;ATP6V1D;USP8;ATP6V0A1;SNX10
prerank,Plasma Membrane Repair (GO:0001778),-0.6642475983749369,-1.2137787792237513,0.1933884297520661,1.0,1.0,5/20,7.18%,RAB3A;SYT11;CHMP2A;CHMP3;CHMP7
prerank,Negative Regulation Of B Cell Proliferation (GO:0030889),-0.7675072116496666,-1.2134679910620447,0.2609457092819615,1.0,1.0,4/10,16.02%,CD300A;LYN;TNFRSF21;TYROBP
prerank,Cell Junction Maintenance (GO:0034331),-0.6848381008145255,-1.2133798760583363,0.1967799642218247,1.0,1.0,3/18,13.58%,CBLN2;SDF4;CHCHD10
prerank,Peptide Antigen Assembly With MHC Protein Complex (GO:0002501),-0.7045741422240104,-1.2132895563204158,0.21079258010118043,1.0,1.0,9/16,22.05%,TAPBP;CALR;HLA-DRB5;TAPBPL;HLA-DRB1;HLA-DRA;HLA-DQA1;HLA-DPA1;PDIA3
prerank,Regulation Of Cell Morphogenesis (GO:0022604),0.5630214282788716,1.2121745440977072,0.14673913043478262,1.0,1.0,6/31,2.65%,ZRANB1;MOV10;CAMSAP1;PHIP;NTNG2;MACF1
prerank,Ganglioside Biosynthetic Process (GO:0001574),-0.7152088197167406,-1.2119864860588625,0.2453781512605042,1.0,1.0,7/13,16.89%,B4GALNT1;ST6GALNAC5;ST3GAL1;ST8SIA3;ST3GAL2;B4GALT5;ST3GAL5
prerank,Membrane Depolarization (GO:0051899),-0.7087833781339616,-1.2113504573811757,0.21331058020477817,1.0,1.0,5/13,15.71%,SCN1B;SCN3B;ATP5IF1;YWHAH;P2RX4
prerank,Centromere Complex Assembly (GO:0034508),0.703366424166321,1.2111000994796501,0.21464646464646464,1.0,1.0,4/14,6.48%,NASP;MIS18A;CENPE;MIS12
prerank,"Regulation Of Nuclear-Transcribed mRNA Catabolic Process, Deadenylation-Dependent Decay (GO:1900151)",0.6129060203442626,1.2081173340776117,0.18882978723404256,1.0,1.0,7/23,10.91%,TNRC6B;PAIP1;SYNCRIP;HNRNPU;ZFP36L2;DHX9;CPEB3
prerank,Negative Regulation Of Cytokine Production Involved In Immune Response (GO:0002719),0.6811729783606515,1.2074781123544696,0.22727272727272727,1.0,1.0,6/15,15.93%,SMAD7;TGFB2;IRAK3;HFE;HLA-F;LILRB1
prerank,Monoatomic Cation Transport (GO:0006812),-0.5843718743605192,-1.2070923003684573,0.1593984962406015,1.0,1.0,14/41,16.22%,NDFIP1;SLC11A1;GRIN2B;ATP1B1;ANO10;TRPM3;SLC39A1;PANX1;GRIN2A;ATP1A2;NDFIP2;ATP10D;PIEZO1;PANX2
prerank,Protein N-linked Glycosylation (GO:0006487),-0.5416009441138793,-1.20683227326092,0.13656387665198239,1.0,1.0,14/63,9.52%,DPAGT1;MOGS;OST4;ALG14;OSTC;SRD5A3;TUSC3;MGAT5B;UBE2J1;PSMD2;B4GALT7;DAD1;ST6GAL1;ST3GAL1
prerank,Establishment Of Protein Localization To Endoplasmic Reticulum (GO:0072599),-0.6906412865360192,-1.2067434468572844,0.2071307300509338,1.0,1.0,10/16,16.47%,SPCS1;SRP14;ZFAND2B;SPCS3;RAB3GAP2;SPCS2;SEC61G;ZFAND2A;RYR2;MAN1A1
prerank,Positive Regulation Of Filopodium Assembly (GO:0051491),-0.6322294010343461,-1.2063286390399752,0.18387096774193548,1.0,1.0,13/26,14.57%,NELL1;TENM2;TENM1;GPM6A;RALA;WASL;MIEN1;PLPPR5;FNBP1L;PALM;RHOQ;NEURL1;RIPOR2
prerank,Positive Regulation Of Release Of Sequestered Calcium Ion Into Cytosol (GO:0051281),-0.6004452868220845,-1.2062192313367623,0.1875,1.0,1.0,6/32,7.40%,THY1;TRPC1;CALM3;HTT;CALM1;PLCG1
prerank,Regulation Of Dendrite Extension (GO:1903859),-0.6771128887397648,-1.2059548004285054,0.22169059011164274,1.0,1.0,9/17,13.55%,RIMS1;CPNE9;UNC13A;RIMS2;SYT1;SYT2;RNF157;SYT4;PLAA
prerank,Odontogenesis (GO:0042476),0.5603154883270416,1.2053580878006491,0.17941176470588235,1.0,1.0,7/33,17.55%,TGFB2;HDAC1;AQP1;OXSR1;BCOR;ZNF22;FGFR2
prerank,Regulation Of Secretion By Cell (GO:1903530),-0.5398520855811517,-1.2052769332191562,0.12408759124087591,1.0,1.0,14/57,8.03%,CAMK2A;CPLX2;SCG5;RIMS1;CPLX1;RIMS2;RAB3A;STXBP5L;SYT1;SIRT6;RALA;MCTP1;LLGL2;CASK
prerank,Granulocyte Differentiation (GO:0030851),-0.7343670842998132,-1.2047367823932695,0.24310344827586206,1.0,1.0,4/12,19.62%,LYN;JAGN1;TAL1;STAT5A
prerank,Mitochondrion Organization (GO:0007005),-0.4916866058594314,-1.2046024526443835,0.07612903225806451,1.0,1.0,40/150,9.35%,TIMM13;ATCAY;COX7A2L;BCAP31;TIMM10;ATAD3B;PARK7;MSTO1;DNAJA3;SLC25A4;RAB29;RAB5IF;TIMM9;HIGD1C;MGME1;YME1L1;COX7A2;CXADR;TOMM70;CHCHD7;SIRT5;MTFR1L;NIPSNAP2;ATPAF1;TOMM7;PPARGC1A;THG1L;AIFM2;FIS1;UCP2;TIMM17A;MUL1;CLUH;PNPT1;RCC1L;HSD17B10;TOMM22;CHCHD2;TYMP;BID
prerank,Synapse Organization (GO:0050808),-0.4958067024083817,-1.2044847826275986,0.09857328145265888,1.0,1.0,46/131,17.71%,SNCG;PPFIA4;CBLN2;PIN1;RAB29;SNCB;UNC13A;NRCAM;PTK7;SHANK2;PAK3;L1CAM;GPM6A;SEMA3E;SLC6A1;CACNB2;LRRC4B;FLRT3;SDK2;PTPRS;AGRN;LRFN5;UNC13C;NTNG1;NRXN1;CHRNA7;PDZRN3;MYOT;CDK5;C5AR1;SDF4;CDH2;CHCHD10;NRXN2;ARHGAP39;APP;C1QB;SLC8A3;GRM5;SLC8A2;PPFIA2;CX3CL1;CAST;C1QA;MAPT;UNC13B
prerank,Regulation Of Metaphase/Anaphase Transition Of Cell Cycle (GO:1902099),0.5643824605892268,1.2041867714244214,0.17307692307692307,1.0,1.0,11/32,9.79%,ARID1B;ARID2;SMARCB1;DPF2;BCL7B;SMARCA2;BCL7C;CENPE;ACTL6A;SMARCC2;CDC23
prerank,Regulation Of T-helper 17 Type Immune Response (GO:2000316),0.7086899979051727,1.2028049134699834,0.22762148337595908,1.0,1.0,4/12,10.02%,SMAD7;IL12RB1;TYK2;JUNB
prerank,Regulation Of Long-Term Neuronal Synaptic Plasticity (GO:0048169),-0.7631617453255269,-1.2028017555011838,0.254416961130742,1.0,1.0,6/10,16.38%,NETO1;SYP;RAB5A;SYNGR1;NEURL1;NPTN
prerank,Negative Regulation Of ERBB Signaling Pathway (GO:1901185),0.6380829310049126,1.2025110736844808,0.2375296912114014,1.0,1.0,6/18,13.99%,EGFR;CBL;DUSP3;TSG101;PTPN12;ITGA1
prerank,Striated Muscle Cell Differentiation (GO:0051146),-0.6586269171969703,-1.2024420912207627,0.21138211382113822,1.0,1.0,5/19,6.40%,SKI;MYEF2;SIRT6;PLD3;NRG1
prerank,Regulation Of Macrophage Activation (GO:0043030),-0.6294619648179424,-1.2024404057687397,0.18770226537216828,1.0,1.0,8/25,17.55%,GPR137B;PJA2;MYO18A;CD200;LRFN5;TNIP2;HSPD1;CD74
prerank,Secretion (GO:0046903),-0.7413271061620228,-1.202214734488874,0.24050632911392406,1.0,1.0,2/12,1.48%,PRKCI;RIMS1
prerank,Regulation Of Neuron Differentiation (GO:0045664),-0.5292431046774326,-1.2018274806795486,0.13943661971830987,1.0,1.0,18/74,11.91%,ID2;NBL1;PCP4;NEUROD2;NRCAM;NEPRO;NREP;CNTN4;BRINP2;SOX2;CALR;MOSMO;YWHAG;MMD;BIN1;VWC2;YWHAH;CPNE1
prerank,Endoderm Formation (GO:0001706),-0.6065273044189976,-1.201373546279496,0.1639871382636656,1.0,1.0,7/34,19.30%,COL6A1;ITGA7;ITGB5;ITGA5;FN1;SETD2;ITGB2
prerank,Signal Peptide Processing (GO:0006465),-0.7343893429687253,-1.2013380295605964,0.26573426573426573,1.0,1.0,6/11,9.00%,SPCS1;PCSK5;IMMP1L;SPCS3;SEC11A;SPCS2
prerank,"Alternative mRNA Splicing, Via Spliceosome (GO:0000380)",0.6612846293482462,1.201119304812124,0.255050505050505,1.0,1.0,9/16,13.96%,DDX17;SRSF6;HNRNPM;SFPQ;DHX9;SLU7;SRSF1;NCBP2;RBM17
prerank,Negative Regulation Of Receptor Signaling Pathway Via JAK-STAT (GO:0046426),-0.6931399890693954,-1.200812526546864,0.22408026755852842,1.0,1.0,6/15,15.22%,NF2;SOCS3;PPP2R1A;PARP14;PIBF1;BCL3
prerank,Negative Regulation Of Axonogenesis (GO:0050771),-0.6363105129507871,-1.2005093851990434,0.1783960720130933,1.0,1.0,7/22,8.47%,THY1;KIAA0319;DCC;GDI1;PTPRS;MAP2;FGF13
prerank,Regulation Of Potassium Ion Transport (GO:0043266),-0.6119460886527298,-1.2001760119634786,0.18862275449101795,1.0,1.0,7/30,8.06%,KCNAB2;DPP10;KCNN2;KCNIP3;DPP6;KCNIP4;FHL1
prerank,Response To Amyloid-Beta (GO:1904645),-0.5717810520125652,-1.1997433525943526,0.19431988041853512,1.0,1.0,17/40,21.39%,CACNA1B;EPHA4;LGMN;CASP4;CHRNA7;GRIN2A;CDK5;AGER;APP;ICAM1;GRM5;PRNP;TREM2;GRIN1;ADRB2;CACNB1;SNX6
prerank,Lamellipodium Organization (GO:0097581),-0.6050940924125012,-1.1996774770290375,0.19395866454689983,1.0,1.0,11/29,12.21%,PHPT1;PTPRO;ABLIM2;PARVB;ITGB1;CARMIL1;ARFIP2;CDH13;RAC1;ARHGEF4;WASF1
prerank,RNA Stabilization (GO:0043489),-0.5910695484449235,-1.19965180203287,0.19692307692307692,1.0,1.0,13/36,13.53%,NSUN2;SLC11A1;PHAX;DKC1;DHX36;ZCCHC17;TNIP1;EIF4ENIF1;TRDMT1;CIRBP;RBM38;PARN;FUS
prerank,Regulation Of Translational Initiation (GO:0006446),-0.5444728247197251,-1.1994995775245927,0.15482954545454544,1.0,1.0,26/60,18.85%,ALKBH1;YTHDF2;EIF1;EIF4EBP1;EIF1B;POLR2G;EIF2AK3;EIF4A2;MIF4GD;EIF5;BZW2;DDX3X;DDX1;EIF4EBP2;EIF3E;MTIF2;EIF4H;NCK2;YTHDF1;YTHDF3;DNAJC3;EIF4G2;HSPB1;HABP4;EIF2AK4;LARP1
prerank,Biogenic Amine Metabolic Process (GO:0006576),0.7110483320600807,1.1993840489349934,0.2691292875989446,1.0,1.0,3/12,16.54%,HNMT;OAZ2;MAOA
prerank,Chemokine-Mediated Signaling Pathway (GO:0070098),-0.5786564924303418,-1.1991524115203693,0.17546583850931677,1.0,1.0,6/40,16.42%,CCR1;LYN;CIB1;CXCL12;RBM15;CX3CL1
prerank,Regulation Of mRNA Polyadenylation (GO:1900363),0.7351733546093744,1.198310845027119,0.2975,1.0,1.0,5/10,10.91%,ZC3H14;CPSF7;CPSF6;NCBP2;CPEB3
prerank,Adenylate Cyclase-Activating Adrenergic Receptor Signaling Pathway (GO:0071880),0.6742369649943833,1.1982558795586595,0.25552825552825553,1.0,1.0,4/14,12.39%,ADRA1B;AKAP13;DRD1;ADRA2C
prerank,Protein Targeting (GO:0006605),-0.497615271829614,-1.197166379890481,0.11633986928104575,1.0,1.0,47/125,17.05%,TIMM13;SPCS1;BCAP31;PRKCI;TIMM10;CACNG3;CDC37;TIMM9;MYO1C;SRP14;ZFAND6;TOMM70;ZFAND2B;ARL6;TOMM7;YIF1B;SPCS3;FIS1;NACA2;TIMM17A;ZDHHC18;ZDHHC6;SEC63;TOMM22;SPCS2;AP3D1;SEC61G;VPS37A;AP1S3;TAOK2;MFF;TOMM20;ZDHHC11B;ZFAND2A;GDAP1;AP4B1;FBXO7;RAB3IP;NACA;CHM;NCF1;HACL1;TRAK2;TIMM8B;MAN1A1;RPL11;RABGEF1
prerank,Negative Regulation Of Developmental Growth (GO:0048640),-0.5914187947883355,-1.197087548392049,0.20031796502384738,1.0,1.0,9/31,10.98%,CDKN1A;KIAA0319;DCC;PTPRS;MAP2;FGF13;CDKL3;WWC1;WWC2
prerank,Positive Regulation Of Intrinsic Apoptotic Signaling Pathway (GO:2001244),-0.5763997122861303,-1.1968749321429466,0.1901840490797546,1.0,1.0,16/38,15.82%,BCAP31;SOD1;UBB;BCL2L11;DDIT3;FIS1;S100A9;S100A8;BID;GSDME;RPS7;DNM1L;RPS3;NCK2;EIF5A;BECN1
prerank,Cortical Cytoskeleton Organization (GO:0030865),-0.6084270103812064,-1.196572807532994,0.20987654320987653,1.0,1.0,12/27,17.23%,PLEK;FHOD3;RHOG;IKBKB;LLGL2;NCKAP1;RAC1;EZR;FHOD1;RHOQ;RAC3;LCP1
prerank,Positive Regulation Of Developmental Process (GO:0051094),0.42139516351915646,1.1964158591008558,0.022727272727272728,1.0,1.0,58/217,12.52%,ZBTB16;ANAPC2;PRKN;ARID1B;NCOA1;ARID2;AURKA;SMARCB1;CTNNB1;NCOA3;RAPGEF3;UTP25;MCU;BRMS1;DPF2;PLD6;AGO2;BCL7B;PRKAA1;NR2C2;SOX8;ARID4A;SMARCA2;BCL7C;DDHD1;SAP30;ARID4B;NCOA2;ACTL6A;SMARCC2;ING1;PGAM5;DVL1;RPS6KA3;FBXO5;COBL;REST;BRMS1L;HDAC1;ING2;TAPT1;WNT5A;BMP1;PDGFB;INSR;SCX;SORL1;CPEB3;CAMK1;KRT10;ZDHHC15;PTN;SINHCAF;SUDS3;ADGRL1;SHANK3;GJA1;SPIRE1
prerank,Aminoglycan Biosynthetic Process (GO:0006023),-0.6466971868902254,-1.1961237954810637,0.20431893687707642,1.0,1.0,8/21,17.50%,B3GNTL1;B4GALT7;EXT2;B4GAT1;XYLT1;UGDH;B3GAT3;PXYLP1
prerank,Regulation Of G0 To G1 Transition (GO:0070316),0.5708418194131741,1.1958761766271024,0.1618798955613577,1.0,1.0,10/30,8.64%,ARID1B;ARID2;SMARCB1;DPF2;BCL7B;SMARCA2;BCL7C;ACTL6A;SMARCC2;RRM2B
prerank,Myotube Differentiation (GO:0014902),-0.6307865842716839,-1.19577288182501,0.20287539936102236,1.0,1.0,5/23,6.35%,SKI;KCNH1;MYEF2;ITGB1;PLD3
prerank,Negative Regulation Of Translational Initiation (GO:0045947),-0.7321396649004066,-1.1954189436521587,0.26013513513513514,1.0,1.0,6/12,18.85%,EIF4EBP1;EIF2AK2;EIF4EBP2;EIF3E;EIF2AK4;LARP1
prerank,intra-Golgi Vesicle-Mediated Transport (GO:0006891),0.547735854437554,1.1953625966646935,0.17045454545454544,1.0,1.0,13/31,16.13%,COG5;COG4;COG8;COPA;COG2;COPB1;NSF;NAPG;COPG2;RAB33B;COPB2;TRAPPC10;COG3
prerank,Positive Regulation Of Cation Channel Activity (GO:2001259),-0.5920910046679205,-1.1953593703641177,0.18083462132921174,1.0,1.0,9/33,13.78%,CALM3;HTT;CALM1;CTSS;TMSB4X;PPP3CA;ANK2;PPP3CB;STAC2
prerank,Nucleic Acid Phosphodiester Bond Hydrolysis (GO:0090305),0.6210545820631642,1.1950620232951517,0.20887728459530025,1.0,1.0,10/22,14.65%,ZC3H12A;MEI4;DCP1B;DXO;SETMAR;MRE11;DNA2;HORMAD1;DCP1A;DICER1
prerank,Positive Regulation Of Cell Migration Involved In Sprouting Angiogenesis (GO:0090050),-0.6806037857792496,-1.1950325424825434,0.23570190641247835,1.0,1.0,5/15,16.04%,PIK3C2A;CIB1;RHOJ;ANXA1;HMOX1
prerank,Synaptic Vesicle Transport Along Microtubule (GO:0099517),-0.7160253428131349,-1.1949796466406624,0.26955074875207985,1.0,1.0,6/12,10.77%,SNAPIN;AP3S2;AP3B2;AP3S1;AP3D1;DTNBP1
prerank,Anterograde Synaptic Vesicle Transport (GO:0048490),-0.7160253428131349,-1.1949796466406624,0.26955074875207985,1.0,1.0,6/12,10.77%,SNAPIN;AP3S2;AP3B2;AP3S1;AP3D1;DTNBP1
prerank,Second-Messenger-Mediated Signaling (GO:0019932),-0.5354444965845646,-1.194133016594327,0.1438953488372093,1.0,1.0,23/67,17.69%,FPR1;EIF2AK3;NUDT4;MCTP1;FCGR3A;PLCG1;NCALD;RCAN2;CAMKK2;CHRM3;ORC3;GUCY1B1;DDAH1;RCAN1;PPP2R1A;CNKSR2;PLCE1;RILPL1;P2RX4;LAT2;RYR2;TPCN2;PPP1R9B
prerank,Neuromuscular Process Controlling Balance (GO:0050885),-0.7472446365124733,-1.1939727138797727,0.2696078431372549,1.0,1.0,3/10,15.84%,TPP1;NRXN1;PAFAH1B1
prerank,Water Transport (GO:0006833),0.6528559790478107,1.1938902068016255,0.25060827250608275,1.0,1.0,3/16,7.84%,AQP4;AQP11;TNPO1
prerank,Regulation Of Type II Interferon Production (GO:0032649),-0.5265073115404472,-1.1938389505061584,0.15220483641536273,1.0,1.0,22/78,17.32%,SIRPA;LAPTM5;SLC11A1;CD14;TLR7;SLC7A5;DDIT3;TRIM27;EBI3;TXK;PDE4D;MYDGF;CD276;CR1;ISG15;RASGRP1;HLA-DRB1;C1QBP;PRNP;HSPD1;VSIR;CLEC7A
prerank,Response To Fatty Acid (GO:0070542),0.6219006676728045,1.19357300706809,0.22589531680440772,1.0,1.0,6/19,14.59%,PPP5C;FOXO1;PDK3;PDK4;SCD;FOXO3
prerank,Tail-Anchored Membrane Protein Insertion Into ER Membrane (GO:0071816),-0.69960117957557,-1.1932375893745373,0.2591362126245847,1.0,1.0,4/14,5.17%,EMC7;EMC6;EMC8;SGTA
prerank,Fibroblast Growth Factor Receptor Signaling Pathway (GO:0008543),0.531897047260655,1.1922476583839139,0.16901408450704225,1.0,1.0,12/34,19.85%,FGF23;RAB14;FGFR3;GALNT3;FGF1;SETX;FGF17;FGF20;FIBP;FGFR2;FGFR1;PTPN11
prerank,Positive Regulation Of G Protein-Coupled Receptor Signaling Pathway (GO:0045745),-0.6686452621626251,-1.191901930516961,0.22727272727272727,1.0,1.0,3/17,7.60%,LRPAP1;CHGA;PRKCA
prerank,Secondary Alcohol Metabolic Process (GO:1902652),-0.583603893199594,-1.1917382518207875,0.18140243902439024,1.0,1.0,12/37,16.56%,PIP4P1;IDH3B;PPARD;IDH1;ABCA5;CH25H;IDH2;APOL2;IDH3G;FDX1;SQLE;IDH3A
prerank,Nuclear-Transcribed mRNA poly(A) Tail Shortening (GO:0000289),0.6273945495614959,1.1916650913377231,0.24581005586592178,1.0,1.0,10/19,10.24%,CNOT2;PAN2;SAMD4A;TUT7;TNKS1BP1;CNOT10;CNOT3;SAMD4B;TUT4;CNOT6
prerank,Nuclear Membrane Organization (GO:0071763),-0.6324350090045459,-1.1915319211244038,0.19933554817275748,1.0,1.0,11/25,18.60%,TOR1B;CHMP2A;CHMP3;CHMP7;TMEM43;EMD;NSFL1C;UBXN2A;VPS4B;UBXN2B;CHMP2B
prerank,Cholesterol Homeostasis (GO:0042632),0.48285664918116594,1.1913838045187404,0.1461038961038961,1.0,1.0,9/65,11.32%,SCARB1;MTTP;CYP7B1;ABCG1;NR1H2;INSIG1;LIPG;HDAC9;FABP3
prerank,Regulation Of Heart Rate By Cardiac Conduction (GO:0086091),-0.5827666992755413,-1.1913585528496609,0.18787878787878787,1.0,1.0,9/39,13.39%,SCN2B;SCN1B;KCNJ5;HCN1;CACNB2;SCN3B;BIN1;ANK2;YWHAE
prerank,Vitamin Transport (GO:0051180),-0.5870070927126916,-1.191242904854625,0.1984848484848485,1.0,1.0,11/36,17.67%,SLC2A3;FOLR2;SLC2A8;SLC23A2;SLC2A6;SLC35F3;SLC19A2;PDPN;SLC52A2;ABCD4;SLC46A1
prerank,Neuron Apoptotic Process (GO:0051402),-0.6665907887567502,-1.1911380478710825,0.20098039215686275,1.0,1.0,9/18,13.81%,SCN2A;GAPDH;TRPC5;CIT;FAM162A;TNFRSF21;BID;CDK5;NAE1
prerank,Endoderm Development (GO:0007492),-0.7126146197908418,-1.1906905822682725,0.2628099173553719,1.0,1.0,1/13,5.58%,LAMC1
prerank,Regulation Of Filopodium Assembly (GO:0051489),-0.5728810722318329,-1.1904172736047118,0.2,1.0,1.0,19/42,14.57%,GAP43;NELL1;TENM2;TENM1;GPM6A;RALA;ARHGAP44;RAB5A;AGRN;CLU;WASL;MIEN1;CAPZB;PLPPR5;FNBP1L;PALM;RHOQ;NEURL1;RIPOR2
prerank,Macrophage Activation (GO:0042116),-0.5967274525653394,-1.1903319595005928,0.18181818181818182,1.0,1.0,17/31,20.58%,SLC11A1;MYO1C;FCGR3A;CLU;C5AR1;CD93;APP;AIF1;IFI35;SBNO2;CX3CL1;C1QA;MAPT;TMEM106A;ITGAM;ITGB2;TREM2
prerank,Fatty Acid Biosynthetic Process (GO:0006633),-0.5380860238166993,-1.190224652664393,0.17163120567375886,1.0,1.0,12/62,12.55%,GPX4;ELOVL4;ACOT7;ABHD2;NDUFAB1;LIAS;LTC4S;ACSM5;FASN;XBP1;ELOVL5;ABCD3
prerank,Regulation Of Protein Targeting To Membrane (GO:0090313),-0.6080022394975755,-1.1901708959283364,0.2171875,1.0,1.0,14/27,20.36%,KCNB1;MYO1C;TCAF1;GDI1;ITGB1BP1;FIS1;HRAS;CIB1;MFF;PRNP;DMTN;ITGAM;ITGB2;PDZK1
prerank,Genitalia Development (GO:0048806),0.7224862688446052,1.1900510361172607,0.26046511627906976,1.0,1.0,3/11,19.85%,WNT5A;DNAJC19;PTPN11
prerank,Plasma Membrane Bounded Cell Projection Morphogenesis (GO:0120039),-0.5552471653802363,-1.1896837970124303,0.17691154422788605,1.0,1.0,14/48,12.21%,ZNF335;MAP1S;UBB;NBL1;CNTNAP1;DCLK1;GPM6A;MYO16;PAK1;NCKAP1;TNIK;CNTNAP2;DTNBP1;WASF1
prerank,Phosphatidylinositol Dephosphorylation (GO:0046856),-0.6775939384007967,-1.1893542232577214,0.23737373737373738,1.0,1.0,4/16,2.36%,PMPCA;INPP5B;PIP4P1;MTMR1
prerank,Skeletal Muscle Tissue Development (GO:0007519),-0.5753640104966603,-1.188871900116048,0.17851500789889416,1.0,1.0,7/35,12.68%,SKI;LEMD2;IGSF8;MYL6;PPP3CA;DMD;PPP3CB
prerank,Regulation Of Cell Cycle Checkpoint (GO:1901976),0.7320216650144096,1.1888188392801264,0.2873051224944321,1.0,1.0,7/10,11.56%,DEPDC1B;WDR76;FEM1B;BARD1;CRY1;RFWD3;BRCA2
prerank,P-body Assembly (GO:0033962),0.7176208735856651,1.1879411791363226,0.27586206896551724,1.0,1.0,3/11,1.89%,LIMD1;LSM14A;PATL1
prerank,Regulation Of Platelet Activation (GO:0010543),-0.6318463059927119,-1.18788717392571,0.22102009273570325,1.0,1.0,7/24,10.99%,PLEK;TXK;NRG1;LYN;PRKCA;PRKCQ;FCER1G
prerank,Positive Regulation Of Alpha-Beta T Cell Activation (GO:0046635),-0.66895719545762,-1.1878514140732053,0.24625623960066556,1.0,1.0,6/17,21.12%,EBI3;NKAP;HLA-DRB1;HLA-DRA;HLA-E;CD55
prerank,Regulation Of Mitochondrial Membrane Permeability (GO:0046902),-0.6734549219475379,-1.1874129204827897,0.22690437601296595,1.0,1.0,6/17,10.24%,CAMK2A;SLC25A5;SLC25A4;HEBP2;MUL1;THEM4
prerank,Amino Acid Catabolic Process (GO:0009063),0.5336948696665841,1.1873019977940114,0.17582417582417584,1.0,1.0,9/35,7.85%,ECHS1;HNMT;DDO;IVD;GOT2;ALDH6A1;HIBCH;THNSL2;KYNU
prerank,tRNA Processing (GO:0008033),-0.5640533230207418,-1.186949267606761,0.1889400921658986,1.0,1.0,22/45,15.74%,NSUN2;HEXIM1;FARS2;ADAT1;TRPT1;TSEN54;TRNT1;TSEN2;THG1L;RTRAF;FAM98A;ELAC2;TRDMT1;DDX1;FTSJ1;POP7;POP1;OSGEP;THUMPD1;TRMT9B;ELP5;RPP30
prerank,Negative Regulation Of Phosphoprotein Phosphatase Activity (GO:0032515),-0.652729280721673,-1.1868661896964865,0.21647819063004847,1.0,1.0,5/20,7.79%,TIPRL;IKBKB;PPP1R1B;PPP1R15A;PPP4R4
prerank,Protein Exit From Endoplasmic Reticulum (GO:0032527),-0.6297428134473549,-1.1866098520592827,0.2049586776859504,1.0,1.0,14/24,18.92%,PREB;ERLEC1;SURF4;SELENOS;VCP;SEC13;HSP90B1;RANGRF;SEL1L;SEC61B;FAF2;TECPR2;TMED9;DERL2
prerank,Potassium Ion Import Across Plasma Membrane (GO:1990573),-0.5791617973084869,-1.1863002876964355,0.18788819875776397,1.0,1.0,6/40,6.00%,KCNJ6;SLC12A5;ATP1A1;ATP1B1;KCNJ9;KCNJ5
prerank,Sterol Homeostasis (GO:0055092),0.4768319773088508,1.1860032278664059,0.13291139240506328,1.0,1.0,9/66,11.32%,SCARB1;MTTP;CYP7B1;ABCG1;NR1H2;INSIG1;LIPG;HDAC9;FABP3
prerank,Quaternary Ammonium Group Transport (GO:0015697),-0.7234162494151493,-1.1858487991507498,0.26902654867256637,1.0,1.0,1/12,0.08%,SLC44A5
prerank,Ceramide Catabolic Process (GO:0046514),-0.7140320630691139,-1.1856795043482993,0.23987034035656402,1.0,1.0,5/13,20.08%,GM2A;HEXB;ACER3;ASAH1;NEU3
prerank,Regulation Of Endothelial Cell Chemotaxis (GO:2001026),-0.7127011538203932,-1.1855180789675177,0.265139116202946,1.0,1.0,7/13,19.68%,NRG1;LGMN;TMSB4X;P2RX4;PRKD2;HSPB1;SEMA5A
prerank,Heterochromatin Organization (GO:0070828),0.5355302111095307,1.1852759455113067,0.16666666666666666,1.0,1.0,14/36,6.74%,KMT2D;CTBP1;EZH1;PPM1D;HP1BP3;UHRF1;EZH2;TRIP12;UBR5;LMNB1;SETDB2;BAZ2A;PRDM16;CBX3
prerank,Regulation Of Cholesterol Efflux (GO:0010874),-0.5931037687827514,-1.1850560216863544,0.20266272189349113,1.0,1.0,12/32,18.16%,YJEFN3;EEPD1;ZDHHC8;ABCA5;NAXE;SREBF2;ABCA7;PLTP;LAMTOR1;RXRA;SIRT1;ABCA3
prerank,Histone Monoubiquitination (GO:0010390),0.7064205243660568,1.1849325176019592,0.2619047619047619,1.0,1.0,6/11,11.56%,DEPDC1B;UHRF1;BARD1;WAC;RING1;BRCA2
prerank,Modulation By Symbiont Of Entry Into Host (GO:0052372),-0.6687890872380019,-1.1845734714322598,0.24466338259441708,1.0,1.0,6/17,18.87%,FUCA2;NECTIN2;EXOC2;TRIM38;TRIM25;EXOC7
prerank,Positive Regulation Of Myeloid Leukocyte Differentiation (GO:0002763),-0.5738098685215366,-1.1837372892523699,0.22503725782414308,1.0,1.0,14/34,19.83%,ID2;CCR1;TESC;PRKCA;FES;PPP3CA;IL34;HLA-DRB1;HAX1;CTNNBIP1;CD74;ZFP36L1;FADD;CD4
prerank,Alpha-Beta T Cell Activation (GO:0046631),0.6697176208352844,1.1836159182894528,0.26150121065375304,1.0,1.0,6/14,22.37%,CDH26;CD247;RSAD2;NCOR2;HLA-A;STOML2
prerank,Positive Regulation Of Interferon-Beta Production (GO:0032728),-0.5849332924042407,-1.1833090530369785,0.21894409937888198,1.0,1.0,14/33,14.85%,RIOK3;IRF1;TLR7;TOMM70;FLOT1;POLR3F;TRIM56;DDX3X;POLR3A;POLR3B;HSP90AA1;ISG15;IRF7;RNF135
prerank,Peptide Metabolic Process (GO:0006518),-0.5584796223174987,-1.1831400586645493,0.1674347158218126,1.0,1.0,20/48,18.77%,SPCS1;DNPEP;PCSK5;IMMP1L;TPP1;SPCS3;SEC11A;MIPEP;SPCS2;ERAP1;LNPEP;DMD;ADAMTS13;CPE;LTA4H;TRHDE;MGAT3;NLN;BACE2;APEH
prerank,"RNA Splicing, Via Endonucleolytic Cleavage And Ligation (GO:0000394)",-0.7220826023293878,-1.1829248675857171,0.26936026936026936,1.0,1.0,8/11,9.28%,HEXIM1;TRPT1;TSEN54;ERN1;TSEN2;RTRAF;FAM98A;DDX1
prerank,Positive Regulation Of Positive Chemotaxis (GO:0050927),-0.6716560931715564,-1.1825174907279208,0.2544570502431118,1.0,1.0,4/16,11.38%,NTRK3;CDH13;CNTN1;CXCL12
prerank,Generation Of Neurons (GO:0048699),-0.48089728205331594,-1.1823375917657466,0.11424903722721438,1.0,1.0,33/155,14.41%,SNPH;CCK;ATP2B2;TUBB2B;OPHN1;MYEF2;NELL1;PIN1;IER2;KIAA0319;MARK1;NRCAM;CIT;POMGNT2;GPM6A;ELP3;ASTN1;MAP1B;DCC;PEX13;MAP2K1;MYT1L;FGF13;RTN3;RAC1;MTPN;RAPGEF2;DTNB;CDK5;FZD3;KIAA0319L;RTN1;PLXNB2
prerank,Positive Regulation Of Dendrite Extension (GO:1903861),-0.677118007029463,-1.182152507556307,0.25732899022801303,1.0,1.0,9/16,13.55%,RIMS1;CPNE9;UNC13A;RIMS2;SYT1;SYT2;RNF157;SYT4;PLAA
prerank,Protein Methylation (GO:0006479),-0.5925700636215276,-1.1806965724811946,0.20930232558139536,1.0,1.0,9/33,9.87%,PRMT8;METTL22;SNRPD3;SNRPB;TRMT112;PRMT7;CARM1;FAM98A;RAB6A
prerank,Cardiac Muscle Cell Development (GO:0055013),-0.6209782632680833,-1.1798688365851908,0.22259136212624583,1.0,1.0,5/22,15.25%,FHOD3;CXADR;SORBS2;OBSL1;TTN
prerank,Sodium Ion Transmembrane Transport (GO:0035725),-0.5176671925665637,-1.1796722655059892,0.15177304964539007,1.0,1.0,12/78,7.05%,SLC6A7;SCN2A;SCN2B;ATP1A1;SCN1B;SLC4A4;ATP1B1;SLC6A17;SLC6A1;HCN1;SCN3B;ASIC2
prerank,Phosphatidylserine Metabolic Process (GO:0006658),-0.6643175614434536,-1.1795968170575537,0.2337228714524207,1.0,1.0,6/17,11.68%,OSBPL10;SERINC1;PTDSS1;LPCAT3;PTDSS2;PLA2G15
prerank,Regulation Of Delayed Rectifier Potassium Channel Activity (GO:1902259),0.6563572789655431,1.1793320322952339,0.2371967654986523,1.0,1.0,4/15,16.77%,NOS1AP;KCNE3;ANK3;KCNAB1
prerank,Pseudouridine Synthesis (GO:0001522),-0.7226880672274263,-1.1785905083931612,0.2670157068062827,1.0,1.0,4/12,9.17%,PUS7L;PUS1;NHP2;NOP10
prerank,Potassium Ion Transport (GO:0006813),-0.4928429520525726,-1.178483415281691,0.1349206349206349,1.0,1.0,33/118,18.70%,KCNH1;KCNMB3;KCNJ6;KCNN1;KCNB1;KCND2;KCNA1;KCNN2;KCNQ2;KCNK10;KCNB2;KCNJ5;HCN1;KCNC2;KCNQ5;KCNK4;KCNN4;KCNV1;ATP1A2;KCNC1;KCNQ3;SLC17A7;KCNH5;KCNJ4;KCNMB1;SLC9A1;SLC9A9;KCNH3;KCNMA1;KCNK6;KCNK12;SLC9A6;ABCC8
prerank,Icosanoid Metabolic Process (GO:0006690),-0.545863719132591,-1.1783063644569693,0.19444444444444445,1.0,1.0,8/49,13.57%,GPX4;DAGLB;EPHX1;FAAH;LTC4S;ABHD12;PLA2G4C;PTGR1
prerank,Cellular Response To Gamma Radiation (GO:0071480),-0.6787349565769135,-1.178230145705081,0.24635332252836303,1.0,1.0,6/15,11.64%,TMEM109;XRCC6;MAP3K20;HRAS;ATR;XRCC5
prerank,Protein Kinase C-activating G Protein-Coupled Receptor Signaling Pathway (GO:0007205),-0.7533298049838622,-1.178161535673299,0.2824956672443674,1.0,1.0,3/10,9.39%,GAP43;PLPP1;DGKD
prerank,Signal Release (GO:0023061),-0.743525881887569,-1.1775118590260105,0.281786941580756,1.0,1.0,4/10,13.61%,PCSK5;FFAR4;WLS;KPNA4
prerank,Homologous Chromosome Pairing At Meiosis (GO:0007129),0.5617289941197741,1.1773099427531604,0.20911528150134048,1.0,1.0,7/25,12.34%,SIRT7;MEI4;BAG6;MEIOB;SYCE1;HORMAD1;STAG3
prerank,Regulation Of Amyloid Fibril Formation (GO:1905906),-0.683047248501553,-1.1765344052018527,0.25496688741721857,1.0,1.0,7/15,14.06%,PFDN6;PFDN5;CLU;CHRNA7;USP8;VBP1;APP
prerank,miRNA-mediated Gene Silencing By Inhibition Of Translation (GO:0035278),0.6446162276145183,1.1762736165952443,0.265,1.0,1.0,6/14,11.78%,TNRC6B;AGO4;AGO2;DDX6;AGO3;EIF4G1
prerank,Positive Regulation Of Response To Biotic Stimulus (GO:0002833),-0.5797455554033284,-1.175843272781056,0.215625,1.0,1.0,12/37,14.85%,RIOK3;MYO1C;LY86;GRN;AKIRIN2;POLR3F;PRKCA;TRIM56;POLR3B;CYBA;SCIMP;IFI35
prerank,Positive Regulation Of Extracellular Matrix Organization (GO:1903055),-0.6660329644518127,-1.175650640872376,0.24092409240924093,1.0,1.0,7/17,18.31%,DDR2;SMAD3;COLGALT1;PDPN;RB1;RGCC;TNXB
prerank,Regulation Of Homotypic Cell-Cell Adhesion (GO:0034110),-0.7282981987506661,-1.1747006923018553,0.2706645056726094,1.0,1.0,4/11,8.73%,ZNF703;LYN;PRKCA;PRKCQ
prerank,Positive Regulation Of Phospholipid Transport (GO:2001140),-0.7489120672639422,-1.174537596596069,0.29858657243816256,1.0,1.0,3/10,15.63%,PRELID1;ABCA7;TMEM30A
prerank,Regulation Of IRE1-mediated Unfolded Protein Response (GO:1903894),-0.7174021376646903,-1.1742697341710258,0.27882960413080893,1.0,1.0,7/13,18.09%,BCL2L11;UFL1;HSPA5;PTPN1;DDRGK1;BFAR;TMEM33
prerank,Negative Regulation Of Endothelial Cell Migration (GO:0010596),-0.58322590850212,-1.1740444406315025,0.2246153846153846,1.0,1.0,7/33,11.40%,MECP2;SVBP;NRG1;ATP2B4;ADGRB1;SP100;KRIT1
prerank,Negative Regulation Of Endothelial Cell Apoptotic Process (GO:2000352),0.5924671455566912,1.173639543777476,0.22625698324022347,1.0,1.0,6/22,12.01%,PDPK1;NFE2L2;SERPINE1;PAK4;MEN1;GAS6
prerank,Intracellular Monoatomic Cation Homeostasis (GO:0030003),-0.47406024442888023,-1.173635630344106,0.10709838107098381,1.0,1.0,48/176,16.84%,NDFIP1;CCR1;SOD1;ATP1A1;FTH1;SLC11A1;CYB561A3;ABCB7;RMDN3;ATP1B1;CD40;ATP6V1G1;ISCU;SLC22A17;ATP6V1A;SLC39A10;ATP2A2;COX11;ATP13A3;CCDC22;ATP2B4;ATP6V0D1;FTL;CALR;CHRNA7;COX19;TFR2;TPT1;CXCL12;LETMD1;ATP1A2;ANK2;NUBP1;HAMP;FBXL5;APP;SLC39A9;HTR2A;SLC8A3;PRNP;SLC8A2;HMOX1;FLVCR1;RYR2;NPTN;TFRC;TPCN2;SLC9A1
prerank,Establishment Of Vesicle Localization (GO:0051650),-0.6451305640635475,-1.1728732815490475,0.25779967159277506,1.0,1.0,10/18,17.38%,SYT11;SNAPIN;RAB11A;IKBKG;LIMK2;RAB27A;CDK5;KIF5A;KIF5C;DNM2
prerank,Regulation Of Primary Metabolic Process (GO:0080090),-0.5728910040401407,-1.172778258915146,0.21251819505094613,1.0,1.0,8/38,6.99%,ID2;EDF1;PSAP;SIRT6;PLPP1;RUBCNL;PPARD;OPA3
prerank,Intracellular Zinc Ion Homeostasis (GO:0006882),0.6228378180783315,1.1726947870114397,0.2349869451697128,1.0,1.0,7/17,20.53%,SLC39A13;SLC30A10;SLC30A7;SLC30A9;SLC30A1;SLC39A14;SLC30A5
prerank,"Negative Regulation Of Nuclear-Transcribed mRNA Catabolic Process, Deadenylation-Dependent Decay (GO:1900152)",0.6936496066508774,1.1724343378665845,0.27358490566037735,1.0,1.0,4/11,8.92%,PAIP1;SYNCRIP;HNRNPU;DHX9
prerank,Regulation Of AMPA Receptor Activity (GO:2000311),-0.61270342161977,-1.1715511497251572,0.23274478330658105,1.0,1.0,7/24,11.21%,CNIH4;CACNG3;CNIH3;CACNG8;PRRT1;CACNG2;SHISA6
prerank,Purine Ribonucleotide Catabolic Process (GO:0009154),-0.6052526750262516,-1.171465440964714,0.23127035830618892,1.0,1.0,7/25,9.64%,HINT1;NUDT3;NUDT4;NUDT19;HPRT1;PRTFDC1;SUCLG2
prerank,Ribosome Disassembly (GO:0032790),-0.7280544742401298,-1.1709189676734177,0.28471001757469244,1.0,1.0,7/11,15.34%,MTIF3;ASCC2;DENR;MTIF2;TRIP4;ASCC3;MRRF
prerank,Thymus Development (GO:0048538),-0.7311705092093371,-1.1705528318166871,0.303886925795053,1.0,1.0,2/10,3.60%,SOD1;TGFBR1
prerank,Neurotransmitter Transport (GO:0006836),-0.5425584208409764,-1.1697515150090902,0.19225251076040173,1.0,1.0,17/51,13.89%,SNPH;LIN7A;UNC13A;SYT1;SNAPIN;SYN3;SNAP25;PDZD11;GABRA2;SYN2;PTPRN2;STXBP2;NRXN1;STXBP1;SLC17A6;SLC17A7;NRXN2
prerank,Regulation Of Smooth Muscle Cell Proliferation (GO:0048660),-0.5501195963466282,-1.169298488555575,0.19854014598540146,1.0,1.0,9/49,12.16%,ID2;XRCC6;IL6R;CDH13;PPARGC1A;BMPR2;NDRG4;XRCC5;IGFBP5
prerank,Regulation Of Protein Transport (GO:0051223),-0.5969622294314508,-1.1691766788539038,0.2336,1.0,1.0,15/27,18.74%,NDFIP1;STXBP5L;SIRT6;LLGL2;DNAJA1;PPM1F;NDFIP2;NDEL1;PTPN1;DNAJC1;LCP1;SNX3;STXBP5;ATP13A2;SNX12
prerank,Organic Hydroxy Compound Transport (GO:0015850),-0.5645744520710806,-1.1691003538866922,0.18780889621087316,1.0,1.0,9/41,12.55%,SLC16A1;SLCO2B1;VAPA;OSBP;ABCC2;POLR2D;SLCO1C1;SLC27A5;ABCD3
prerank,Negative Regulation Of Neuron Differentiation (GO:0045665),-0.6206099064545357,-1.1683280166976937,0.21546052631578946,1.0,1.0,4/22,9.40%,NEPRO;CNTN4;SOX2;CALR
prerank,Negative Regulation Of Receptor Signaling Pathway Via STAT (GO:1904893),-0.7074567989857841,-1.1675813574172744,0.2690972222222222,1.0,1.0,7/13,22.26%,NF2;SOCS3;PTPRT;BCL3;PTPN2;PPARG;VHL
prerank,Heart Contraction (GO:0060047),-0.5607035696628165,-1.167522502350388,0.19696969696969696,1.0,1.0,11/39,16.32%,SOD1;SCN2B;SCN1B;ATP1B1;TPM1;SCN3B;ATP1A2;DMD;RANGRF;TTN;RYR2
prerank,Inflammatory Response (GO:0006954),-0.4653733318879439,-1.1672715131682396,0.12639405204460966,1.0,1.0,42/195,17.04%,CCR1;FPR1;SLC11A1;FOLR2;PJA2;CD14;CD40;TNFRSF1A;IKBKB;NFX1;RELB;CD44;IKBKG;CEBPB;LTB4R;LIAS;S100A9;S100A8;OLR1;TUSC2;PLA2G4C;ORC3;ITCH;RAC1;PRDX5;APOL2;IL1A;ANXA1;C5AR1;CYBA;TPST1;AGER;ADCY8;TLR5;AFAP1L2;AIF1;ADORA1;LOXL3;RELA;CX3CL1;CMKLR1;ADCY1
prerank,DNA Methylation (GO:0006306),0.6087545501972139,1.1672251986464977,0.22879177377892032,1.0,1.0,6/20,5.63%,ATRX;HELLS;EHMT2;PPM1D;EHMT1;BAZ2A
prerank,Regulation Of Vesicle-Mediated Transport (GO:0060627),-0.5092223631797997,-1.1670350452982998,0.16258992805755396,1.0,1.0,36/78,16.88%,AP2S1;BET1L;RUFY2;CPLX2;OPHN1;NELL1;CPLX1;RIMS2;RAB3A;STXBP5L;SYT1;CDH13;RAB4A;PACSIN2;RALA;RAB11A;PLD2;RIT2;CHMP3;MAP2K1;ATP9A;FES;RAB3D;USP6;SNX17;ZFYVE16;SRC;DNAJC5;RAB21;PTPN1;ABL2;RAB5B;RAB26;YIPF5;TPCN2;PACSIN1
prerank,Response To Transforming Growth Factor Beta (GO:0071559),0.5306387170243747,1.1662319734472375,0.21341463414634146,1.0,1.0,12/37,14.31%,SMAD7;WWOX;PDE3A;SMAD4;ZFP36L2;NR3C1;WNT5A;ROCK2;ROCK1;LIMS1;PDE2A;CRKL
prerank,Neuron Projection Fasciculation (GO:0106030),-0.7456415131207822,-1.1661369019555787,0.2990990990990991,1.0,1.0,8/10,20.65%,NRCAM;EPHA4;CNTN4;ARHGAP35;EPHB3;SEMA5A;RTN4;EPHB2
prerank,Positive Regulation Of T-helper 17 Type Immune Response (GO:2000318),0.6947317551053871,1.1658107233203878,0.2810126582278481,1.0,1.0,4/12,8.08%,MALT1;IL12RB1;TYK2;NFKBID
prerank,Positive Regulation Of Autophagy (GO:0010508),0.44068874085697707,1.1656495601072239,0.10756972111553785,1.0,1.0,32/97,14.59%,RNF152;SH3GLB1;PRKN;ATG13;SUPT5H;PAFAH1B2;SESN1;FOXO1;ZC3H12A;ULK1;PRKAA1;TP53INP1;WAC;EPM2A;STK11;PLEKHF1;RB1CC1;ATG101;TRIM68;ROCK1;SESN3;CCNY;TRIM13;BNIP3L;HMGB1;OPTN;TRIM65;SH3BP4;ULK2;LRRK2;MAP3K7;FOXO3
prerank,Regulation Of Defense Response To Virus By Host (GO:0050691),0.537927113261396,1.1653270781357674,0.21629213483146068,1.0,1.0,8/31,9.14%,APOBEC3G;IL12RB1;IFNLR1;ZC3H12A;MICB;DTX3L;DHX9;STAT1
prerank,Adenylate Cyclase-Modulating G Protein-Coupled Receptor Signaling Pathway (GO:0007188),-0.474592218191301,-1.1652319814184238,0.11695137976346912,1.0,1.0,18/148,8.74%,GRM8;ADCY2;FPR1;ADCY6;GNA12;GNAL;RIMS2;PSAP;PTH2R;GNAI3;GABBR2;ADGRL2;CNR1;ADGRB1;ADCY9;ADGRG2;GABBR1;GNA14
prerank,Retrograde Axonal Transport (GO:0008090),-0.6732412598289559,-1.1650467097506734,0.28052805280528054,1.0,1.0,7/15,15.84%,NEFL;SOD1;FBXW11;TMEM108;KIF5A;KIF1A;PAFAH1B1
prerank,Response To Endoplasmic Reticulum Stress (GO:0034976),-0.49239153116187034,-1.1641575391719774,0.1547945205479452,1.0,1.0,40/109,16.60%,BCAP31;JUN;ERLEC1;GORASP2;TMEM117;EIF2S1;EIF2AK3;RHBDD1;BCL2L11;PDIA4;PDIA6;DDIT3;UFL1;ERN1;SELENOS;ATP2A2;FLOT1;HSPA5;VCP;CEBPB;USP19;PPP1R15A;DNAJB12;ATF4;PDIA2;UBXN6;CASP4;TTC23L;ERP44;XBP1;CFTR;HSP90B1;TMCO1;TMEM259;SEL1L;QRICH1;DDRGK1;UFC1;ERO1A;RNF5
prerank,Positive Regulation Of T Cell Migration (GO:2000406),0.5817315644425349,1.164155441205103,0.2193877551020408,1.0,1.0,7/22,12.11%,ADAM10;TNFRSF14;DOCK8;WNK1;WNT5A;OXSR1;STK39
prerank,Negative Regulation Of Lyase Activity (GO:0051350),-0.7049506710604831,-1.163377032053521,0.2782608695652174,1.0,1.0,4/12,12.39%,PHPT1;GNAI3;GABBR2;PALM
prerank,Positive Regulation Of Regulated Secretory Pathway (GO:1903307),-0.7024664233357294,-1.1632072265136528,0.2608695652173913,1.0,1.0,8/12,13.01%,STX1A;KCNB1;RAB3A;RAB27A;RAB3D;RAB15;SYT10;SYT4
prerank,Negative Regulation Of Macrophage Derived Foam Cell Differentiation (GO:0010745),0.7204336317270436,1.1631734812870769,0.2975391498881432,1.0,1.0,4/10,5.49%,PPARA;NFKBIA;ABCG1;NR1H2
prerank,Regulation Of NMDA Receptor Activity (GO:2000310),-0.6735357306693579,-1.1631686310889207,0.2611570247933884,1.0,1.0,7/15,22.02%,OPRM1;CAPN1;DAPK1;MEF2C;RELN;EPHB2;MAPK8IP2
prerank,Positive Regulation Of Neuron Projection Development (GO:0010976),-0.5044189870680499,-1.1628023391126507,0.18157543391188252,1.0,1.0,36/90,18.99%,STMN2;TUBB2B;PRKCI;SCN1B;AVIL;ZNF804A;PTK7;NTRK3;RIT2;DHX36;DDR2;TENM3;LYN;S100A9;NDRG4;FES;SERPINI1;ITGA6;VLDLR;PLPPR5;RAPGEF2;CAPRIN1;ARHGAP35;CUX2;ROR2;PLXNB2;NPTN;CX3CL1;PACSIN1;RAPGEF1;SNX3;ROR1;RETREG3;NTRK2;STYXL1;LRRC7
prerank,Positive Regulation Of Organelle Assembly (GO:1902117),0.4771606849871511,1.160944594528311,0.17363344051446947,1.0,1.0,28/57,15.96%,SH3GLB1;CNOT2;BBS4;SDC4;ENTR1;CCDC88A;RAB3GAP1;SASS6;CEP120;SNX7;CAPG;TAPT1;PIP4K2A;G3BP1;PPP1R35;CNOT6;PIP4K2B;PDCD6IP;FSCN1;WDR45;LRSAM1;SDCBP;IFT88;RALB;GPSM2;WIPI1;CCP110;MARK4
prerank,Hepaticobiliary System Development (GO:0061008),0.5986469812137907,1.1607184467190506,0.24812030075187969,1.0,1.0,6/19,10.23%,NIPBL;NF1;COBL;PROX1;CEBPG;TGFBR3
prerank,Neuron Migration (GO:0001764),-0.538562477106338,-1.1606217270105625,0.19855072463768117,1.0,1.0,14/52,5.39%,CCK;TUBB2B;NELL1;KIAA0319;MARK1;NRCAM;POMGNT2;GPM6A;ELP3;ASTN1;MAP1B;DCC;PEX13;SEMA3E
prerank,Regulation Of Cartilage Development (GO:0061035),0.6211519713166158,1.1598731500750636,0.25787965616045844,1.0,1.0,4/17,10.28%,ZBTB16;KAT2A;TAPT1;SCX
prerank,Membrane Depolarization During Action Potential (GO:0086010),-0.696771389066242,-1.1596128108192465,0.28807947019867547,1.0,1.0,4/13,11.29%,SCN2B;SCN1B;SCN3B;YWHAH
prerank,Double-Strand Break Repair Via Homologous Recombination (GO:0000724),0.4426594109146192,1.1594882270261626,0.11913357400722022,1.0,1.0,36/103,14.97%,ATRX;SMC5;NIPBL;MMS22L;NABP2;RAD51B;RECQL;HELQ;MCM3;SFR1;MORF4L1;REV3L;MCM9;XRCC2;KDM4D;TONSL;RFWD3;BLM;SPIDR;RECQL4;SFPQ;EPC1;FBH1;MEIOB;MCM5;MRE11;FSCN1;SWSAP1;BRCA2;MCM6;NSMCE1;FANCB;MCM7;RMI1;SMC6;RNF169
prerank,Detection Of Calcium Ion (GO:0005513),-0.719116383402787,-1.1594332494701667,0.28061224489795916,1.0,1.0,3/12,5.51%,KCNMB3;SYT1;CALM3
prerank,Regulation Of Nitric-Oxide Synthase Activity (GO:0050999),0.5645728715221446,1.158710619277293,0.21739130434782608,1.0,1.0,7/26,15.91%,SCARB1;EGFR;DHFR;NOS1AP;ZDHHC21;TERF2;NOSIP
prerank,Negative Regulation Of Supramolecular Fiber Organization (GO:1902904),0.46433403359275244,1.1580480078746453,0.140625,1.0,1.0,24/68,12.22%,PRKN;ARFGEF1;DYRK1A;CHADL;CAMSAP2;HDGFL3;ARHGEF2;SMAD4;NAV3;SSH2;TWF1;PIK3CA;TTBK2;PFDN4;SNCA;KATNB1;PRKCD;TAOK1;ATXN7;KANK4;MID1IP1;CKAP2;KANK1;SHANK3
prerank,Regulation Of DNA Repair (GO:0006282),0.4367694339599221,1.1576942441917335,0.09574468085106383,1.0,1.0,43/123,9.92%,DEPDC1B;EGFR;ARID1B;WRAP53;ACTR8;ARID2;SMARCB1;TAF4;SIRT7;KAT2B;TRIM28;KAT7;SMCHD1;DPF2;KAT2A;TRIP12;SGF29;UBR5;BCL7B;TAF5;SMARCA2;TFPT;YEATS4;BCL7C;ING3;BARD1;TIGAR;MORF4L1;TAF12;ACTL6A;SMARCC2;TMEM98;RUVBL2;PML;SUPT3H;TAF7;TAF6;DEK;EPC1;DHX9;CEBPG;NFRKB;ATXN7
prerank,Regulation Of Heart Contraction (GO:0008016),-0.5228309274156919,-1.157639215113757,0.18513323983169705,1.0,1.0,22/66,17.95%,ATP2B2;ATP2B3;SCN1B;TRPC1;SRI;ASB3;CALM3;ATP2A2;PDE4D;TPM1;CALM1;ATP2B4;ATP2B1;CORIN;ATP1A2;ANK2;SLC8A3;P2RX4;SLC8A2;RYR2;CACNA1C;GSK3A
prerank,Chromatin Organization (GO:0006325),0.4041246392906793,1.1573510335554684,0.046632124352331605,1.0,1.0,78/231,13.64%,ATRX;ARID1B;ACTR8;ARID2;PER1;SMARCB1;GATAD2B;CHD6;SMARCAD1;EZH1;RYBP;KAT2B;TRIM28;KAT7;PSIP1;CHAF1A;DPF2;EZH2;EHMT1;HDGFL3;NASP;BAZ2B;KAT2A;MBD2;BCL7B;ASF1B;CABIN1;CHD1;SMARCA2;TFPT;YEATS4;BCL7C;HNRNPU;NAP1L1;BAZ2A;WAC;BPTF;ZBTB1;GRWD1;KDM4D;KDM2B;ACTL6A;CBX3;KDM6A;PIH1D1;SMARCC2;SAFB;RUVBL2;ZNF274;DEK;REST;HDAC1;BAZ1A;SFPQ;PWWP2B;RING1;NFRKB;CECR2;ZBTB7A;HDGF;ERCC6;SETD7;HNRNPC;SUDS3;BAZ1B;HMGB2;KDM5C;TADA2B;SF3B1;KDM5B;INO80D;PADI2;RBBP7;BCOR;KDM6B;KAT6B;YEATS2;CTCF
prerank,Positive Regulation Of Myoblast Differentiation (GO:0045663),0.5278851679844527,1.1569400435042658,0.206266318537859,1.0,1.0,9/35,6.93%,MAPK14;XKR8;ARID1B;ARID2;SMARCB1;SMARCA2;HIF1AN;ACTL6A;SMARCC2
prerank,Triglyceride Biosynthetic Process (GO:0019432),0.6198164725380377,1.1568924842677153,0.27228915662650605,1.0,1.0,6/17,18.95%,GPAM;GPAT4;LPGAT1;LPIN3;DGAT1;PCK2
prerank,Positive Regulation Of Focal Adhesion Assembly (GO:0051894),-0.6492809137506844,-1.1568505597534235,0.26163723916532905,1.0,1.0,7/18,17.49%,NELL1;THY1;NRG1;PPM1F;RAC1;TSC1;SFRP1
prerank,Negative Regulation Of Protein Modification Process (GO:0031400),-0.5102447919955042,-1.1565182262414362,0.18376068376068377,1.0,1.0,20/75,12.42%,BEX4;CDKN1A;PARK7;SIRPA;PAQR3;NTRK3;SH3GL2;LRP6;PPP1R15A;LYN;ATP2B4;PPP1R8;ZBED3;CIB1;ENSA;PRKAA2;SNTA1;PLPP3;IBTK;DMD
prerank,Oligosaccharide-Lipid Intermediate Biosynthetic Process (GO:0006490),-0.6979235567215416,-1.156433955960897,0.2991304347826087,1.0,1.0,3/12,3.19%,DPAGT1;ALG14;SRD5A3
prerank,Neutrophil Activation (GO:0042119),0.6408402454927787,1.156277162342776,0.2764423076923077,1.0,1.0,4/15,9.09%,PREX1;DNASE1;LILRA2;PRKCD
prerank,Positive Regulation Of Regulatory T Cell Differentiation (GO:0045591),-0.669571728720206,-1.1562489085063878,0.2722602739726027,1.0,1.0,9/16,19.28%,IL4I1;LILRB2;KAT5;CR1;HLA-DRB1;HLA-DRA;VSIR;BCL6;DUSP10
prerank,Regulation Of T Cell Chemotaxis (GO:0010819),0.6996185513128803,1.155868490661127,0.3058823529411765,1.0,1.0,4/11,12.11%,WNK1;WNT5A;OXSR1;STK39
prerank,Calcium-Independent Cell-Cell Adhesion Via Plasma Membrane Cell-Adhesion Molecules (GO:0016338),0.6381980457170132,1.1558564535334075,0.2647058823529412,1.0,1.0,3/14,16.14%,CLDN9;CLDN15;CLDN20
prerank,Regulation Of Potassium Ion Transmembrane Transport (GO:1901379),-0.5731884914341117,-1.1557806903457029,0.2353823088455772,1.0,1.0,15/33,18.64%,KCNAB2;DPP10;KCNN2;KCNIP3;DPP6;KCNIP4;FHL1;KCNN4;BIN1;YWHAE;CAB39;CD63;FLNA;AMIGO1;GNB2
prerank,Response To Steroid Hormone (GO:0048545),-0.5892322437868645,-1.1553118176387724,0.25,1.0,1.0,5/28,6.60%,UBE3A;ATP1A1;PAQR7;ABHD2;UBE2L3
prerank,Positive Regulation Of Stress Fiber Assembly (GO:0051496),-0.5430152490185677,-1.154843695911369,0.21068249258160238,1.0,1.0,19/42,18.69%,NELL1;NF2;CARMIL1;TGFBR1;TPM1;ITGB1BP1;SORBS3;PAK1;PPM1E;PPM1F;RAC1;FHOD1;LIMK1;EVL;PXN;RGCC;SFRP1;GPR65;SERPINF2
prerank,Neural Tube Closure (GO:0001843),-0.5812661687480879,-1.152709677035026,0.26456692913385826,1.0,1.0,7/32,8.15%,SKI;IFT122;MTHFR;DEAF1;DYNLL1;MTHFD1L;PRICKLE1
prerank,Embryonic Limb Morphogenesis (GO:0030326),0.5425021796295545,1.1526988829069622,0.21983914209115282,1.0,1.0,9/32,9.89%,CREBBP;NIPBL;CTNNB1;MBNL1;FBXW4;MYH3;TGFB2;HDAC1;OXSR1
prerank,Innate Immune Response In Mucosa (GO:0002227),-0.743812279919919,-1.1520195429305822,0.3217391304347826,1.0,1.0,1/10,5.45%,FAU
prerank,Positive Regulation Of Supramolecular Fiber Organization (GO:1902905),-0.4994175395760468,-1.1515634449907,0.18688981868898186,1.0,1.0,32/90,18.31%,STMN2;BAIAP2L1;PLEK;SYNPO;CARMIL1;TENM1;PAK1;BAIAP2;CLU;DRG1;NCKAP1;CLIP1;FES;COLGALT1;BIN1;MTSS1;USP8;RAC1;SYNPO2;APP;LIMK1;EVL;VASP;RPS3;NCK2;RB1;HCK;CX3CL1;CTTN;MAPT;CFL2;TNXB
prerank,Positive Regulation Of Osteoblast Differentiation (GO:0045669),-0.5485139040469986,-1.151182097671627,0.2362555720653789,1.0,1.0,13/41,14.80%,NELL1;IL6R;HGF;DDR2;FFAR4;ACVR2A;BMPR2;ATRAID;PPP3CA;LRP3;BMPR1A;CTNNBIP1;BMPR1B
prerank,Cotranslational Protein Targeting To Membrane (GO:0006613),-0.6914975293520039,-1.1511581626608733,0.3071786310517529,1.0,1.0,9/13,18.29%,SEC62;SRP14;SEC63;TRAM1;SIL1;SSR1;SSR2;SRP9;SRP19
prerank,Macrophage Activation Involved In Immune Response (GO:0002281),-0.7299459563387949,-1.1497299559772283,0.3277027027027027,1.0,1.0,5/10,16.02%,MYO1C;GRN;IFI35;SBNO2;TYROBP
prerank,Regulation Of T Cell Proliferation (GO:0042129),-0.5148805105789326,-1.1493299726834914,0.20461095100864554,1.0,1.0,21/65,20.89%,SLC7A1;IL4I1;LILRB2;TNFRSF1B;CEBPB;MYDGF;TNFRSF21;CD276;CR1;ANXA1;HLA-DRB1;VSIG4;GPNMB;TNFSF8;NCK2;TFRC;DLG5;PDCD1LG2;HLA-DPA1;GLMN;ZP3
prerank,Monocarboxylic Acid Metabolic Process (GO:0032787),-0.49937194558261666,-1.1487706447695842,0.206993006993007,1.0,1.0,31/88,19.53%,LDHA;KRT17;GAMT;ACOT2;PANK2;LDHB;ACSL3;AASDHPPT;MCCC1;ALKBH7;ME2;CPT1C;HSD17B10;BTD;THEM4;FASN;GRHPR;SLC27A4;ME3;ACAA1;HACL1;CPT1A;HLCS;LCP1;ACSF3;DSE;PNPLA8;PER2;GBA2;VDAC1;MECR
prerank,RNA-mediated Gene Silencing (GO:0031047),0.5547988395035226,1.1487191081729125,0.22955145118733508,1.0,1.0,6/28,3.85%,TNRC6B;MOV10;CELF1;HELZ;AGO4;AGO2
prerank,Positive Regulation Of Endothelial Cell Chemotaxis (GO:2001028),-0.6706679042802739,-1.14850127747103,0.2932454695222405,1.0,1.0,6/14,19.68%,LGMN;TMSB4X;P2RX4;PRKD2;HSPB1;SEMA5A
prerank,Response To Chemokine (GO:1990868),0.6633289053090485,1.148416709088492,0.2743142144638404,1.0,1.0,9/13,15.88%,ZC3H12A;DOCK8;WNK1;LRCH1;OXSR1;STK39;SLC12A2;DUSP1;SH2B3
prerank,Regulation Of Cardiac Muscle Cell Proliferation (GO:0060043),-0.6290364673894457,-1.1483872177994447,0.2733224222585925,1.0,1.0,8/20,19.49%,TGFBR1;RBPJ;POLR2D;VGLL4;BMPR1A;PIM1;ZFPM2;MEF2C
prerank,Negative Regulation Of T Cell Receptor Signaling Pathway (GO:0050860),-0.6671787656113428,-1.14786715752881,0.27319587628865977,1.0,1.0,3/16,1.62%,PHPT1;THY1;LAPTM5
prerank,Regulation Of Dephosphorylation (GO:0035303),-0.6928996238813201,-1.1474919012261593,0.2991596638655462,1.0,1.0,7/14,14.25%,MTMR1;SMG6;MTMR4;MTMR9;IGBP1;SRC;SMG5
prerank,Protein Polyubiquitination (GO:0000209),0.4023360762166949,1.1473312172736299,0.047337278106508875,1.0,1.0,44/210,9.94%,RNF152;ANAPC2;UBE2D2;RNF146;RNF185;FZR1;PRKN;TRAF4;RNF125;RFFL;RNF217;CTNNB1;TNKS2;KLHL20;UBE2H;NEDD4L;ANAPC10;KBTBD7;UBE3D;RMND5A;TRIP12;UBR5;MYCBP2;RNF166;MKRN1;UBE2G1;BCL2;TRAF1;BARD1;PELI3;FBXO9;UBE4B;TAF1;TOPORS;DCAF15;DTX3L;PELI2;THOP1;MDM2;UBE2L6;PPIL2;UBE2R2;CDC23;TRIM68
prerank,Axonal Transport Of Mitochondrion (GO:0019896),-0.6955898797704102,-1.1470836235637463,0.2891566265060241,1.0,1.0,2/12,3.31%,NEFL;SYBU
prerank,Regulation Of Protein Kinase C Signaling (GO:0090036),-0.6467389901013254,-1.1470612587862872,0.2817391304347826,1.0,1.0,5/16,11.48%,ULK4;CD40;SPHK2;DGKD;SEZ6L2
prerank,Negative Regulation Of T Cell Activation (GO:0050868),-0.5466699034656147,-1.146833756623638,0.2169811320754717,1.0,1.0,12/40,14.57%,LAPTM5;IL4I1;LILRB2;CEBPB;PAG1;TNFRSF21;CR1;HLA-DRB1;VSIG4;GPNMB;ILDR2;RIPOR2
prerank,Positive Regulation Of Type II Interferon Production (GO:0032729),-0.5299198837556046,-1.1464981147930704,0.23493975903614459,1.0,1.0,12/53,13.06%,SLC11A1;CD14;TLR7;SLC7A5;TRIM27;EBI3;TXK;PDE4D;MYDGF;CD276;ISG15;RASGRP1
prerank,Regulation Of Protein Processing (GO:0070613),-0.628405881272192,-1.1463054811640139,0.28213689482470783,1.0,1.0,5/20,18.84%,RHBDD1;SERPINE2;PRNP;SNX12;PLAUR
prerank,Cellular Response To Estradiol Stimulus (GO:0071392),0.619175431238845,1.1454110714986194,0.2589928057553957,1.0,1.0,6/17,7.34%,EGFR;NCOA3;LCOR;NRIP1;FAM210B;RUVBL2
prerank,Negative Regulation Of Mononuclear Cell Migration (GO:0071676),-0.7129112729307826,-1.1443817850891194,0.31993299832495814,1.0,1.0,3/10,10.12%,NBL1;PLCB1;WASL
prerank,Antigen Processing And Presentation Of Peptide Antigen Via MHC Class II (GO:0002495),-0.6168900135396539,-1.144007376443391,0.27416798732171155,1.0,1.0,10/22,20.01%,CTSL;CTSS;LGMN;FCER1G;HLA-DRB5;HLA-DRB1;HLA-DRA;DNM2;HLA-DQA1;HLA-DPA1
prerank,Antigen Processing And Presentation Of Exogenous Peptide Antigen Via MHC Class II (GO:0019886),-0.6168900135396539,-1.144007376443391,0.27416798732171155,1.0,1.0,10/22,20.01%,CTSL;CTSS;LGMN;FCER1G;HLA-DRB5;HLA-DRB1;HLA-DRA;DNM2;HLA-DQA1;HLA-DPA1
prerank,"Protein Localization To Chromosome, Telomeric Region (GO:0070198)",0.6318673395342789,1.143711893168013,0.26894865525672373,1.0,1.0,6/15,11.56%,ATRX;TNKS2;NABP2;POT1;PINX1;BRCA2
prerank,Regulation Of Heterotypic Cell-Cell Adhesion (GO:0034114),-0.6195635201008903,-1.143556797357812,0.2903752039151713,1.0,1.0,4/20,5.84%,THY1;FLOT2;CD44;FLOT1
prerank,Erythrocyte Differentiation (GO:0030218),-0.539266337547571,-1.1435558122179323,0.24300441826215022,1.0,1.0,13/47,16.27%,ID2;SLC25A5;ACIN1;UFL1;LYN;LYAR;ATP5IF1;RPS14;ALAS1;IKZF1;SLC1A5;DMTN;FLVCR1
prerank,Regulation Of Neuron Projection Arborization (GO:0150011),0.6471667279927587,1.143454801658969,0.3126491646778043,1.0,1.0,6/14,9.22%,MOV10;NTNG2;MACF1;NCOA2;DVL1;WNT5A
prerank,Regulation Of Exocytosis (GO:0017157),-0.5448272118311607,-1.1430118426081834,0.24107142857142858,1.0,1.0,19/46,13.01%,CPLX2;CPLX1;CADPS2;RIMS2;RAB3A;STXBP5L;CADPS;SYT1;WDR41;RALA;RAB27B;CHMP3;RAB5A;RAB27A;SMCR8;EXPH5;RAB3D;CFTR;RAB21
prerank,Regulation Of Notch Signaling Pathway (GO:0008593),-0.5150228986176005,-1.1428444154096937,0.21449704142011836,1.0,1.0,14/62,12.66%,YJEFN3;YTHDF2;PRKCI;PRAG1;FBXW7;METTL3;NEPRO;ITGB1BP1;LLGL2;SREBF2;CCNC;TM2D3;EGFL7;SRC
prerank,Transcription By RNA Polymerase III (GO:0006383),-0.5874567277633356,-1.1423060302647567,0.2670807453416149,1.0,1.0,13/27,16.77%,POLR2L;SNAPC5;TBP;ZC3H8;GTF3C2;POLR3H;POLR2K;POLR3GL;GTF3C5;GTF3C1;ELL;GTF3C4;GTF3C6
prerank,Regulation Of Protein K63-linked Ubiquitination (GO:1900044),-0.7321266764295683,-1.142015497879659,0.34904013961605584,1.0,1.0,4/10,13.55%,DDX3X;UBE2N;UBE2V2;PLAA
prerank,Bone Morphogenesis (GO:0060349),-0.7073139990431246,-1.1420054859236433,0.30185497470489037,1.0,1.0,3/11,14.80%,SKI;BMPR2;BMPR1B
prerank,Glycerophospholipid Biosynthetic Process (GO:0046474),-0.488759161243549,-1.1417397838858125,0.19613259668508287,1.0,1.0,24/106,11.91%,LCLAT1;SLC44A5;PMPCA;PI4K2A;AGPAT2;MTMR1;ETNK1;PCYT1A;SELENOI;PLD2;DGKB;PIP5K1A;MTMR4;PIP5K1C;PIK3C2A;PTDSS1;ACP6;LPCAT3;DGKD;PLA2G4C;SACM1L;PTDSS2;GPAT3;PITPNM2
prerank,Negative Regulation Of TORC1 Signaling (GO:1904262),0.570667529560234,1.1416881949159663,0.2602739726027397,1.0,1.0,5/23,2.92%,RNF152;DEPTOR;CASTOR2;SESN1;CASTOR1
prerank,Synaptonemal Complex Assembly (GO:0007130),0.6848969117737814,1.1407535719408102,0.3195121951219512,1.0,1.0,3/11,12.34%,SYCE1;HORMAD1;STAG3
prerank,Synaptonemal Complex Organization (GO:0070193),0.6848969117737814,1.1407535719408102,0.3195121951219512,1.0,1.0,3/11,12.34%,SYCE1;HORMAD1;STAG3
prerank,Amino Acid Transmembrane Transport (GO:0003333),-0.5521371822512569,-1.1406284888799623,0.24580152671755726,1.0,1.0,5/41,3.16%,SFXN2;SLC38A7;SLC7A1;SLC7A6;SLC7A5
prerank,Lysosome Localization (GO:0032418),-0.5575983867631105,-1.1406083209805484,0.2523364485981308,1.0,1.0,15/37,18.69%,PIP4P1;RAB3A;RNF167;SNAPIN;CHGA;FAM98A;S100A13;NDEL1;MAP6;BORCS6;LAMTOR1;PLEKHM2;KXD1;MYH9;KLC2
prerank,Phagosome-Lysosome Fusion (GO:0090385),-0.7305455959629068,-1.1405999129153523,0.3269230769230769,1.0,1.0,3/10,5.51%,RAB39A;RAB20;RAB7A
prerank,Epidermis Development (GO:0008544),-0.5185755168898109,-1.1405988488474157,0.21104815864022664,1.0,1.0,10/66,17.61%,FLOT2;ATP2A2;ASIC2;OVOL2;KDM5A;PPP3CA;HLA-DRB1;STS;HDAC2;ALDH3A2
prerank,Kidney Development (GO:0001822),0.4619395493740305,1.140269555259286,0.18497109826589594,1.0,1.0,12/64,12.69%,ZBTB16;HELLS;NIPBL;NF1;TGFB2;WFS1;BAG6;PROX1;OXSR1;SULF1;LRP4;CEP290
prerank,Axonal Fasciculation (GO:0007413),-0.6897747184320526,-1.1401793953303954,0.31217838765008576,1.0,1.0,9/12,22.07%,NRCAM;EPHA4;CNTN4;ARHGAP35;EPHB3;SEMA5A;RTN4;EPHB2;EPHA3
prerank,Heterochromatin Formation (GO:0031507),0.5403350877054099,1.13963803674646,0.25217391304347825,1.0,1.0,11/28,6.74%,KMT2D;CTBP1;EZH1;PPM1D;UHRF1;EZH2;TRIP12;UBR5;LMNB1;BAZ2A;CBX3
prerank,Positive Regulation Of Peptidyl-Serine Phosphorylation (GO:0033138),-0.5049253118678179,-1.1395471625229918,0.22777777777777777,1.0,1.0,21/71,18.21%,PARK7;TXN;DOCK7;BRAF;NTRK3;TENM1;CD44;PAK1;ATP2B4;HSP90AA1;ARAF;HSP90AB1;HAX1;APP;SH2D3C;STK4;LATS1;PRKD2;TFRC;CNOT9;AXIN1
prerank,Positive Regulation Of T Cell Chemotaxis (GO:0010820),0.6996231326025297,1.139288373007728,0.31542056074766356,1.0,1.0,4/10,12.11%,WNK1;WNT5A;OXSR1;STK39
prerank,Regulation Of Neuron Projection Development (GO:0010975),-0.46161915704941486,-1.1391212648092712,0.16189290161892902,1.0,1.0,69/171,19.23%,ABI3;STMN2;PRKCI;ULK4;ADCY6;PRAG1;SCN1B;RAB29;PTPRO;AVIL;MARK1;ZNF804A;PAQR3;PTK7;EPHA4;CFL1;NTRK3;PAK3;DCC;RIT2;ARHGAP44;DDR2;TENM3;PAK1;TNR;LYN;PTPRS;S100A9;NDRG4;CHN1;CSMD3;FES;CIB1;NTNG1;SERPINI1;CAMK2G;ITGA6;PLPPR5;NCS1;RAPGEF2;ARHGAP35;CDK5;RTN4RL1;CDH2;NDEL1;STX1B;ROR2;PLXNB2;FBXO7;KIF1A;ABL2;YTHDF1;NPTN;PPFIA2;CX3CL1;RAPGEF1;HDAC2;SNX3;CTNNA2;ROR1;GSK3A;RETREG3;NTRK2;EPHB3;BRSK1;STYXL1;LRRC7;BRSK2;SIPA1L1
prerank,Establishment Of Spindle Localization (GO:0051293),-0.6700250695547468,-1.1387124111654785,0.314878892733564,1.0,1.0,3/14,9.01%,OOEP;LLGL2;ZBED3
prerank,Acylglycerol Metabolic Process (GO:0006639),-0.5681916865895694,-1.138196859319458,0.239880059970015,1.0,1.0,13/34,21.80%,ABHD2;DGKB;DGKD;SEL1L;DGKI;DGKA;LCP1;PNPLA2;DGKE;LMF1;APOBR;LYPLA2;ABHD6
prerank,Autophagy Of Mitochondrion (GO:0000422),0.49381333315489584,1.138136687670941,0.2191358024691358,1.0,1.0,12/46,8.76%,FBXL4;PRKN;ATG13;USP30;LRBA;FUNDC1;ATG12;SNX7;CTSK;GABARAP;WIPI2;RB1CC1
prerank,Sulfur Amino Acid Metabolic Process (GO:0000096),0.6116323787663893,1.138073421953922,0.25440806045340053,1.0,1.0,4/16,5.43%,TST;CDO1;MTR;GCLC
prerank,Negative Regulation Of Epithelial Cell Migration (GO:0010633),-0.584331383332103,-1.1377744454948675,0.2747603833865815,1.0,1.0,7/29,15.35%,MCC;SVBP;ADGRB1;SP100;PTPRR;KRIT1;EVL
prerank,mRNA Destabilization (GO:0061157),0.5042715739951021,1.137710294462495,0.21818181818181817,1.0,1.0,17/43,11.22%,DCPS;MOV10;CELF1;FXR1;ZC3H12A;MEX3D;AGO4;AGO2;GIGYF2;TUT7;ZFP36L2;KHSRP;TUT4;CPEB3;ROCK2;ROCK1;AGO3
prerank,Metaphase Plate Congression (GO:0051310),-0.539307060517455,-1.1377102450385352,0.22451994091580502,1.0,1.0,10/48,9.43%,EML4;MAP1S;NUDC;BOD1;CHMP2A;RAB11A;CHMP3;DCTN2;CHMP7;SEH1L
prerank,Positive Regulation Of Type I Interferon Production (GO:0032481),-0.5208951382850501,-1.1376657499171317,0.2238372093023256,1.0,1.0,15/58,10.47%,RIOK3;IRF1;GAPDH;CD14;TLR7;TOMM70;TICAM1;DHX36;FLOT1;POLR3F;TRIM56;DDX3X;POLR3A;POLR3B;HSP90AA1
prerank,Positive Regulation Of Intracellular Signal Transduction (GO:1902533),-0.4301836889461624,-1.137563613787019,0.09357997823721437,1.0,1.0,162/492,19.68%,NDFIP1;BCAP31;SOD1;GAPDH;PARK7;HEXIM1;LAPTM5;DOK3;BIRC2;TMED4;TXN;KIAA0319;FRMD6;NEUROD2;MYO1C;TLR7;ITGB1;GOLT1B;TMEM9B;LAMTOR4;TGFBR1;RPS20;VAPA;CD40;NTRK3;EIF2AK2;TNFRSF1A;IKBKB;CDH13;TNFRSF25;TICAM1;TFG;DDIT3;RPL37;HGF;RIT2;SEMA3E;LAMTOR5;DHX36;DDX21;DDR2;ARRDC3;ITGB1BP1;FFAR4;IKBKG;IFIT5;FIS1;MYDGF;SHISA5;CCDC22;S100B;MUL1;KSR1;LYN;SEC13;BMPR2;S100A9;S100A8;WLS;TRIM56;LAMTOR3;DDX3X;LGALS1;SMCR8;MTDH;UBE2N;HRAS;SPHK2;LURAP1;SOX2;DDX1;BID;SEH1L;IQCJ-SCHIP1;WWC1;CNTN1;CHRNA7;ALPK1;BST2;GSDME;HSP90AA1;MIOS;HCST;TMEM101;RUNDC3A;HSP90AB1;TAOK2;PDGFD;PTPN6;RAPGEF2;CPNE1;S100A13;APOL2;DNM1L;CARD16;FN1;SRC;CC2D1A;PIK3AP1;DOK6;CXXC5;NDFIP2;HLA-DRB1;PLCE1;HAX1;SLC35B2;PIK3R5;RBPMS;AGER;BMPR1A;C1QBP;PRKCB;ROR2;JMJD8;APP;TNIP2;NFAT5;IFI35;ADGRV1;RPS3;NCF1;MAZ;P2RX4;NR3C2;LAMTOR1;BECN1;TRIM38;HMOX1;MLST8;RELA;PRKD2;RRAGD;CX3CL1;TRADD;TFRC;OSBPL8;CLEC7A;ROR1;TRIM25;CD74;SIRT1;GPR89A;BCLAF1;LAMTOR2;PPIA;TMEM106A;FLNA;PPM1A;GPR37L1;NTRK2;CD81;STYXL1;NLRP3;TRAF7;LGALS9;RPS15;DLG5;ZNF622;PTP4A3;FADD;PINK1;SEMA5A
prerank,Regulation Of Cytosolic Calcium Ion Concentration (GO:0051480),-0.5507523612322557,-1.137415244886872,0.22356495468277945,1.0,1.0,7/39,8.13%,ATP2B2;ATP2B3;TRPC5;TRPC1;ATP2B4;ATP2B1;TRPM2
prerank,Plasma Membrane Organization (GO:0007009),-0.5081757901746226,-1.1373793607997782,0.23242467718794835,1.0,1.0,18/70,12.67%,RAB3A;SYT11;COL5A1;CHMP2A;PACSIN2;FLOT1;CHMP3;CHMP7;ARV1;BIN3;ABCA7;BIN1;COLEC12;CR1;BIN2;FNBP1L;ANK2;SERP1
prerank,Regulation Of Protein Polymerization (GO:0032271),0.5278330067934013,1.137284620299194,0.28530259365994237,1.0,1.0,10/33,11.49%,CAMSAP1;MEGF9;CAMSAP2;PLEKHG2;MAPRE3;CAMSAP3;HCLS1;RASA1;FCHSD1;TPPP
prerank,Positive Regulation Of Lipid Kinase Activity (GO:0090218),0.5472852655527841,1.1371438911173979,0.23055555555555557,1.0,1.0,10/28,21.47%,FGFR3;PDGFB;EEF1A2;DGKZ;PRKD1;TEK;ATG14;P2RY12;FGR;PTK2
prerank,Dolichol-Linked Oligosaccharide Biosynthetic Process (GO:0006488),-0.6636784829531508,-1.1370246048249926,0.31703204047217537,1.0,1.0,3/14,3.19%,DPAGT1;ALG14;SRD5A3
prerank,L-amino Acid Transport (GO:0015807),-0.5982355294064212,-1.1365494330834953,0.2911392405063291,1.0,1.0,4/26,5.25%,SLC3A2;SLC7A1;SLC7A5;SLC6A17
prerank,Chondroitin Sulfate Proteoglycan Biosynthetic Process (GO:0050650),-0.6176145040161928,-1.1358801834049501,0.2668918918918919,1.0,1.0,11/19,18.11%,CHSY1;CHST15;CHST11;XYLT1;CSGALNACT2;UGDH;B3GAT3;PXYLP1;CHST12;CHSY3;CHST9
prerank,Positive Regulation Of Transcription From RNA Polymerase II Promoter Involved In Cellular Response To Chemical Stimulus (GO:1901522),0.6548559336574019,1.1356338136262185,0.29850746268656714,1.0,1.0,5/13,7.42%,CREB3;SMAD5;NFE2L2;SMAD4;RUNX2
prerank,Regulation Of Sodium Ion Transmembrane Transport (GO:1902305),-0.5925961578126887,-1.1353835135607204,0.26134585289514867,1.0,1.0,10/26,13.69%,COMMD1;SCN2B;FXYD7;SCN1B;FXYD5;SCN3B;FGF12;SNTA1;YWHAH;RANGRF
prerank,Negative Regulation Of Cell-Substrate Adhesion (GO:0010812),-0.5537980285651346,-1.1352847505494303,0.24405705229793978,1.0,1.0,8/37,8.31%,PTPRO;NF2;EFNA5;SEMA3E;ITGB1BP1;AJAP1;CASK;CDKN2A
prerank,Eosinophil Migration (GO:0072677),0.6314356270165393,1.1350346048408058,0.2822966507177033,1.0,1.0,2/15,10.99%,MEN1;LGALS3
prerank,Eosinophil Chemotaxis (GO:0048245),0.6314356270165393,1.1350346048408058,0.2822966507177033,1.0,1.0,2/15,10.99%,MEN1;LGALS3
prerank,Inorganic Cation Import Across Plasma Membrane (GO:0098659),-0.48654877827355547,-1.1342230518779146,0.20987654320987653,1.0,1.0,25/98,19.32%,KCNJ6;SCN2A;SLC12A5;ATP1A1;ATP1B1;CACNA1B;KCNJ9;SLC6A1;KCNJ5;CACNA1E;CACNA1I;ATP2B4;CLU;SCN1A;SCN8A;ATP1A2;SLC8A3;KCNJ4;SLC8A2;SLC9A1;SLC9A9;CACNA1C;SLC9A6;SLC9A3;SLC39A6
prerank,"DNA Damage Response, Signal Transduction By P53 Class Mediator (GO:0030330)",0.5229421968126635,1.1341254940799657,0.2619718309859155,1.0,1.0,12/34,8.98%,ATRX;CASP2;PIDD1;MDM4;GTSE1;ATM;MYO6;TFAP4;NDRG1;PML;CRADD;MDM2
prerank,Negative Regulation Of Developmental Process (GO:0051093),0.43141529401845335,1.1340412084241582,0.1455223880597015,1.0,1.0,32/103,15.22%,KLF7;PRKN;RAPGEF3;BRMS1;BCL7B;ARID4A;SMARCA2;BCL7C;SAP30;ARID4B;SFMBT1;ACTL6A;ING1;BRMS1L;HDAC1;ING2;FGFR3;ROCK2;ROCK1;SINHCAF;SUDS3;VASH1;GAS6;KANK1;CDK6;SAP30L;HUWE1;RBBP7;OGT;SMARCC1;NFIB;PHF14
prerank,pre-mRNA Cleavage Required For Polyadenylation (GO:0098789),0.6940181137437884,1.13388598990565,0.3458823529411765,1.0,1.0,5/10,11.93%,CSTF2;CPSF7;CPSF6;NCBP2;CPSF2
prerank,Regulation Of Bone Mineralization (GO:0030500),-0.5216387497970927,-1.133800576417275,0.2195845697329377,1.0,1.0,15/56,16.19%,CCR1;NELL1;RXRB;DDR2;ACVR2A;BMPR2;ATP2B1;NBR1;ATRAID;ISG15;TXLNG;BMPR1A;BMPR1B;ADGRV1;RXRA
prerank,Axon Development (GO:0061564),-0.49084916264477485,-1.1336375041314408,0.2143864598025388,1.0,1.0,30/90,12.96%,CCK;AFG3L2;MAP1S;GAP43;NEUROD2;RAB3A;PLPPR4;SVBP;NRCAM;DOCK7;PAK3;L1CAM;NMNAT2;MAP1B;DCC;ATL1;SLITRK4;S100B;BAIAP2;NREP;CNTN4;APLP2;APBB1;NTNG1;SSNA1;TAOK2;ARHGAP35;GRM7;CDK5;RTN4RL1
prerank,Response To Unfolded Protein (GO:0006986),-0.541624240134267,-1.1330116469855007,0.22700296735905046,1.0,1.0,20/43,17.92%,TOR1B;RHBDD1;DDIT3;ERN1;HSPA4;DNAJA1;DNAJC4;HSPA4L;HSP90AA1;ERP44;HSP90AB1;TRAM1;TM7SF3;PACRG;HSPA6;DNAJB2;PTPN1;HSPD1;HSPB1;DNAJB1
prerank,Nucleoside Triphosphate Metabolic Process (GO:0009141),0.7091958101611142,1.1322482178597195,0.34976525821596244,1.0,1.0,2/10,4.43%,AK7;AK4
prerank,Regulation Of Myoblast Differentiation (GO:0045661),0.4817510675692402,1.13207042020389,0.22965116279069767,1.0,1.0,10/51,6.93%,MAPK14;XKR8;ARID1B;ARID2;SMARCB1;SOX8;SMARCA2;HIF1AN;ACTL6A;SMARCC2
prerank,Negative Regulation Of Androgen Receptor Signaling Pathway (GO:0060766),0.6713841504836786,1.1316461239020037,0.31887755102040816,1.0,1.0,4/12,10.57%,NCOR1;FOXP1;HDAC1;ZBTB7A
prerank,Regulation Of Ryanodine-Sensitive Calcium-Release Channel Activity (GO:0060314),-0.5992117578540693,-1.131557785143637,0.28391167192429023,1.0,1.0,8/24,12.42%,SRI;CALM3;PDE4D;CALM1;CLIC2;JPH4;JPH3;DMD
prerank,Skeletal System Development (GO:0001501),0.4139906157641663,1.130936237019433,0.10569105691056911,1.0,1.0,36/134,17.71%,ZBTB16;WWOX;COL18A1;LAMA5;ETS2;PTGER4;TRIP11;TRAPPC2;TGFB2;PKDCC;CHI3L1;AKAP13;SNORC;SPEF2;RPS6KA3;EVC;P3H1;FGFR3;WNT5A;BMP1;CDH11;COL9A2;SULF1;RAB33B;GJA1;HHIP;ITGB8;SLC10A7;ANKH;UFD1;CREB3L2;HYAL1;PAPSS1;GHRL;FGFR2;COL27A1
prerank,mRNA Splice Site Recognition (GO:0006376),0.5355149528588966,1.1309340089288304,0.24736842105263157,1.0,1.0,14/28,13.01%,SFSWAP;LUC7L;PSIP1;YTHDC1;SF3A1;SRSF6;LUC7L3;SRSF12;PRPF39;CELF2;SLU7;SRSF1;HNRNPC;SETX
prerank,Regulation Of BMP Signaling Pathway (GO:0030510),-0.5092026714266296,-1.130733765970052,0.23087621696801114,1.0,1.0,14/71,12.02%,SKI;FSTL3;NBL1;FSTL4;FBXL15;RNF165;BMPR2;BMPER;FSTL1;UBE2D3;RBPJ;VWC2;FSTL5;CRIM1
prerank,Embryonic Digestive Tract Development (GO:0048566),-0.6326754539262666,-1.1305331330213029,0.29292929292929293,1.0,1.0,3/17,2.53%,ID2;PCSK5;RARB
prerank,Regulation Of Hematopoietic Stem Cell Differentiation (GO:1902036),-0.693178794356742,-1.1298390219155419,0.3181019332161687,1.0,1.0,5/12,10.60%,YTHDF2;METTL3;EIF2AK2;KAT5;ITCH
prerank,Positive Regulation Of Protein Modification By Small Protein Conjugation Or Removal (GO:1903322),-0.49857054768622056,-1.1296500726457523,0.2383638928067701,1.0,1.0,23/73,10.96%,NDFIP1;DCUN1D2;COMMD1;UBB;UBE3A;LAPTM5;BIRC2;FBXW7;CENPX;PIAS4;PSMD10;FAM107A;TNIP1;UBE2L3;MUL1;UBA2;TBC1D7;SAE1;PRICKLE1;RCHY1;PAXIP1;STUB1;GNL3
prerank,Mesenchyme Morphogenesis (GO:0072132),0.6078418684832134,1.1295912266147032,0.2979274611398964,1.0,1.0,2/17,3.98%,MDM4;TGFB2
prerank,Regulation Of Innate Immune Response (GO:0045088),-0.495854699567839,-1.129063581681424,0.22714285714285715,1.0,1.0,18/74,11.80%,YWHAZ;RIOK3;IRF1;BIRC2;CDC37;MYO1C;AKIRIN2;POLR3F;ATG5;MUL1;ZDHHC18;LYAR;TRIM56;APLP2;POLR3B;BANF1;PTPN6;ERAP1
prerank,Positive Regulation Of Cell Development (GO:0010720),-0.5899832911912491,-1.1290252479818095,0.284789644012945,1.0,1.0,3/27,1.06%,ZNF335;NUMBL;OPRM1
prerank,Neuropeptide Signaling Pathway (GO:0007218),-0.5145043492060547,-1.1284818195047328,0.24143302180685358,1.0,1.0,12/55,16.14%,GPR84;OPRM1;MCHR2;LTB4R;SORCS1;GLRA2;SORCS3;GLRB;RAPGEF2;CPE;OPRL1;RELA
prerank,Positive Regulation Of Heart Rate (GO:0010460),-0.643663902262257,-1.1281657134073406,0.3185419968304279,1.0,1.0,4/16,6.82%,ATP2A2;PDE4D;TPM1;SCN3B
prerank,Regulation Of Neuron Apoptotic Process (GO:0043523),-0.47943167184327184,-1.1280594657416239,0.24123989218328842,1.0,1.0,19/98,12.45%,CRLF1;SET;SOD1;PRKCI;PARK7;UBB;KCNB1;DDIT3;GRN;SEMA3E;PPARGC1A;CLU;ATF4;LGMN;CNTFR;FAIM2;PRKCG;MSH2;CDK5
prerank,Intracellular Copper Ion Homeostasis (GO:0006878),-0.6908729690665916,-1.127800130107784,0.3431542461005199,1.0,1.0,8/11,20.91%,CCDC22;COX19;APP;PRNP;ARF1;ANKRD9;MT2A;ATP7B
prerank,Response To UV-A (GO:0070141),0.6602330426558001,1.127787174450177,0.31840796019900497,1.0,1.0,4/12,18.07%,EGFR;PPID;MMP2;OPN3
prerank,Negative Regulation Of Fibroblast Proliferation (GO:0048147),-0.6357198914760605,-1.127707438050792,0.3068181818181818,1.0,1.0,4/17,8.41%,SKI;FTH1;CD300A;EMD
prerank,Positive Regulation Of Type 2 Immune Response (GO:0002830),0.6605976202393616,1.1272614758413773,0.30295566502463056,1.0,1.0,4/12,16.47%,PRKCZ;CD86;RSAD2;IL18
prerank,Glycolipid Biosynthetic Process (GO:0009247),-0.5418327584586452,-1.1269475121979247,0.26146788990825687,1.0,1.0,15/39,17.54%,DPM2;PGAP2;ST6GALNAC5;PIGG;PIGO;ST8SIA5;ST8SIA3;ST3GAL2;ST3GAL6;PIGC;LARGE1;SCCPDH;TM9SF2;ST3GAL5;PIGL
prerank,Positive Regulation Of Interleukin-1 Beta Production (GO:0032731),0.4801479739046062,1.1263173942326214,0.25227963525835867,1.0,1.0,9/48,10.44%,MALT1;CARD8;CASP8;LILRA2;P2RX7;WNT5A;STAT3;USP50;STMP1
prerank,Regulation Of Cellular Biosynthetic Process (GO:0031326),-0.4990998692680937,-1.1263094768411002,0.22377622377622378,1.0,1.0,30/70,16.67%,SIRPA;AVIL;EIF2B4;EIF2S1;MEAF6;SIRT5;ELP3;TOM1L1;TNFRSF1B;ELP4;RPL10;RBM4B;GEMIN5;PUM3;TCOF1;RBM3;ELP6;MAPKAPK5;PCIF1;RAC1;MTPN;MFSD12;APP;GRM5;ELP5;ATXN2;DDX25;EIF4E;TSC1;TM9SF2
prerank,Modulation Of Excitatory Postsynaptic Potential (GO:0098815),-0.5607314546838641,-1.1262845432616004,0.2621664050235479,1.0,1.0,12/31,15.87%,NETO1;RIMS1;GRIN2B;RIMS2;TMEM108;NRXN1;CHRNA7;GRIN2A;CUX2;STX1B;SLC8A3;SLC8A2
prerank,Regulation Of Lipid Kinase Activity (GO:0043550),0.7007928333601975,1.125502953709849,0.3492822966507177,1.0,1.0,5/10,15.86%,WDR81;WDR91;EEF1A2;RBL1;PPP2R5A
prerank,Carbohydrate Derivative Biosynthetic Process (GO:1901137),-0.576731628717428,-1.1249314575931102,0.275974025974026,1.0,1.0,12/27,16.64%,TPI1;TNIP1;DDR2;B4GAT1;ST3GAL2;ST3GAL6;LARGE1;B4GALT5;SCCPDH;GAL3ST4;ALG6;G6PD
prerank,Regulation Of Hematopoietic Progenitor Cell Differentiation (GO:1901532),-0.6377494835363343,-1.1248914313459903,0.3210702341137124,1.0,1.0,8/17,10.60%,YTHDF2;METTL3;EIF2AK2;DHX36;KAT5;METTL14;KITLG;ITCH
prerank,Mitophagy (GO:0000423),0.6259522275848659,1.1247643461574064,0.31971153846153844,1.0,1.0,3/14,1.42%,PRKN;ATG13;LRBA
prerank,Lamellipodium Assembly (GO:0030032),-0.602852738439514,-1.124445575055684,0.29,1.0,1.0,9/24,11.44%,PTPRO;ABLIM2;PARVB;ITGB1;CARMIL1;ARFIP2;CDH13;RAC1;ARHGEF4
prerank,Calcium-Mediated Signaling Using Intracellular Calcium Source (GO:0035584),-0.6135912298917713,-1.1243948175213538,0.3082942097026604,1.0,1.0,7/19,16.32%,BCAP31;FIS1;CLU;GRM5;PRNP;DMTN;RYR2
prerank,Positive Regulation Of Protein Targeting To Membrane (GO:0090314),-0.5940960950345161,-1.1239235374542724,0.28735632183908044,1.0,1.0,12/23,20.36%,KCNB1;MYO1C;TCAF1;ITGB1BP1;FIS1;HRAS;CIB1;MFF;PRNP;ITGAM;ITGB2;PDZK1
prerank,Protein Localization To Plasma Membrane (GO:0072659),-0.4629849201127175,-1.123489633139631,0.17523056653491437,1.0,1.0,38/132,12.56%,LRPAP1;TMED2;DPP10;KCNB1;FLOT2;GORASP2;RAB3A;KCNIP3;ATP1B1;DENND4C;EFR3A;PSMD10;TNFRSF1A;IKBKB;DPP6;TSPAN33;ASB3;EHD3;LRP6;RAB11A;KCNIP4;KCNB2;FLOT1;CACNB2;ITGB1BP1;PIP5K1A;EHD4;SCN3B;TESC;TTC7B;FGF13;TNIK;RAB3D;RAB40B;RAPGEF2;STXBP1;EZR;ANK2
prerank,Cell Chemotaxis (GO:0060326),-0.5466966551803715,-1.1233657872706984,0.2792511700468019,1.0,1.0,11/39,13.62%,NELL1;RHOG;TNFRSF25;HGF;PIP5K1A;EPHB1;PRKCQ;ENC1;CXCL12;BIN2;ELMO2
prerank,Regulation Of Vascular Endothelial Growth Factor Signaling Pathway (GO:1900746),-0.6292018569968315,-1.1233329019138658,0.2959349593495935,1.0,1.0,4/18,18.31%,MYO1C;NRG1;CD63;TNXB
prerank,Contractile Actin Filament Bundle Assembly (GO:0030038),-0.6546544101457936,-1.1230999301384008,0.3158756137479542,1.0,1.0,6/14,13.89%,ZYX;ITGB1;SORBS1;ITGB5;SRC;PHACTR1
prerank,Stress Fiber Assembly (GO:0043149),-0.6546544101457936,-1.1230999301384008,0.3158756137479542,1.0,1.0,6/14,13.89%,ZYX;ITGB1;SORBS1;ITGB5;SRC;PHACTR1
prerank,Regulation Of DNA Recombination (GO:0000018),-0.5623200895436081,-1.1225616489172554,0.2859399684044234,1.0,1.0,12/31,15.00%,PPP4C;THOC1;MSH3;SIRT6;RPA2;FIGNL1;SHLD2;ZCWPW1;ZRANB3;MSH2;KPNA2;SUPT6H
prerank,Lymphocyte Mediated Immunity (GO:0002449),-0.6243388462293971,-1.1221519853088464,0.30756578947368424,1.0,1.0,4/16,12.98%,GNL1;CR1;MSH2;KLRD1
prerank,Negative Regulation Of DNA Metabolic Process (GO:0051053),-0.5514215083816997,-1.122099483838649,0.26777609682299547,1.0,1.0,16/34,18.81%,CDKN1A;MSH3;BMPR2;TSPYL2;ATR;ERCC4;S100A11;ZRANB3;XRCC5;WAPL;MSH2;SUB1;RPS3;GTPBP4;DFFA;MSH6
prerank,Neuron Projection Morphogenesis (GO:0048812),-0.4595293657240156,-1.1220260130282353,0.2129032258064516,1.0,1.0,44/142,12.99%,ZNF335;CCK;AFG3L2;MAP1S;UBB;NBL1;CNTNAP1;RAB3A;PLPPR4;NRN1;NRCAM;DOCK7;ALS2;EPHA4;DCLK1;PAK3;GPM6A;MAP1B;DCC;ATL1;SLITRK4;MYO16;PAK1;FLRT3;S100B;BAIAP2;EPHB1;MAP2;ADGRB1;CNTN4;APLP2;NCKAP1;APBB1;TNIK;NTNG1;SSNA1;WASL;CNTNAP2;DTNBP1;TAOK2;CPNE1;ARHGAP35;CDK5;SPAG6
prerank,Microglial Cell Activation (GO:0001774),-0.627223350854807,-1.1218537239247868,0.30716723549488056,1.0,1.0,13/18,20.58%,GRN;CLU;C5AR1;APP;AIF1;TYROBP;CX3CL1;C1QA;MAPT;ITGAM;ITGB2;CX3CR1;TREM2
prerank,Regulation Of Release Of Sequestered Calcium Ion Into Cytosol By Sarcoplasmic Reticulum (GO:0010880),-0.6084309710417611,-1.1217100265729434,0.3069306930693069,1.0,1.0,10/22,17.78%,SRI;CALM3;PDE4D;CALM1;CLIC2;ATP1A2;DMD;ANK2;RYR2;CACNA1C
prerank,Regulation Of Cell Development (GO:0060284),-0.5202631544796599,-1.1216446976135979,0.26300148588410105,1.0,1.0,7/46,5.17%,YTHDF2;FBXO22;BRPF3;DOCK7;MYSM1;MEAF6;GRN
prerank,Regulation Of Humoral Immune Response (GO:0002920),0.668391107550043,1.1216395447909757,0.36065573770491804,1.0,1.0,4/12,19.03%,SPNS2;SUSD4;PHB2;FCGR2B
prerank,Vascular Process In Circulatory System (GO:0003018),-0.6792614509056177,-1.12160959719437,0.3174872665534805,1.0,1.0,3/12,6.13%,GCLM;ADCY6;ITGB1BP1
prerank,Regulation Of Tube Diameter (GO:0035296),-0.6792614509056177,-1.12160959719437,0.3174872665534805,1.0,1.0,3/12,6.13%,GCLM;ADCY6;ITGB1BP1
prerank,Nuclear Pore Complex Assembly (GO:0051292),0.6840783267492627,1.1214458446395241,0.3287037037037037,1.0,1.0,6/10,20.26%,FXR1;NUP153;NUP205;TPR;NUP107;NUP93
prerank,Prostanoid Biosynthetic Process (GO:0046457),-0.6782814260063135,-1.120574514910947,0.33668341708542715,1.0,1.0,4/12,18.33%,DAGLB;PTGS1;CD74;PNPLA8
prerank,Fatty Acid Metabolic Process (GO:0006631),-0.4730435597778927,-1.1205050381860469,0.22807017543859648,1.0,1.0,33/117,18.51%,GPX4;ELOVL4;ACOT2;NDUFAB1;ACSL3;PPARGC1A;PPARD;ALKBH7;NUDT19;ACSL1;FAAH;CPT1C;HSD17B10;THEM4;ACSM5;FASN;XBP1;PLA2G15;SLC27A5;ACAD9;ABCD3;SLC27A4;ACAA1;ACSL5;CRAT;HACL1;CPT1A;PHYH;LCP1;ACSF3;ACACB;PNPLA8;PER2
prerank,Regulation Of T Cell Apoptotic Process (GO:0070232),-0.7066036452089804,-1.120251974562279,0.3483754512635379,1.0,1.0,3/10,16.25%,PRELID1;PRKCQ;PRKD2
prerank,Sensory Perception Of Light Stimulus (GO:0050953),-0.4785245415160609,-1.119913679296923,0.2232746955345061,1.0,1.0,14/92,15.16%,KIFC3;GRM8;SLC4A10;PITPNA;COL11A1;OPA3;EYA3;RGS16;RPGR;OAT;POU6F2;CRYGS;CRYBG3;ADGRV1
prerank,Cyclic Nucleotide Biosynthetic Process (GO:0009190),-0.6139084333537406,-1.1196340209593048,0.3117744610281924,1.0,1.0,5/19,13.77%,ADCY2;ADCY6;ADCY9;GUCY1B1;ADCY8
prerank,Regulation Of Adaptive Immune Response (GO:0002819),-0.6342373201497205,-1.119601663472266,0.3108974358974359,1.0,1.0,9/17,19.65%,IRF1;IL4I1;TRIM27;AKIRIN2;IRF7;SIRT1;SAMSN1;EIF2AK4;FADD
prerank,Negative Regulation Of Notch Signaling Pathway (GO:0045746),-0.5843016236911963,-1.1195468412948006,0.30246913580246915,1.0,1.0,6/25,14.03%,YTHDF2;FBXW7;METTL3;CCNC;EGFL7;NEURL1
prerank,Regulation Of Actin Cytoskeleton Reorganization (GO:2000249),-0.5879657123127473,-1.1193152666862842,0.29508196721311475,1.0,1.0,10/25,15.82%,BAIAP2L1;CARMIL1;RNH1;SEMA3E;BAIAP2;CLU;FES;CDK5;ABL2;HCK
prerank,U2-type Prespliceosome Assembly (GO:1903241),-0.5971658034341313,-1.1189474475652104,0.3090909090909091,1.0,1.0,10/23,12.93%,SNRPD3;SNRPB;SNRPE;SNRPD2;SNIP1;SNRPB2;SNRPD1;SNRPA1;SF3A3;SNRPG
prerank,Pathway-Restricted SMAD Protein Phosphorylation (GO:0060389),0.6541010579877249,1.1184588988539699,0.3325062034739454,1.0,1.0,5/12,12.58%,SMAD7;TGFB2;TGFBR3;TGFBR2;USP15
prerank,Filopodium Assembly (GO:0046847),0.616254585319939,1.1178913434707738,0.2880184331797235,1.0,1.0,6/15,14.02%,VSTM5;FGD3;FGD4;FGD1;FGD6;DNM3
prerank,Negative Regulation Of Lymphocyte Activation (GO:0051250),-0.6010334270435077,-1.1174512638078136,0.27732463295269166,1.0,1.0,10/21,22.17%,LAPTM5;IL4I1;PAG1;GPNMB;PIBF1;ILDR2;SAMSN1;LST1;TNFAIP3;FGL1
prerank,Sensory Perception Of Pain (GO:0019233),-0.607161295902288,-1.1173281602887093,0.31862745098039214,1.0,1.0,4/20,15.71%,OPRM1;KCNK4;OPRL1;P2RX4
prerank,cAMP Metabolic Process (GO:0046058),-0.6809154960552679,-1.117234029863282,0.32063492063492066,1.0,1.0,4/12,13.77%,ADCY2;ADCY6;ADCY9;ADCY8
prerank,Nuclear Body Organization (GO:0030575),0.6753683519267324,1.1170147475595398,0.3333333333333333,1.0,1.0,5/11,10.21%,WRAP53;SERBP1;PML;USPL1;USP50
prerank,Epithelial Cilium Movement Involved In Extracellular Fluid Movement (GO:0003351),0.6047042471402861,1.1169855158039528,0.29949238578680204,1.0,1.0,7/16,12.29%,CCDC40;AQP4;RFX3;CABYR;SPEF2;SLC9A3R1;DNAAF2
prerank,Cellular Response To Radiation (GO:0071478),0.49577653714643427,1.1166034393169606,0.22969187675070027,1.0,1.0,10/40,9.11%,MAPK14;DEPDC1B;TANK;RAD9B;BARD1;KDM4D;TNKS1BP1;BLM;SPIDR;ECT2
prerank,Mononuclear Cell Differentiation (GO:1903131),-0.596709594149665,-1.116493131902374,0.3062200956937799,1.0,1.0,10/22,20.58%,RELB;LYN;CLU;MT1G;IKZF1;BATF3;PIR;MYH9;PPARG;TREM2
prerank,Calcium Ion Transport (GO:0006816),-0.4685551477849339,-1.1164759418186618,0.22371967654986524,1.0,1.0,20/110,10.79%,SLC3A2;ATP2B2;CCR1;CAMK2A;TRPC5;CACNG3;TRPC1;MCUR1;TRPM3;ATP2A2;CACNB2;ATP2B4;CACNG8;TRPM2;CLU;PANX1;CACNA2D4;CHRNA7;KCNN4;TPT1
prerank,Retinoic Acid Receptor Signaling Pathway (GO:0048384),-0.6981893054267634,-1.116250543999464,0.34843205574912894,1.0,1.0,2/11,3.83%,RARB;RXRB
prerank,Negative Regulation Of Innate Immune Response (GO:0045824),-0.5203482774654817,-1.1142601887066148,0.2688953488372093,1.0,1.0,23/50,20.34%,YWHAZ;YTHDF2;METTL3;MYO1C;GRN;ATG5;MUL1;ZDHHC18;LYAR;BANF1;TTLL12;CR1;ISG15;VSIG4;YTHDF3;PPP6C;SAMHD1;CACTIN;RPS19;CNOT7;PRKDC;PTPN2;OAS3
prerank,Positive Regulation Of Myeloid Cell Differentiation (GO:0045639),0.5086673081277996,1.1137495002156983,0.2756598240469208,1.0,1.0,14/35,15.44%,MAPK14;PRMT1;FAM210B;STAT1;STAT3;ARNT;ANKRD54;PITHD1;HMGB2;ACVR1B;FAXDC2;FOXO3;NCKAP1L;MED1
prerank,Regulation Of Chromatin Binding (GO:0035561),0.6783342456625634,1.1136676340726537,0.3355119825708061,1.0,1.0,6/10,17.47%,HMBOX1;KDM4D;DTX3L;GMNN;ZNF618;MED9
prerank,Neurotransmitter Biosynthetic Process (GO:0042136),-0.7075069685046067,-1.1133088089302845,0.3616636528028933,1.0,1.0,2/10,7.88%,DAGLB;MOXD1
prerank,Neurotrophin Signaling Pathway (GO:0038179),0.6371883469035521,1.1131688546030887,0.3401015228426396,1.0,1.0,6/14,15.83%,SORT1;RAP1A;DDIT4;BCAR1;CASP3;KIDINS220
prerank,Positive Regulation Of Interleukin-1 Production (GO:0032732),0.46336814677836774,1.1129656801488654,0.25471698113207547,1.0,1.0,17/55,19.12%,MALT1;CARD8;CASP8;LILRA2;P2RX7;WNT5A;STAT3;USP50;STMP1;IL16;HMGB1;MYD88;RIPK2;TMED10;JAK2;NLRC4;NAIP
prerank,Protein K63-linked Deubiquitination (GO:0070536),0.5228854889082458,1.112908215029691,0.2802197802197802,1.0,1.0,10/31,10.82%,ZRANB1;DEPDC1B;STAMBPL1;BARD1;USP33;OTUD7A;CYLD;USP50;OTUD7B;ATXN3
prerank,Cell Junction Assembly (GO:0034329),-0.47638809537083665,-1.1125428718127173,0.22939560439560439,1.0,1.0,20/92,13.89%,CDH22;OPHN1;CDH7;RAB29;CDH18;NRCAM;CDH12;SHANK2;GPM6A;CDH13;CDH10;CDH9;FLRT3;SDK2;NRXN1;ITGA6;CDK5;FN1;CDH2;NRXN2
prerank,Positive Regulation Of Transcription From RNA Polymerase II Promoter In Response To Endoplasmic Reticulum Stress (GO:1990440),-0.6901623871641878,-1.1124118285532152,0.33562822719449226,1.0,1.0,4/10,8.56%,DDIT3;HSPA5;CEBPB;ATF4
prerank,Regulation Of Adipose Tissue Development (GO:1904177),0.6956973047096012,1.1120779556255644,0.36185819070904646,1.0,1.0,6/10,16.57%,NCOA1;PRKAA1;NCOA2;SORL1;PARP1;SPI1
prerank,Regulation Of Extrinsic Apoptotic Signaling Pathway (GO:2001236),0.4761867941575811,1.1120101878449271,0.24422442244224424,1.0,1.0,21/55,15.05%,PHIP;WWOX;DEPTOR;PSME3;FEM1B;CFLAR;TRAF1;PELI3;PML;PAK2;ZMYND11;CYLD;SH3RF1;MEN1;LGALS3;STX4;TRAF2;BIRC6;TNFSF10;BCL2L14;LTBR
prerank,tRNA Metabolic Process (GO:0006399),-0.637514818891777,-1.1120006621443415,0.3275862068965517,1.0,1.0,8/16,15.74%,FARS2;ADAT1;THG1L;ELAC2;POP7;GTF3C1;POP1;RPP30
prerank,Response To Interleukin-6 (GO:0070741),-0.6991574825178319,-1.1118408573329002,0.34843205574912894,1.0,1.0,5/10,16.14%,PTPRT;ST3GAL6;SBNO2;PID1;RELA
prerank,Positive Regulation Of Lipid Storage (GO:0010884),0.585874234387919,1.1113218788135506,0.3061797752808989,1.0,1.0,5/19,12.25%,SCARB1;ZC3H12A;PLIN3;PLIN2;OSBPL11
prerank,Negative Regulation Of Protein Metabolic Process (GO:0051248),-0.45994312591132586,-1.11068925169354,0.24258064516129033,1.0,1.0,49/138,18.85%,PFDN6;GAPDH;NELL1;MALSU1;PIN1;FLOT2;EIF2AK3;EPHA4;EIF2AK2;RGP1;LILRB2;DHX36;PFDN5;EIF4ENIF1;FMN2;BTG2;CLU;DDX3X;ATRAID;CNOT1;CALR;DAPK1;ENC1;PCIF1;PRKCG;TRIM3;HSP90AB1;SERPINE2;CAPRIN1;IGFBP5;CDK5;VBP1;BANP;CSNK2A1;DNAJC1;RPS3;PRNP;TSC1;CST3;RPL13A;SNX3;EIF4A3;SIRT2;CNOT9;FLNA;SNX12;PFDN2;DAPK3;LARP1
prerank,Action Potential (GO:0001508),-0.5531233129069892,-1.1104045010542785,0.30109204368174725,1.0,1.0,9/34,12.42%,KCNMB3;KCNB1;KCND2;KCNA1;SRI;SCN3B;GNA14;YWHAH;DMD
prerank,"tRNA Splicing, Via Endonucleolytic Cleavage And Ligation (GO:0006388)",-0.6783224708261478,-1.1101916293306688,0.35528596187175043,1.0,1.0,7/11,9.28%,HEXIM1;TRPT1;TSEN54;TSEN2;RTRAF;FAM98A;DDX1
prerank,Response To Alcohol (GO:0097305),-0.5740359391425218,-1.1101369291643262,0.2896,1.0,1.0,6/26,13.20%,SOD1;GRIN2B;TGFBR1;SLIT1;GRIN2A;SDF4
prerank,Lipoprotein Localization (GO:0044872),-0.6955235170005999,-1.1096976456665517,0.3528399311531842,1.0,1.0,6/11,20.64%,SURF4;SAR1B;PRKCB;MIA3;PPARG;ZDHHC3
prerank,Methylguanosine-Cap Decapping (GO:0110156),0.6678543792918061,1.1090547627210972,0.34772182254196643,1.0,1.0,5/11,12.76%,DCPS;PATL1;DCP1B;DCP2;DCP1A
prerank,Positive Regulation Of Muscle Contraction (GO:0045933),-0.6714159598090643,-1.1090149479598697,0.34724540901502504,1.0,1.0,2/11,9.91%,ENO1;SRF
prerank,Positive Regulation Of Interleukin-17 Production (GO:0032740),-0.5974020184844847,-1.1089745567643434,0.3311036789297659,1.0,1.0,3/20,8.73%,SLC7A5;ZBTB7B;PRKCQ
prerank,Histone H4-K8 Acetylation (GO:0043982),0.6196209910034425,1.1084235269619844,0.3192488262910798,1.0,1.0,7/15,6.66%,KAT8;JADE2;KAT7;JADE3;KANSL2;KANSL1;JADE1
prerank,Histone H4-K5 Acetylation (GO:0043981),0.6196209910034425,1.1084235269619844,0.3192488262910798,1.0,1.0,7/15,6.66%,KAT8;JADE2;KAT7;JADE3;KANSL2;KANSL1;JADE1
prerank,Regulation Of Hemopoiesis (GO:1903706),-0.6490497405632948,-1.1083947863006802,0.3270547945205479,1.0,1.0,4/14,6.91%,BRPF3;MYSM1;MEAF6;MAFB
prerank,Regulation Of Neurogenesis (GO:0050767),-0.49508037864020016,-1.1083711793190578,0.27566807313642755,1.0,1.0,6/61,3.26%,ZNF335;NUMBL;YTHDF2;OPRM1;NF2;DOCK7
prerank,Negative Regulation Of BMP Signaling Pathway (GO:0030514),-0.5336313285785009,-1.108336684960117,0.2954876273653566,1.0,1.0,7/41,12.02%,SKI;FSTL3;NBL1;BMPER;UBE2D3;VWC2;CRIM1
prerank,Regulation Of Granulocyte Chemotaxis (GO:0071622),-0.6226836589876665,-1.1077435536072535,0.3310225303292894,1.0,1.0,1/19,0.02%,MPP1
prerank,Homotypic Cell-Cell Adhesion (GO:0034109),-0.5349102471317753,-1.1075218908032503,0.3009118541033435,1.0,1.0,13/41,18.32%,PLEK;HBB;CXADR;UBASH3B;ACTN1;STXBP1;PLPP3;FERMT3;ACTG1;HSPB1;PPIA;FLNA;MYH9
prerank,Cortical Actin Cytoskeleton Organization (GO:0030866),-0.6103002187070617,-1.106999578730334,0.3178036605657238,1.0,1.0,7/19,13.52%,PLEK;FHOD3;IKBKB;LLGL2;NCKAP1;FHOD1;RHOQ
prerank,Mitochondrial Cytochrome C Oxidase Assembly (GO:0033617),-0.6163998816097656,-1.1067112229624902,0.33169934640522875,1.0,1.0,10/18,12.45%,COA1;COX20;TIMM21;TMEM223;COA3;COA5;COX19;SURF1;SCO1;SMIM20
prerank,Vesicle-Mediated Transport (GO:0016192),-0.42094347778595825,-1.1064206551744427,0.18665158371040724,1.0,1.0,120/380,16.16%,AP2S1;CCR1;DPY30;EXOC6;PRKCI;COMMD1;TOM1;RPH3A;STX1A;RAB39A;SYP;TMED2;CPLX1;DNM1;CADPS2;CSNK1G1;NECAP2;CCZ1B;SNAP29;RAB3A;ALS2;NSG2;SNAP47;SYT11;CADPS;SYTL2;TVP23A;DCLK1;SNAPIN;ARL5B;AP1S1;SNAP25;RAB4A;CHMP2A;ARL6;AP2A1;EHD3;AP1S2;RAB11A;NAPA;RAB27B;RAB7A;HOOK2;AP3S2;GDI1;HMGXB4;CHMP3;CDK16;EHD4;DENND3;KALRN;VAMP1;RAB5A;CHMP7;AP2A2;JAGN1;RAB27A;FMN2;PIK3C2A;AP3B2;TGFBRAP1;CSNK1E;ARL4A;STEAP2;AKTIP;STXBP2;NCALD;ATP9A;EXOC3;AP3S1;EXOC5;HOOK1;RAB35;BIN3;AP3D1;EXPH5;RHOJ;DENND1C;WASL;AP1S3;BIN1;SNX17;FNBP1L;EXOC2;CPNE1;STXBP1;AP1M1;ZFYVE16;NECAP1;RUBCN;DNAJC5;SYT4;TSNARE1;RHOQ;STX10;STX1B;AP2M1;KIF5A;RBSN;APP;M6PR;AP4B1;EPS15;CLINT1;RAB3IP;VPS16;AHI1;KIF1A;ITSN1;CHM;VPS51;GPRASP1;NSG1;RAB5B;LAMTOR1;BECN1;OCIAD1;GOSR1;MYO5B;STX5
prerank,Regulation Of Histone Acetylation (GO:0035065),-0.602454063901338,-1.1062076955687186,0.3333333333333333,1.0,1.0,7/21,5.99%,SET;THAP7;NFYC;SMARCA5;DDX21;NOC2L;PPARGC1A
prerank,Regulation Of Interleukin-17 Production (GO:0032660),-0.5679700204478143,-1.1061050151238183,0.3032258064516129,1.0,1.0,6/27,17.19%,SLC7A5;DDIT3;ZBTB7B;PRKCQ;PRNP;VSIR
prerank,"Maturation Of SSU-rRNA From Tricistronic rRNA Transcript (SSU-rRNA, 5.8S rRNA, LSU-rRNA) (GO:0000462)",-0.5614027829069337,-1.1055038824455854,0.31511254019292606,1.0,1.0,10/29,11.16%,WDR46;RRP36;RPS16;DCAF13;NGDN;NOP14;NOL10;TSR1;RPS8;RPS14
prerank,Regulation Of Nucleic Acid-Templated Transcription (GO:1903506),0.3655773358712014,1.103494163440097,0.08035714285714286,1.0,1.0,103/418,13.72%,ATRX;ZNF680;SSBP2;LIMD1;MLLT6;ZNF141;KMT2D;ZBTB4;CREBBP;ACTR8;NFIA;RPS6KA5;ZNF682;RPS6KA4;HINFP;JADE2;RYBP;DMTF1;KAT2B;POU5F1;ZMIZ1;KAT7;HP1BP3;EZH2;BHLHE40;MYT1;JADE3;KAT2A;ESRRA;YAF2;SGF29;SCRT1;ACTN4;NR2C2;ZNF280D;TCFL5;SMARCA2;ZBTB11;RFX3;YEATS4;FOXK2;ING3;BAZ2A;BPTF;SAP30;TAF12;ZNF395;NCOA2;ZNF562;JADE1;OGG1;ACTL6A;IRF2;DVL1;RUVBL2;GPBP1L1;PPARGC1B;PML;SUPT3H;NFIL3;ZNF274;HCLS1;NONO;ACVR2B;REST;ING2;BAZ1A;NR3C1;SFPQ;ATF7IP2;STAT3;ZNF431;ZNF263;INSR;ZNF92;ZNF195;PSPC1;MLXIPL;GPBP1;ZNF100;ZIM2;BTG1;BNC2;NAB2;BRCA2;CHEK2;AHR;WWC3;KAT6A;ZNF117;ACTR6;MLF2;MITF;CREBL2;SRRT;SAP30L;TAF10;ZNF718;ZNF516;RBBP7;KAT6B;YEATS2;ACVR1B
prerank,"Retrograde Protein Transport, ER To Cytosol (GO:0030970)",-0.618377705272717,-1.1032939497475456,0.313458262350937,1.0,1.0,8/17,14.18%,ERLEC1;RHBDD1;SELENOS;VCP;HSP90B1;SEL1L;SEC61B;FAF2
prerank,mRNA Stabilization (GO:0048255),0.4736508503286109,1.1030228329836116,0.22839506172839505,1.0,1.0,11/48,11.51%,MAPK14;PAIP1;IGF2BP2;SYNCRIP;HNRNPU;MAPKAPK2;TAF15;DHX9;IREB2;MEIOC;HNRNPC
prerank,Negative Regulation Of Bone Remodeling (GO:0046851),-0.6913355017706456,-1.1029335306552601,0.36619718309859156,1.0,1.0,2/11,5.41%,GPR137B;UBASH3B
prerank,Regulation Of Cardiac Muscle Contraction By Calcium Ion Signaling (GO:0010882),-0.6043435031266582,-1.1028624573699264,0.32211538461538464,1.0,1.0,10/20,17.78%,ATP1B1;CALM3;ATP2A2;CALM1;CLIC2;ATP1A2;DMD;RYR2;SLC9A1;CACNA1C
prerank,Negative Regulation Of Amide Metabolic Process (GO:0034249),-0.47317412225737837,-1.1025643546157995,0.2611111111111111,1.0,1.0,35/91,18.85%,ATCAY;GAPDH;MALSU1;PIN1;EIF2AK3;EPHA4;EIF2AK2;DHX36;EIF4ENIF1;BTG2;CLU;DDX3X;RTN3;CNOT1;CALR;DAPK1;ENC1;CHRNA7;PCIF1;BIN1;TRIM3;ORMDL2;CAPRIN1;IGFBP5;RTN1;CSNK2A1;RPS3;PRNP;TSC1;RPL13A;EIF4A3;CNOT9;NTRK2;DAPK3;LARP1
prerank,Regulation Of Actin Cytoskeleton Organization (GO:0032956),-0.475844122499907,-1.102344202159067,0.25426136363636365,1.0,1.0,30/87,16.81%,BAIAP2L1;RHOG;CARMIL1;RNH1;EFNA5;PAK3;FAM107A;RALA;ARHGAP44;SEMA3E;NRG1;DYNLL1;PAK1;BAIAP2;CLU;HRAS;BST2;NEB;TAOK2;RAC1;ARHGAP35;EZR;HAX1;RHOQ;ABL2;HCK;ARHGAP18;MLST8;DMTN;RAC3
prerank,Mesenchymal Cell Differentiation (GO:0048762),0.4593072684755173,1.1022094655324355,0.2197452229299363,1.0,1.0,13/52,11.15%,CTNNB1;TRIM28;DDX17;SEMA3C;TGFB2;SMAD4;CUL7;S100A4;ZFP64;WNT5A;TGFBR3;ROCK2;ROCK1
prerank,Regulation Of Muscle System Process (GO:0090257),-0.6886872079293873,-1.1021726352703975,0.3566666666666667,1.0,1.0,5/11,12.42%,KCNA1;SRI;TPM1;ATP1A2;DMD
prerank,Regulation Of ERBB Signaling Pathway (GO:1901184),0.6275913463171502,1.102016420880185,0.32663316582914576,1.0,1.0,6/13,12.66%,MVB12B;FER;SH3TC2;MVB12A;PTPN12;RHBDF2
prerank,Intermediate Filament Organization (GO:0045109),0.4854157368838087,1.1017843954115696,0.2691131498470948,1.0,1.0,6/37,11.18%,KLHL24;MTM1;DNAJB6;PKP2;VIM;KRT10
prerank,Endocardial Cushion Morphogenesis (GO:0003203),0.5736457113128115,1.1015212525338531,0.2961038961038961,1.0,1.0,3/19,11.59%,MDM4;TGFB2;TGFBR2
prerank,Mitochondrial Transport (GO:0006839),-0.5057942266874411,-1.1014871114618303,0.28093158660844253,1.0,1.0,21/51,16.44%,TIMM13;BCAP31;TIMM10;SLC25A5;SLC25A4;TIMM9;TOMM70;TOMM7;FIS1;TIMM17A;TOMM22;HSP90AA1;SLC25A20;MFF;TOMM20;GDAP1;FBXO7;SLC25A24;BAD;FLVCR1;TIMM8B
prerank,Histone Deubiquitination (GO:0016578),0.5163761662784894,1.1013274204459877,0.2724867724867725,1.0,1.0,15/32,13.19%,DEPDC1B;TAF4;KAT2B;KAT2A;SGF29;TAF5;BARD1;TAF12;TMEM98;SUPT3H;TAF7;TAF6;ATXN7;TADA2B;TAF10
prerank,Positive Regulation Of Antigen Receptor-Mediated Signaling Pathway (GO:0050857),-0.6136725984932478,-1.1011487695880255,0.30808080808080807,1.0,1.0,11/20,16.25%,TESPA1;RAB29;SLC39A10;IKBKG;NECTIN2;KCNN4;UXT;PRKCB;RPS3;RELA;PRKD2
prerank,Positive Regulation Of Cellular Component Biogenesis (GO:0044089),-0.4726544434346597,-1.1004219161302882,0.27671232876712326,1.0,1.0,32/88,19.66%,PLEK;SYNPO;PARK7;BCL2L11;CHMP2A;CHGA;RAB7A;FLOT1;USP16;NRG1;VCP;SLF2;PRKCA;SMAD3;CLU;BID;MTSS1;SYNPO2;STX18;LIMK1;RPS3;SUMO1;GNL3L;CX3CL1;TFRC;RGCC;CLEC7A;VPS4B;ATP13A2;TAL1;SIN3A;SMPD3
prerank,Regulation Of Mitochondrial Membrane Potential (GO:0051881),-0.5372861564625138,-1.0998814135247037,0.31338582677165355,1.0,1.0,8/36,9.41%,SOD1;PARK7;UBB;PRELID1;HEBP2;VCP;ATP5IF1;TUSC2
prerank,Membrane Repolarization During Cardiac Muscle Cell Action Potential (GO:0086013),-0.6617660387780531,-1.0998602533651438,0.3441226575809199,1.0,1.0,4/14,13.39%,KCNN2;ATP1B1;KCNJ5;YWHAE
prerank,Podocyte Differentiation (GO:0072112),0.6718014769788219,1.0997685957352605,0.3404761904761905,1.0,1.0,4/11,8.28%,MYO1E;KLF15;IQGAP1;JAG1
prerank,Spermatid Development (GO:0007286),0.4765826885919937,1.0996784798267856,0.24202127659574468,1.0,1.0,10/42,10.85%,TTC21A;BBS4;FXR1;PLD6;FNDC3A;CEP57;EIF4G3;ING2;EPC1;MEIOC
prerank,Nuclear Membrane Reassembly (GO:0031468),-0.5814815410436739,-1.0992691942647574,0.34210526315789475,1.0,1.0,12/22,18.91%,CHMP2A;CHMP3;CHMP7;UBE2I;BANF1;NSFL1C;UBXN2A;VPS4B;SIRT2;UBXN2B;CHMP2B;RCC1
prerank,Regulation Of Wnt Signaling Pathway (GO:0030111),0.42027930620304604,1.09901159683802,0.21285140562248997,1.0,1.0,20/101,12.13%,ZRANB1;CXXC4;DEPDC1B;DACT3;PRKN;WWOX;TIAM1;DACT1;MACF1;ITGA3;TLR2;OTULIN;GNAQ;STK11;NXN;AMER2;CCNY;SULF1;KANK1;ATP6V1C2
prerank,Amyloid-Beta Metabolic Process (GO:0050435),0.6035549907298564,1.0989942975420015,0.3167082294264339,1.0,1.0,5/14,14.34%,DYRK1A;NCSTN;PSEN2;IDE;PSEN1
prerank,Protein K48-linked Deubiquitination (GO:0071108),-0.5884279709493473,-1.0988909223433712,0.3232963549920761,1.0,1.0,9/23,18.17%,USP37;YOD1;VCPIP1;USP8;USP20;RNF2;USP5;OTUD3;OTUB1
prerank,Response To Gamma Radiation (GO:0010332),-0.5970426636508427,-1.0985518332037412,0.32063492063492066,1.0,1.0,7/20,11.64%,TMEM109;XRCC6;FANCD2;MAP3K20;HRAS;ATR;XRCC5
prerank,Negative Regulation Of Lymphocyte Proliferation (GO:0050672),-0.5446007433200238,-1.0985510243418555,0.32248062015503876,1.0,1.0,15/34,20.73%,IL4I1;CD300A;LILRB2;CEBPB;LYN;TNFRSF21;CR1;HLA-DRB1;VSIG4;GPNMB;TYROBP;DLG5;PDCD1LG2;GLMN;LST1
prerank,Regulation Of Stem Cell Differentiation (GO:2000736),-0.5231591896867035,-1.0983628869391846,0.3015151515151515,1.0,1.0,12/44,10.82%,YTHDF2;NSUN2;NELFB;METTL3;EIF2AK2;SIRT6;KAT5;GATAD2A;ESRRB;MTA3;ITCH;NUDT21
prerank,Negative Regulation Of Antigen Receptor-Mediated Signaling Pathway (GO:0050858),-0.5878831793319919,-1.0982516001591405,0.3448275862068966,1.0,1.0,4/22,4.72%,PHPT1;THY1;LAPTM5;CD300A
prerank,Positive Regulation Of Cell Junction Assembly (GO:1901890),-0.5041790108735762,-1.0979556537696655,0.2759146341463415,1.0,1.0,19/58,17.49%,NELL1;THY1;CLSTN1;CLSTN3;FLOT1;SLITRK4;LRRC4B;NRG1;EPHB1;PPM1F;NRXN1;CNTNAP2;RAC1;CUX2;CLSTN2;NPHP4;TSC1;NPHP1;SFRP1
prerank,Negative Regulation Of Protein Localization To Nucleus (GO:1900181),-0.6262550432898478,-1.0979255681612206,0.35864297253634897,1.0,1.0,8/18,15.80%,YWHAZ;SIRT6;RAB23;POLR1A;CTNNA1;LATS2;LATS1;SUMO1
prerank,Positive Regulation Of Cellular Catabolic Process (GO:0031331),0.40400224900121073,1.0976725960592257,0.21171171171171171,1.0,1.0,41/132,14.59%,RNF152;MOV10;SH3GLB1;ATG13;SUPV3L1;PPARA;FOXO1;ZC3H12A;ZBTB20;GTPBP1;ULK1;PRKAA1;TP53INP1;STK11;P2RX7;DTX3L;SNCA;PLEKHF1;IRS2;RB1CC1;PRKCD;KHSRP;DXO;ATG101;ARNT;AKT2;ZSWIM8;TRIM68;INSR;MLXIPL;ROCK1;PHKG2;CCNY;HMGB1;OPTN;TRIM65;SH3BP4;ULK2;LRRK2;PSEN1;FOXO3
prerank,Phosphatidylinositol-3-Phosphate Biosynthetic Process (GO:0036092),0.6640221523296573,1.0976608635665404,0.3579676674364896,1.0,1.0,4/11,5.38%,UVRAG;PIK3CG;PIK3C3;PIK3CA
prerank,Regulation Of Monooxygenase Activity (GO:0032768),0.6438728933243627,1.0971856506587836,0.35903614457831323,1.0,1.0,4/12,10.20%,EGFR;NOS1AP;SNCA;ZDHHC21
prerank,Positive Regulation Of Lymphocyte Proliferation (GO:0050671),-0.4876095418070617,-1.0967861486700152,0.2857142857142857,1.0,1.0,20/67,20.89%,ZNF335;VAV3;SLC7A1;CD40;LILRB2;FCGR3A;IL7;CD276;ANXA1;NCK2;TFRC;CD74;CD81;HLA-E;MEF2C;PDCD1LG2;HLA-DPA1;TNFSF13B;EPHB2;ZP3
prerank,mRNA Methylation (GO:0080009),-0.63324053939702,-1.0964861675743456,0.3519736842105263,1.0,1.0,9/15,15.37%,NSUN2;METTL4;METTL3;CMTR1;METTL14;PCIF1;ZC3H13;METTL8;VIRMA
prerank,Positive Regulation Of Heart Contraction (GO:0045823),-0.6048688332659988,-1.0964078821667276,0.3421875,1.0,1.0,6/19,17.95%,CHGA;ATP2A2;SCN3B;ATP1A2;RYR2;GSK3A
prerank,Response To Nerve Growth Factor (GO:1990089),-0.6589528618503434,-1.0960538201204317,0.371900826446281,1.0,1.0,7/13,17.62%,STMN2;NTRK3;RAB35;CIB1;RAPGEF2;RAPGEF1;MAPT
prerank,Protein N-linked Glycosylation Via Asparagine (GO:0018279),-0.5790634900530902,-1.0960161765692809,0.3152,1.0,1.0,7/23,8.73%,OST4;OSTC;TUSC3;UBE2J1;PSMD2;DAD1;ST6GAL1
prerank,Negative Regulation Of Cellular Response To Vascular Endothelial Growth Factor Stimulus (GO:1902548),-0.7029787292777154,-1.0956861021170496,0.36333333333333334,1.0,1.0,2/10,7.61%,NRG1;ATP2B4
prerank,Regulation Of Short-Term Neuronal Synaptic Plasticity (GO:0048172),-0.6555603253314967,-1.095532636979276,0.34341637010676157,1.0,1.0,8/13,16.20%,SYP;SLC4A10;GRIK2;RAB3A;SYNGR1;SHISA6;SLC8A2;SHISA9
prerank,Amino Acid Transport (GO:0006865),-0.5145875616572212,-1.095451383870395,0.29518072289156627,1.0,1.0,8/44,8.28%,SLC3A2;SLC38A7;SLC7A1;SLC7A6;SLC7A5;SLC7A14;SLC6A17;SLC38A11
prerank,Regulation Of calcineurin-NFAT Signaling Cascade (GO:0070884),-0.5611401605497732,-1.0950003590084214,0.330188679245283,1.0,1.0,11/29,17.32%,HOMER2;PTBP1;ATP2B4;CIB1;PPP3CA;RCAN1;PPP3CB;CAMTA1;PRNP;SLC9A1;CLEC7A
prerank,Protein Deneddylation (GO:0000338),-0.6926449412175234,-1.0948223038937943,0.3784722222222222,1.0,1.0,5/10,16.60%,COPS8;GPS1;COPS6;COPS7B;COPS3
prerank,Response To Insulin (GO:0032868),0.42808666694805314,1.0940415621083879,0.213768115942029,1.0,1.0,20/75,10.71%,RAB8A;PDPK1;SORT1;FER;KAT2B;FOXO1;CAPN10;CPEB2;C2CD5;TBC1D4;INSIG2;INSIG1;IRS2;SLC25A33;RPS6KB1;HDAC9;AKT2;INSR;SLC27A1;SYAP1
prerank,Negative Regulation Of Type I Interferon-Mediated Signaling Pathway (GO:0060339),-0.6494030988563559,-1.0935760002994004,0.3654485049833887,1.0,1.0,11/15,20.89%,YTHDF2;METTL3;MUL1;TTLL12;ISG15;YTHDF3;SAMHD1;CNOT7;PTPN2;OAS3;OAS1
prerank,Negative Regulation Of MAPK Cascade (GO:0043409),-0.46796349614479676,-1.0928710899057115,0.28125,1.0,1.0,22/94,13.31%,DUSP26;SIRPA;UCHL1;PIN1;DAG1;PAQR3;EPHA4;TIMP3;PSMD10;CD300A;TNIP1;ITGB1BP1;LYN;WNK2;SPRED1;PTPRR;PEBP1;IGBP1;PPP2R1A;LMO3;EZR;PRDM15
prerank,Membrane Organization (GO:0061024),-0.4498710629751355,-1.0928648142518311,0.25866666666666666,1.0,1.0,41/152,12.67%,EXOC6;PRKCI;MTCH1;RABIF;LEMD2;TOR1B;AAK1;RIMS1;SYP;SNAP29;VAPA;NUP155;REEP1;SYNGR2;CHMP2A;NAPA;VPS28;SAR1B;CHMP3;CHMP7;PIP5K1C;PIK3C2A;TMEM43;EMD;LPCAT3;EXOC3;EXOC5;REEP5;SYNGR1;AP3D1;VPS37A;WASL;BIN1;CR1;NSFL1C;TOR1AIP2;FNBP1L;EXOC2;DNM1L;ANK2;SERP1
prerank,Protein O-linked Mannosylation (GO:0035269),-0.6310059616753154,-1.0928386730956656,0.35494880546075086,1.0,1.0,4/15,5.35%,DPM2;POMT1;POMGNT2;TMTC1
prerank,Regulation Of Regulatory T Cell Differentiation (GO:0045589),-0.5966852080999427,-1.0924888529849925,0.34983498349834985,1.0,1.0,5/21,11.07%,IRF1;IL4I1;LILRB2;KAT5;CR1
prerank,Positive Regulation Of Nervous System Development (GO:0051962),-0.5094939671201136,-1.0923067308612096,0.3287878787878788,1.0,1.0,9/47,9.73%,ZNF335;NUMBL;OPRM1;CLSTN1;CLSTN3;SLITRK4;LRRC4B;EPHB1;NRXN1
prerank,Negative Regulation Of Protein Serine/Threonine Kinase Activity (GO:0071901),-0.4814750873443073,-1.0918143740979378,0.3112033195020747,1.0,1.0,19/77,16.05%,PRKAR1B;CDKN1A;HEXIM1;UCHL1;IPO7;PAQR3;CD300A;LRP6;LYN;CDKN2A;PKIA;PKIB;SLC8A3;LATS2;LATS1;PTPN1;PKIG;RB1;APC
prerank,Organelle Assembly (GO:0070925),-0.4223218305602517,-1.091789622739193,0.19954128440366972,1.0,1.0,116/295,17.94%,HPS5;YTHDF2;EMC6;SYNPO;MAP1LC3A;AMBRA1;CCDC65;CCDC57;TXNDC15;IFT122;ACTR2;AVIL;SNAP29;ASAP1;GORASP2;B9D1;WDR35;NUDCD3;CFAP54;BBIP1;OFD1;DNMBP;IFT46;C2CD3;AP1S1;CFAP221;CHMP2A;ARL6;EHD3;IFT57;AP1S2;CLUAP1;RAB11A;RAB7A;VPS28;AP3S2;DUSP23;FAM161A;ATP2A2;TCTN3;SCLT1;CHMP3;ATG5;RAB23;EHD4;HPS1;CPLANE1;CHMP7;KIF3B;ATP6V0D1;GABARAPL1;AP3S1;CEP250;RAB35;RILPL2;AP3D1;SSX2IP;IFT43;TMEM138;INTU;BBS7;DYNC2H1;VPS37A;GBF1;ALPK1;IFT52;ATP6V1D;AP1S3;CEP126;ARL3;IQCB1;IFT20;NSFL1C;UBQLN2;FNBP1L;CAPRIN1;AP1M1;SNX10;RPGR;WDR45B;CENPJ;STK36;IFT172;TTC26;PIBF1;KIAA0753;ATG7;RILPL1;UBAP1;RAB3IP;CFAP70;AHI1;SPAG16;HSPB11;WDR19;CEP19;TTC39C;TMEM237;YTHDF1;BECN1;TCTN1;YTHDF3;ATG2A;ABLIM3;DISC1;ABLIM1;UBXN2A;ACTR3;AP3M1;CFAP161;VPS37C;VPS4B;WDPCP;GABARAPL2;KIF3A;PCNT
prerank,Regulation Of Single Stranded Viral RNA Replication Via Double Stranded DNA Intermediate (GO:0045091),0.6473109254018649,1.0916309932772683,0.36585365853658536,1.0,1.0,3/12,8.39%,APOBEC3G;TOP2B;MPHOSPH8
prerank,Negative Regulation Of Glucose Transmembrane Transport (GO:0010829),-0.6933302073423413,-1.0915330775194747,0.387263339070568,1.0,1.0,7/10,24.16%,SELENOS;PRKCB;PID1;GSK3A;INPP5K;PEA15;ENPP1
prerank,Negative Regulation Of Amyloid Fibril Formation (GO:1905907),-0.6827490470098665,-1.0915326979602022,0.38974358974358975,1.0,1.0,4/11,13.29%,PFDN6;PFDN5;CLU;VBP1
prerank,Autophagosome Maturation (GO:0097352),-0.5231211415336812,-1.0914093119768034,0.3092006033182504,1.0,1.0,10/42,7.37%,TECPR1;MAP1LC3A;SNAP29;CHMP2A;RUBCNL;ATP2A2;CHMP3;VCP;CHMP7;CALM1
prerank,Glycosphingolipid Biosynthetic Process (GO:0006688),-0.6102376263250453,-1.091393506078655,0.33949579831932775,1.0,1.0,7/18,16.89%,B4GALNT1;ST6GALNAC5;ST8SIA5;ST8SIA3;LARGE1;TM9SF2;ST3GAL5
prerank,Regulation Of Cell Size (GO:0008361),-0.5721174733703361,-1.091108369895766,0.34782608695652173,1.0,1.0,10/24,12.49%,PLEK;VAV3;PRR16;LAMTOR4;LAMTOR5;RAC1;MTPN;MSN;ARHGAP35;EZR
prerank,Negative Regulation Of Hydrogen Peroxide-Induced Cell Death (GO:1903206),-0.6900647315369788,-1.0907978792203548,0.39045936395759717,1.0,1.0,3/10,5.23%,PARK7;TXN;HGF
prerank,Catecholamine Metabolic Process (GO:0006584),0.6536614811782568,1.0905134845849285,0.3544600938967136,1.0,1.0,3/12,9.14%,PRKN;SNCAIP;DRD1
prerank,Lipoprotein Transport (GO:0042953),-0.6932917241136353,-1.0904168085423547,0.3803786574870912,1.0,1.0,5/10,20.49%,SURF4;SAR1B;PRKCB;MIA3;PPARG
prerank,Cellular Response To UV-B (GO:0071493),0.66632254063588,1.0903054748313732,0.3946731234866828,1.0,1.0,2/11,6.86%,MAPK14;STK11
prerank,miRNA-mediated Gene Silencing (GO:0035195),0.5277668233112642,1.0894792344130586,0.30362116991643456,1.0,1.0,10/25,11.78%,TNRC6B;MOV10;LIMD1;AGO4;AGO2;CNOT6;NCBP2;DDX6;AGO3;EIF4G1
prerank,Regulation Of Cellular Response To Growth Factor Stimulus (GO:0090287),-0.6178989669089454,-1.089361090031334,0.3270547945205479,1.0,1.0,5/17,11.27%,FSTL3;NELL1;FSTL4;FSTL1;FSTL5
prerank,Negative Regulation Of Amyloid-Beta Formation (GO:1902430),-0.6245216794736932,-1.0887414472709314,0.36006825938566556,1.0,1.0,10/16,20.41%,PIN1;CLU;RTN3;CHRNA7;BIN1;RTN1;PRNP;NTRK2;APEX1;RTN4
prerank,Positive Regulation Of Cilium Assembly (GO:0045724),0.549083796850301,1.0878524139167411,0.31088082901554404,1.0,1.0,10/20,15.96%,BBS4;CEP135;ENTR1;CCDC88A;CEP120;TAPT1;PPP1R35;IFT88;CCP110;MARK4
prerank,B Cell Mediated Immunity (GO:0019724),-0.6469807036937031,-1.08763996001631,0.367003367003367,1.0,1.0,5/14,21.59%,IL21R;FCER1G;MSH2;CD74;SLA2
prerank,Positive Regulation Of NLRP3 Inflammasome Complex Assembly (GO:1900227),0.5896219374249726,1.0876389590949291,0.3284313725490196,1.0,1.0,6/16,15.96%,DEPDC1B;USP50;STMP1;MYD88;PRKD1;MARK4
prerank,Regulation Of Axon Regeneration (GO:0048679),-0.6945030106482495,-1.0870493336248952,0.4114583333333333,1.0,1.0,5/10,12.96%,EPHA4;GRN;STK24;PTPRS;RTN4RL1
prerank,Regulation Of Macrophage Differentiation (GO:0045649),-0.6523276874483621,-1.086734352944046,0.3610169491525424,1.0,1.0,3/13,11.14%,ID2;PRKCA;IL34
prerank,Positive Regulation Of Integrin Activation (GO:0033625),-0.6823271067109863,-1.08669478276755,0.38215488215488214,1.0,1.0,3/10,16.06%,PLEK;SRC;PIEZO1
prerank,Positive Regulation Of Monooxygenase Activity (GO:0032770),0.5415716308138917,1.0866910681514705,0.3149171270718232,1.0,1.0,4/23,7.49%,SCARB1;FGF23;DHFR;NOS1AP
prerank,Cellular Response To Amyloid-Beta (GO:1904646),-0.540494506102569,-1.086585020073021,0.3333333333333333,1.0,1.0,15/32,21.39%,EPHA4;LGMN;CASP4;GRIN2A;CDK5;AGER;APP;ICAM1;GRM5;PRNP;TREM2;GRIN1;ADRB2;CACNB1;SNX6
prerank,Positive Regulation Of Epidermal Cell Differentiation (GO:0045606),0.6324637692928284,1.086349659869708,0.34190231362467866,1.0,1.0,2/13,2.48%,NCOA3;PRKCH
prerank,Ephrin Receptor Signaling Pathway (GO:0048013),-0.5140550505309853,-1.0859808204158328,0.31384615384615383,1.0,1.0,19/42,19.57%,EPHA6;EFNA5;EPHA4;NGEF;PAK3;KALRN;PAK1;LYN;EPHB1;CHN1;SRC;ANKS1B;EFNA3;ARHGEF28;EPHA5;EPHB3;SIPA1L1;ARHGEF7;EPHB6
prerank,Iron-Sulfur Cluster Assembly (GO:0016226),-0.5793810187409335,-1.0854522008162084,0.36038961038961037,1.0,1.0,4/22,4.39%,BOLA3;NFU1;NDUFAB1;ISCU
prerank,Metallo-Sulfur Cluster Assembly (GO:0031163),-0.5793810187409335,-1.0854522008162084,0.36038961038961037,1.0,1.0,4/22,4.39%,BOLA3;NFU1;NDUFAB1;ISCU
prerank,Protein Stabilization (GO:0050821),-0.4361328573551842,-1.0853634434102828,0.27122940430925224,1.0,1.0,72/188,18.83%,PFDN6;GAPDH;USP36;PARK7;AAK1;CDC37;FBXW7;PIN1;SPAG1;CCT5;FLOT2;ATP1B1;EPHA4;IFT46;PYURF;GRN;CCT2;FLOT1;PPARGC1A;HCFC1;PFDN5;USP19;MUL1;TESC;CLU;PPIB;MTMR9;ZBED3;CALR;RPL5;GPI;STUB1;TTI2;TBRG1;HSP90AA1;HSP90AB1;LAMP1;UXT;PER3;RPS7;PLPP3;ANK2;GPIHBP1;CDK7;RAB21;COG7;VBP1;SEL1L;NCLN;TNIP2;MORC3;STK4;ZSWIM7;CSNK2A1;GTPBP4;SUMO1;PDRG1;HSPD1;TYROBP;TSC1;BAG1;CAMLG;ZNF207;RPL11;OTUD3;STXBP4;CCT3;FLNA;CCT7;USP13;PFDN2;CCT6A
prerank,"Nuclear-Transcribed mRNA Catabolic Process, Deadenylation-Dependent Decay (GO:0000288)",0.4936464228300588,1.0852214444678756,0.29518072289156627,1.0,1.0,14/37,10.24%,DCPS;CNOT2;PATL1;PAN2;SAMD4A;TUT7;DCP1B;TNKS1BP1;CNOT10;CNOT3;SAMD4B;DCP2;TUT4;CNOT6
prerank,Skin Epidermis Development (GO:0098773),-0.5827791655935366,-1.0849656624298718,0.33943427620632277,1.0,1.0,1/20,4.94%,STMN1
prerank,Regulation Of Actin Filament-Based Process (GO:0032970),-0.4834971026893718,-1.0849170497903196,0.28592162554426703,1.0,1.0,24/67,16.81%,BAIAP2L1;ABRACL;RHOG;EFNA5;PAK3;FAM107A;RALA;ARHGAP44;NRG1;DYNLL1;PAK1;BAIAP2;HRAS;BST2;TAOK2;RAC1;ARHGAP35;EZR;RHOQ;HCK;ARHGAP18;MLST8;DMTN;RAC3
prerank,Apoptotic Cell Clearance (GO:0043277),0.5250656645939812,1.0848268035580921,0.2898172323759791,1.0,1.0,7/26,16.56%,SCARB1;XKR8;XKR9;GAS6;HMGB1;MEGF10;ITGAV
prerank,Monocarboxylic Acid Catabolic Process (GO:0072329),-0.6055707877554318,-1.0847166529589678,0.36209813874788493,1.0,1.0,4/17,11.68%,PPARD;NUDT19;FAAH;PLA2G15
prerank,Ruffle Organization (GO:0031529),-0.6294453225495429,-1.084657010308431,0.3573825503355705,1.0,1.0,6/15,11.40%,PLEK;CARMIL1;ARFIP2;TPM1;PIP5K1A;RAC1
prerank,T Cell Activation Involved In Immune Response (GO:0002286),-0.6323110736084738,-1.0844980976374083,0.3637873754152824,1.0,1.0,6/14,18.52%,SLC11A1;FCER1G;ICAM1;LCP1;CD74;EIF2AK4
prerank,Positive Regulation Of I-kappaB kinase/NF-kappaB Signaling (GO:0043123),-0.44385253804783364,-1.083927958533826,0.2812089356110381,1.0,1.0,56/162,18.49%,NDFIP1;GAPDH;BIRC2;TMED4;GOLT1B;TMEM9B;VAPA;CD40;TNFRSF1A;IKBKB;TNFRSF25;TICAM1;TFG;LAMTOR5;DHX36;DDX21;IKBKG;IFIT5;SHISA5;CCDC22;S100B;MUL1;WLS;LGALS1;MTDH;UBE2N;LURAP1;DDX1;ALPK1;BST2;TMEM101;S100A13;APOL2;CARD16;CC2D1A;CXXC5;NDFIP2;HLA-DRB1;SLC35B2;PRKCB;JMJD8;TNIP2;TRIM38;HMOX1;RELA;CX3CL1;TRADD;TFRC;CLEC7A;ROR1;TRIM25;CD74;GPR89A;TMEM106A;FLNA;PPM1A
prerank,Regulation Of Translation (GO:0006417),-0.4340762697254585,-1.0838636363158012,0.25154130702836003,1.0,1.0,68/195,16.25%,ALKBH1;GAPDH;EIF1;MALSU1;PRR16;EIF1B;EIF2B4;METTL3;EIF2S1;EIF2AK3;EPHA4;EIF4A2;EIF2AK2;MIF4GD;NAT10;EIF5;ELP3;DHX36;BZW2;ELP4;EIF4ENIF1;RPL10;RBM4B;GEMIN5;LRPPRC;RPS4X;PUM3;TCOF1;METTL14;BTG2;UPF1;DDX3X;RBM3;CNOT1;SHMT2;DDX1;CALR;RPL5;DAPK1;ELP6;ENC1;MAPKAPK5;MTG2;PCIF1;CIRBP;TRIM3;MTPN;CAPRIN1;IGFBP5;EIF3E;LARP4;MTIF2;APP;EIF4H;GSPT1;PLXNB2;METTL5;GRM5;ELP5;BCL3;ATXN2;CSNK2A1;DDX25;RPS3;YTHDF1;YTHDF3;EIF4E;TSC1
prerank,Immune Response-Regulating Cell Surface Receptor Signaling Pathway (GO:0002768),-0.6837446502272728,-1.083811723166361,0.38860971524288107,1.0,1.0,3/11,7.19%,CD40;LILRB2;LYN
prerank,Vesicle Organization (GO:0016050),-0.4686930713113894,-1.0837931841332973,0.30174927113702626,1.0,1.0,34/85,18.60%,PI4K2A;DNM1;ALS2;SYT11;RNF26;HOOK2;TRAPPC6B;SAR1B;VAMP1;CHMP7;TRAPPC13;HOOK1;PLEKHJ1;PLEKHA3;WASL;USP8;TRAPPC2L;FNBP1L;SNX10;ZFYVE16;SYT4;TSNARE1;STX10;STX1B;AP2M1;TRAPPC4;EPS15;LAMTOR1;GOSR1;STX5;VPS11;SRGN;ARFGEF2;CHMP2B
prerank,Negative Regulation By Host Of Viral Process (GO:0044793),0.6558869917625738,1.0837768751758619,0.3660287081339713,1.0,1.0,3/11,2.71%,SMC5;PRKN;ZC3H12A
prerank,Cranial Nerve Development (GO:0021545),-0.6946449794202475,-1.0832091540205546,0.40034965034965037,1.0,1.0,1/10,6.85%,TMEM126A
prerank,Regulation Of Transport (GO:0051049),-0.5253365583088759,-1.0831828892812652,0.321483771251932,1.0,1.0,16/40,12.45%,POFUT2;NELL1;SURF4;ICA1;ICA1L;RAB11A;PLD2;SAR1B;PTPRN2;DNAJA1;MUL1;REEP5;FES;WWC1;USP6;CDK5
prerank,Regulation Of Intrinsic Apoptotic Signaling Pathway (GO:2001242),-0.5067302410518593,-1.0822806606837247,0.3231441048034934,1.0,1.0,13/46,12.66%,BCAP31;NDUFS3;EIF2AK3;DDIT3;NOC2L;FIS1;S100A9;S100A8;DDX3X;BID;GSDME;DNM1L;SRC
prerank,Regulation Of Oxidoreductase Activity (GO:0051341),-0.6534983918556005,-1.081916843694268,0.37566137566137564,1.0,1.0,4/12,19.05%,ECSIT;ABL2;FDX1;SIRT4
prerank,Negative Regulation Of Secretion By Cell (GO:1903531),-0.5306842811493584,-1.081867215412577,0.32644017725258495,1.0,1.0,11/38,14.11%,SYT11;WDR41;TNFRSF1A;CHGA;TNFRSF1B;SMCR8;ERP29;GRM7;ANXA1;SYT4;SERGEF
prerank,Vesicle Coating (GO:0006901),-0.5537885766040753,-1.0817768580077358,0.34824281150159747,1.0,1.0,11/27,16.00%,PREB;TMED2;AP3S2;TRAPPC6B;TRAPPC13;KLHL12;AP3S1;AP3D1;TRAPPC2L;TRAPPC4;PPP6C
prerank,Respiratory Chain Complex IV Assembly (GO:0008535),-0.5819160540993952,-1.081760989336585,0.35081967213114756,1.0,1.0,11/22,12.45%,COA1;COX20;TIMM21;TMEM223;COA3;COA5;COX19;SURF1;COA6;SCO1;SMIM20
prerank,Regulation Of Defense Response (GO:0031347),-0.4710780211696816,-1.0811202594951148,0.3079136690647482,1.0,1.0,24/90,16.81%,IRF1;PARK7;BIRC2;DAGLB;ZMPSTE24;UFL1;GRN;FBXL2;APLP2;TMSB4X;CASP4;LETMD1;ERAP1;ANXA1;CARD16;PIK3AP1;SEMA7A;AGER;RNF135;AREL1;SBNO2;HCK;RELA;SAMHD1
prerank,"DNA Damage Response, Signal Transduction By P53 Class Mediator Resulting In Cell Cycle Arrest (GO:0006977)",0.5915673616001683,1.080915004558117,0.3464373464373464,1.0,1.0,7/15,11.61%,CASP2;PIDD1;GTSE1;PML;CRADD;MDM2;CHEK2
prerank,Positive Regulation Of Calcium Ion Transmembrane Transporter Activity (GO:1901021),-0.5625174706644596,-1.0808937521905249,0.34850863422291994,1.0,1.0,12/25,20.10%,ATP1B1;CALM3;HTT;CALM1;PPP3CA;ANK2;PPP3CB;STAC2;RYR2;SLC9A1;APEX1;P2RY6
prerank,Positive Regulation Of Granulocyte Chemotaxis (GO:0071624),0.5826261561776329,1.0806909902508346,0.3236842105263158,1.0,1.0,4/18,7.97%,THBS4;MCU;MOSPD2;CAMK1D
prerank,Regulation Of Rac Protein Signal Transduction (GO:0035020),0.6135187441745182,1.0804454493955227,0.3583138173302108,1.0,1.0,5/14,7.10%,AUTS2;KBTBD7;PIK3CG;ARF6;GABARAP
prerank,Positive Regulation Of Alpha-Beta T Cell Differentiation (GO:0046638),-0.6387829010259763,-1.0803004739001898,0.3698854337152209,1.0,1.0,2/13,6.35%,NKAP;ZBTB7B
prerank,Cellular Response To Peptide Hormone Stimulus (GO:0071375),0.42628629394191675,1.0801395719263176,0.24444444444444444,1.0,1.0,20/83,10.71%,RAB8A;PDPK1;FER;KAT2B;FOXO1;CAPN10;CPEB2;C2CD5;TBC1D4;INSIG2;SCNN1D;INSIG1;IRS2;PRKCD;SLC25A33;RPS6KB1;HDAC9;AKT2;INSR;SYAP1
prerank,Regulation Of B Cell Differentiation (GO:0045577),-0.5886909852747463,-1.0798196109728728,0.36348949919224555,1.0,1.0,3/19,11.44%,ID2;IL4I1;XBP1
prerank,Positive Regulation Of Defense Response To Virus By Host (GO:0002230),0.539088570695984,1.079238621558421,0.330749354005168,1.0,1.0,5/23,9.14%,APOBEC3G;IL12RB1;ZC3H12A;DTX3L;STAT1
prerank,Regulation Of Smooth Muscle Contraction (GO:0006940),-0.584841089288134,-1.0792041973735678,0.34915254237288135,1.0,1.0,7/20,18.84%,KCNB2;ATP2B1;SRF;CHRM3;PLCE1;CTTN;DAPK3
prerank,Carboxylic Acid Transmembrane Transport (GO:1905039),-0.527725029173817,-1.0791119568138112,0.3427230046948357,1.0,1.0,7/38,8.28%,SLC38A7;SLC16A1;SLC7A6;SLC7A5;SLC23A2;SLC25A11;SLC38A11
prerank,Positive Regulation Of Chemokine Production (GO:0032722),-0.5085139007001669,-1.0789389492492973,0.34017595307917886,1.0,1.0,17/49,21.73%,IL6R;TLR7;EIF2AK2;IL7;DDX3X;IL17RA;AGER;APP;AIF1;HMOX1;LCP1;CLEC7A;CD74;LGALS9;OAS3;OAS1;PYCARD
prerank,Positive Regulation Of Smooth Muscle Cell Migration (GO:0014911),-0.6265129842182453,-1.0788596332148719,0.3735144312393888,1.0,1.0,5/15,14.77%,NELL1;DOCK7;S100A11;IGFBP5;AIF1
prerank,Hexose Biosynthetic Process (GO:0019319),-0.5400049003709938,-1.0786185133222468,0.35478806907378335,1.0,1.0,13/33,11.54%,MDH1;ENO1;TPI1;KRT17;PGM1;CHST15;PPARGC1A;SLC37A4;ATF4;GPI;POLR2D;PGAM1;ENO2
prerank,DNA Damage Response (GO:0006974),0.3626151203656495,1.0785764377859333,0.13636363636363635,1.0,1.0,123/364,16.86%,ATRX;MAPK14;UBQLN4;DEPDC1B;SMC5;ZBTB4;FANCC;CASP2;NIPBL;RFC2;UBA1;ENDOV;HINFP;SIRT7;UVRAG;TRIM28;GTF2H1;PIDD1;FOXO1;ZC3H12A;NABP2;POLA1;NEK4;BOD1L1;WDR76;PDS5A;RAD51B;ATM;TRIP12;RECQL;UBR5;TANK;CHCHD6;RAD9B;BCL2;BARD1;TIGAR;WAC;SUSD6;PARP4;ZBTB1;MAPKAPK2;MACROD2;BOK;FAM111A;MCM9;XRCC2;OGG1;CBX3;STK11;CRY1;TAF1;PML;FBXO5;TOPORS;RFWD3;BLM;CRADD;SPIDR;DTX3L;FOXP1;TIMELESS;RECQL4;ING2;RRM2B;FBH1;PRKCD;USP51;ZBTB40;TAOK1;CDK3;SPRTN;MRE11;RBBP5;FANCL;ZNF668;FBXO6;FSCN1;MEN1;MGMT;SETD7;BAX;CHEK2;BRAT1;POLI;ALKBH8;CCNK;BAZ1B;NSMCE1;RRM1;SETX;YAP1;MCM7;RFC3;PDS5B;MCL1;PSEN1;ZBTB38;FNIP2;LIG1;MAP2K6;HTRA2;MAPK3;HDGFL2;SMC1A;SMC6;RNF169;FBXO45;MUTYH;XIAP;TOPBP1;NPM1;PARP1;YY1;CGAS;ETAA1;SMG1;INTS3;XPA;TAOK3;NCOA6;USP3;IKBKE
prerank,Positive Regulation Of Extrinsic Apoptotic Signaling Pathway (GO:2001238),0.5250816555707679,1.0785671196900937,0.3407960199004975,1.0,1.0,8/27,15.05%,WWOX;PML;PAK2;CYLD;TRAF2;TNFSF10;HTRA2;LTBR
prerank,rRNA Catabolic Process (GO:0016075),-0.6231688526546032,-1.0784021818538139,0.37964458804523427,1.0,1.0,5/16,10.04%,DIS3;EXOSC8;EXOSC4;TRIR;DIS3L
prerank,Negative Regulation Of Release Of Cytochrome C From Mitochondria (GO:0090201),-0.6390474320293827,-1.07827768109582,0.36221837088388215,1.0,1.0,5/14,8.33%,PRELID1;PSMD10;HGF;GHITM;CLU
prerank,Amyloid Precursor Protein Metabolic Process (GO:0042982),0.5782459454979777,1.077746268273106,0.3620689655172414,1.0,1.0,6/17,14.34%,ADAM10;NCSTN;KLK6;PSEN2;TMCC2;PSEN1
prerank,Electron Transport Chain (GO:0022900),-0.633660835752349,-1.0775553495325285,0.35126050420168065,1.0,1.0,8/14,18.08%,ETFDH;PPARGC1A;NDUFA5;ETFRF1;UQCRFS1;PDIA5;ETFB;SDHB
prerank,Antigen Processing And Presentation Of Exogenous Peptide Antigen (GO:0002478),-0.5581240998748621,-1.076957557940624,0.3328173374613003,1.0,1.0,11/27,20.01%,CTSL;CTSS;LGMN;FCER1G;HLA-DRB5;HLA-DRB1;HLA-DRA;DNM2;HLA-E;HLA-DQA1;HLA-DPA1
prerank,Insulin Receptor Signaling Pathway (GO:0008286),0.4626726338097184,1.0763226672668673,0.2894736842105263,1.0,1.0,15/44,12.81%,PHIP;FER;GAB1;FOXO1;SOGA1;PIK3CA;C2CD5;BCAR1;IRS2;AKT2;INSR;APPL1;ZNF106;IDE;PDK4
prerank,Chondroitin Sulfate Metabolic Process (GO:0030204),-0.6189348513275588,-1.076258300691569,0.3723404255319149,1.0,1.0,9/16,18.11%,CHSY1;CHST15;CHST11;CSGALNACT2;UGDH;DSE;CHST12;CHSY3;CHST9
prerank,Regulation Of Proteolysis Involved In Protein Catabolic Process (GO:1903050),-0.5797880788276513,-1.0761754157563939,0.36012861736334406,1.0,1.0,9/22,9.04%,UBB;UBE3A;NUB1;TMF1;EPHA4;PSME1;UCHL5;CTSC;ATP5IF1
prerank,Positive Regulation Of Leukocyte Activation (GO:0002696),0.5757857300555447,1.07615138808022,0.3468354430379747,1.0,1.0,3/17,9.47%,PLPP6;WNT5A;HAVCR1
prerank,Early Endosome To Golgi Transport (GO:0034498),-0.6626585244695148,-1.0760442265696133,0.38998211091234347,1.0,1.0,9/12,19.97%,SURF4;EHD3;RAB6A;STX10;RBSN;STX5;TMED9;SNX2;SNX8
prerank,Mitochondrion Disassembly (GO:0061726),0.4864786257108968,1.0758377759039899,0.3044776119402985,1.0,1.0,10/36,8.76%,FBXL4;PRKN;USP30;FUNDC1;ATG12;SNX7;CTSK;GABARAP;WIPI2;RB1CC1
prerank,Telomere Maintenance In Response To DNA Damage (GO:0043247),-0.6683550945096978,-1.0758324294277861,0.4010600706713781,1.0,1.0,7/11,23.63%,TRAPPC13;SHLD2;SHLD1;APEX1;TFIP11;MAD2L2;TERF2IP
prerank,Positive Regulation Of Fatty Acid Biosynthetic Process (GO:0045723),0.6691276407509887,1.0752816375321659,0.4134831460674157,1.0,1.0,5/10,11.78%,KAT2B;NR1H2;MID1IP1;MLXIPL;LPGAT1
prerank,Regulation Of Transferase Activity (GO:0051338),0.5550339602157536,1.0751660988225573,0.34523809523809523,1.0,1.0,11/20,9.80%,KAT2B;NABP2;HMBOX1;FEM1B;LDB1;PPP1R3F;PARP4;NLRC5;PINX1;FEM1A;BAG5
prerank,Positive Regulation Of Excitatory Postsynaptic Potential (GO:2000463),-0.5684483126686387,-1.0750874039248437,0.345718901453958,1.0,1.0,8/22,13.73%,NETO1;RIMS1;GRIN2B;RIMS2;NRXN1;GRIN2A;CUX2;STX1B
prerank,Actin Filament Bundle Assembly (GO:0051017),-0.53180529556681,-1.07505280686971,0.3375,1.0,1.0,13/32,17.23%,BAIAP2L1;MYO1B;FAM107A;PLS1;BAIAP2;ADD2;EZR;HSP90B1;PAWR;AIF1;LIMA1;DMTN;LCP1
prerank,Regulation Of Multicellular Organismal Development (GO:2000026),0.4485907235012834,1.075030377958529,0.27170868347338933,1.0,1.0,23/56,13.63%,NIPBL;ACTR8;KAT2B;EHMT1;KAT2A;TRIP12;SGF29;TFPT;RAB14;RUVBL2;BAG6;NFRKB;INSR;SCX;PTN;TDG;KAT6A;ALOX15B;HPSE;INO80D;CCSAP;KAT6B;YEATS2
prerank,Cellular Response To Insulin Stimulus (GO:0032869),0.4174047958686247,1.0749358401427114,0.23985239852398524,1.0,1.0,26/94,11.58%,PHIP;RAB8A;PDPK1;FER;KAT2B;GAB1;FOXO1;SOGA1;CAPN10;CPEB2;C2CD5;TBC1D4;BCAR1;INSIG2;INSIG1;IRS2;SLC25A33;RPS6KB1;HDAC9;AKT2;INSR;APPL1;ZNF106;SLC27A1;SYAP1;IDE
prerank,Regulation Of Cholesterol Transport (GO:0032374),-0.5886984742590539,-1.074433122339141,0.3696,1.0,1.0,6/19,15.78%,YJEFN3;ARV1;ABCA5;NAXE;OSBPL6;LAMTOR1
prerank,G2/M Transition Of Mitotic Cell Cycle (GO:0000086),-0.5263570129984123,-1.0742471012629742,0.36065573770491804,1.0,1.0,13/38,19.06%,CCDC57;PLCB1;ARPP19;FBXL15;CDC25B;KDM8;ENSA;CDK14;BACH1;LATS1;DNM2;BRSK1;BRSK2
prerank,Regulation Of Carbohydrate Metabolic Process (GO:0006109),0.5789745811596897,1.0739618721343422,0.36623376623376624,1.0,1.0,5/15,9.01%,PDK1;PRKN;SCARB2;FOXK2;PDK3
prerank,Regulation Of Axonogenesis (GO:0050770),-0.5084320296542338,-1.0737710765252197,0.35276073619631904,1.0,1.0,22/42,19.23%,PLXNA4;THY1;EPHA4;PAK3;TIAM2;GDI1;PLXNA2;PAK1;CHN1;ROBO2;ARHGAP35;PLXNC1;CDH2;MAP6;PLXNB2;CHODL;NRDC;NTRK2;EPHB3;BRSK1;BRSK2;SIPA1L1
prerank,Regulation Of Intrinsic Apoptotic Signaling Pathway In Response To DNA Damage (GO:1902229),-0.6018092476756715,-1.0735600616764238,0.37583892617449666,1.0,1.0,6/15,15.48%,CDKN2D;CLU;TPT1;CXCL12;CCAR2;RPS3
prerank,Membrane Protein Proteolysis (GO:0033619),-0.5393999754166339,-1.0727437224355254,0.3429003021148036,1.0,1.0,16/32,18.72%,AFG3L2;DAG1;RHBDD1;SPPL2A;PRKCQ;SPPL2B;ERAP1;ADAM17;CTSH;APH1B;CLPP;ADAM19;ADAM9;MYH9;MBTPS1;BACE2
prerank,Post-Transcriptional Gene Silencing (GO:0016441),0.6476776336441384,1.072694083806013,0.3901345291479821,1.0,1.0,5/11,8.92%,MOV10;CELF1;HELZ;GIGYF2;DHX9
prerank,Iron Ion Transport (GO:0006826),-0.5680913433278799,-1.0726266068580592,0.3553459119496855,1.0,1.0,6/24,10.53%,LMTK2;FTH1;SLC11A1;TTYH1;TFR2;STEAP3
prerank,Negative Regulation Of Transcription Elongation By RNA Polymerase II (GO:0034244),-0.6325125374254967,-1.0724173373470527,0.391304347826087,1.0,1.0,7/14,17.59%,HEXIM1;NELFB;SIRT6;RNF168;RNF8;RECQL5;TCERG1
prerank,Organonitrogen Compound Biosynthetic Process (GO:1901566),-0.45010720284957745,-1.0721133631055624,0.3147896879240163,1.0,1.0,29/116,16.62%,SLC44A5;PCSK5;ELOVL4;PAM;PCYT1A;CERS6;PLPP1;TNIP1;SAMD8;AKR1A1;MOCOS;SPTLC1;LPCAT3;SPHK2;PLA2G4C;B4GAT1;ORMDL2;ELOVL5;PLPP3;ALAS1;MOCS2;BCAT1;DMD;ST3GAL2;LARGE1;B4GALT5;GAL3ST4;PRKD2;ACER3
prerank,Negative Regulation Of Mitotic Metaphase/Anaphase Transition (GO:0045841),0.515887445588141,1.0716199862854108,0.312,1.0,1.0,8/27,16.18%,ATM;ZWILCH;FBXO5;BUB3;NUF2;TEX14;KNTC1;TPR
prerank,Very Long-Chain Fatty Acid Metabolic Process (GO:0000038),-0.5384162278528642,-1.0709858016697895,0.32189542483660133,1.0,1.0,9/32,16.75%,ELOVL4;ACOT2;ACSL1;SLC27A5;ELOVL5;ABCD3;SLC27A4;ACAA1;ABCD4
prerank,rRNA Modification (GO:0000154),-0.6020106573231905,-1.0709143346867425,0.3683360258481422,1.0,1.0,10/17,17.19%,TFB1M;DKC1;NAT10;TRMT112;NHP2;NOP10;MRM2;METTL5;FBL;ZCCHC4
prerank,Regulation Of Reactive Oxygen Species Metabolic Process (GO:2000377),0.441285564358235,1.0708543139231363,0.27070063694267515,1.0,1.0,12/54,11.59%,MAPK14;PRKN;ZC3H12A;ROMO1;BCO2;STK17A;SNCA;PDK3;SLC25A33;PDGFB;PIKFYVE;TGFBR2
prerank,Integrated Stress Response Signaling (GO:0140467),-0.5489629500909406,-1.0696699839713972,0.34290271132376393,1.0,1.0,9/28,8.78%,JUN;NFE2L3;EIF2S1;EIF2AK3;EIF2AK2;DDIT3;CEBPB;MAFB;MAP3K20
prerank,Cholesterol Efflux (GO:0033344),0.5674055639844745,1.0696688819043696,0.35609756097560974,1.0,1.0,2/18,3.53%,SCARB1;ABCG1
prerank,Nervous System Development (GO:0007399),-0.40441165253787353,-1.0692999188023196,0.25386313465783666,1.0,1.0,109/410,16.07%,NUMBL;TAGLN3;ADAM23;GRIK1;SCN2A;OPHN1;MAP1S;NRSN1;TRPC5;NBL1;NELL1;RAB29;SHC3;DAGLB;NEUROD2;NPAS1;COX7B;RBFOX1;OLFM1;NRCAM;CYP46A1;EFNA5;TGFBR1;BTBD1;SHANK2;DCLK1;KCNQ2;TENM1;L1CAM;GPM6A;RAPGEFL1;ELP3;SH3GL2;NRSN2;MAMDC2;CABLES1;CSPG5;TPP1;NRG1;LDB2;MERTK;KALRN;FLRT3;S100B;ASIC2;SDK2;IGSF8;SEMA6B;EPHB1;RBFOX3;ANKLE2;MDGA2;MYT1L;ADGRB1;TMEM223;CNTN4;APLP2;FGF13;CNTFR;FGF14;BRINP2;NCKAP1;IL1RAPL2;INTU;SERPINI1;NRXN1;STMN3;ENC1;BTD;CHRM3;ARHGAP26;GDF11;SCN8A;FGF12;SCRG1;NDUFV2;VLDLR;TRIM3;GLRB;APC2;ROBO2;LGI1;FABP7;CRIM1;SRRM4;CDK5;FN1;DPYSL4;LY6H;CDH2;SNTG2;POU6F2;MOG;FEZ2;NRXN2;NEURL1;APP;LIMK1;AHI1;ADORA1;ADGRV1;DCX;EVL;ATXN1;GSS;DPF1;APC;TRAK2;NPTX1
prerank,Detection Of Mechanical Stimulus Involved In Sensory Perception (GO:0050974),-0.6268224459654718,-1.0689593066932137,0.3989983305509182,1.0,1.0,4/14,9.96%,KCNA1;COL11A1;SCN1A;KCNK4
prerank,Regulation Of mRNA Processing (GO:0050684),0.48290477272447063,1.0683859124126587,0.325,1.0,1.0,11/35,13.23%,PTCD2;QKI;YTHDC1;SAFB2;PAPOLA;SAFB;HNRNPK;RBM39;DHX9;SRSF3;MAGOH
prerank,Negative Regulation Of Intrinsic Apoptotic Signaling Pathway In Response To DNA Damage (GO:1902230),-0.5695928250419929,-1.0683789892362785,0.36097560975609755,1.0,1.0,10/22,21.38%,CDKN2D;CD44;CLU;TPT1;CXCL12;CCAR2;CD74;SIRT1;BCL2L1;ZNF385A
prerank,Response To Cytokine (GO:0034097),-0.4462477717811263,-1.0682177335062204,0.3276762402088773,1.0,1.0,36/116,17.75%,AFF3;ADAR;NUB1;IL6R;SLC11A1;TIMP3;CD40;EIF2AK2;RELB;MAP2K7;PRKCA;TRIM56;SP100;MX2;SHMT2;IFITM2;IFITM3;CH25H;SRF;BST2;MAPKAPK3;IGBP1;MX1;ANXA1;ISG15;SRC;HAX1;SELL;APP;NFAT5;XAF1;PID1;RELA;SETD2;CD74;ADAM9
prerank,Magnesium Ion Transport (GO:0015693),-0.6767921493164286,-1.0676973174284963,0.42931034482758623,1.0,1.0,1/10,3.85%,TUSC3
prerank,Monocarboxylic Acid Biosynthetic Process (GO:0072330),-0.4816207179878624,-1.0676920110797934,0.3366906474820144,1.0,1.0,19/62,18.51%,ELOVL4;PARK7;GAMT;CYP46A1;NDUFAB1;OSBP;HSD17B10;ACSM5;FASN;XBP1;SLC27A5;ABCD3;OSBPL6;LCP1;ACSF3;DSE;CHST12;ACACB;PER2
prerank,Negative Regulation Of Cell Death (GO:0060548),-0.4882010429025164,-1.0674006462573629,0.33428981348637016,1.0,1.0,15/56,13.48%,TMEM109;PARK7;CHMP2A;CHGA;TNFRSF1B;CHMP3;IKBKG;CHMP7;CD200;PSMC5;TXNDC12;TM7SF3;PACRG;CDK5;GPNMB
prerank,Positive Regulation Of Carbohydrate Metabolic Process (GO:0045913),0.4998255573445416,1.0673776436482387,0.323943661971831,1.0,1.0,10/30,10.57%,ZBTB20;PRKAA1;P2RX7;SNCA;IRS2;PDGFB;ARNT;AKT2;INSR;MLXIPL
prerank,Calcium Ion Import (GO:0070509),-0.6508754988148452,-1.0672396489636353,0.423728813559322,1.0,1.0,2/12,6.11%,MCUR1;CACNB2
prerank,Membrane Fusion (GO:0061025),-0.5544082615799526,-1.06672879035801,0.3727422003284072,1.0,1.0,10/25,18.15%,RABIF;RIMS1;SNAP29;VAPA;NAPA;NSFL1C;DNM1L;HACE1;UBXN2A;UBXN2B
prerank,Ionotropic Glutamate Receptor Signaling Pathway (GO:0035235),-0.6516395322029255,-1.0666259397803777,0.3945578231292517,1.0,1.0,3/12,11.49%,GRIN2B;GRIA2;GRIN2A
prerank,Regulation Of Response To External Stimulus (GO:0032101),-0.44889005635897045,-1.066309423538134,0.330150068212824,1.0,1.0,29/118,16.81%,IRF1;PARK7;BIRC2;DAGLB;ZMPSTE24;UFL1;GRN;NRG1;STK24;FBXL2;APLP2;TMSB4X;CASP4;LETMD1;ERAP1;ANXA1;CARD16;PIK3AP1;SEMA7A;AGER;RNF135;AREL1;SBNO2;P2RX4;HCK;USP14;RELA;CX3CL1;SAMHD1
prerank,Regulation Of Calcium Ion-Dependent Exocytosis (GO:0017158),-0.5539477559743524,-1.066117181297554,0.3590551181102362,1.0,1.0,11/27,13.01%,RPH3A;STX1A;KCNB1;SYT11;SYT1;SYT13;SYT2;SYT5;STXBP1;SYT10;SYT4
prerank,"Regulation Of Phagocytosis, Engulfment (GO:0060099)",-0.6813852604438828,-1.066059307392173,0.4091710758377425,1.0,1.0,6/10,22.24%,CD300A;APLP2;UXT;RAB31;TREM2;PLCG2
prerank,Protein Mannosylation (GO:0035268),-0.5826073381634458,-1.0659942773019704,0.3708609271523179,1.0,1.0,5/19,5.35%,DPM2;POMT1;POMGNT2;DPY19L2;TMTC1
prerank,Negative Regulation Of Cell Projection Organization (GO:0031345),-0.49753286072852165,-1.06590955776855,0.3816568047337278,1.0,1.0,16/49,13.73%,STMN2;ADCY6;PRAG1;RAB29;PTPRO;GRIN2B;PAQR3;EPHA4;DCC;TNR;PTPRS;CIB1;YWHAH;RAPGEF2;RTN4RL1;STX1B
prerank,Cilium Organization (GO:0044782),-0.4229838266653073,-1.0655733019716112,0.30966952264381886,1.0,1.0,71/206,15.58%,CCDC65;ARMC2;CCDC57;TXNDC15;IFT122;ACTR2;AVIL;SNAP29;ASAP1;B9D1;WDR35;NUDCD3;CFAP54;BBIP1;OFD1;IQCG;DNMBP;IFT46;C2CD3;KIFAP3;CFAP221;ARL6;CEP78;EHD3;IFT57;CLUAP1;DUSP23;FAM161A;TCTN3;SCLT1;RAB23;EHD4;CPLANE1;KIF3B;ATP6V0D1;CEP250;RILPL2;SSX2IP;IFT43;TMEM138;INTU;BBS7;DYNC2H1;GBF1;ALPK1;IFT52;ATP6V1D;CEP126;ARL3;IQCB1;IFT20;FNBP1L;SNX10;RPGR;CENPJ;STK36;IFT172;TTC26;PIBF1;KIAA0753;RILPL1;RAB3IP;CFAP70;MAP4;AHI1;SPAG16;HSPB11;WDR19;CEP19;TTC39C;TMEM237
prerank,poly(A)+ mRNA Export From Nucleus (GO:0016973),-0.5734677300347777,-1.0655370082416817,0.3876582278481013,1.0,1.0,3/20,5.14%,ENY2;DDX19A;NXF1
prerank,Extracellular Transport (GO:0006858),0.648450170321438,1.0655007745829608,0.4117647058823529,1.0,1.0,5/11,12.29%,CCDC40;CABYR;SPEF2;TSG101;DNAAF2
prerank,Axonogenesis (GO:0007409),-0.4299051968140996,-1.0653886001244923,0.3132075471698113,1.0,1.0,60/181,15.39%,CCK;AFG3L2;OPHN1;MAP1S;NELL1;SCN1B;PTPRO;CNTN5;DAG1;RAB3A;EPHA6;PLPPR4;NRCAM;DOCK7;EFNA5;EPHA4;PAK3;L1CAM;MAP1B;DCC;SEMA3E;NELL2;CYFIP2;ATL1;SLITRK4;SLIT1;KALRN;S100B;TNR;SEMA6B;BAIAP2;EPHB1;CNTN4;SEMA4B;APLP2;PRKCQ;APBB1;NTNG1;NRXN1;CNTN1;SSNA1;LRTM1;HSP90AA1;HSP90AB1;TAOK2;CXCL12;ROBO2;LGI1;ARHGAP35;CDK5;PPP3CB;SEMA7A;FEZ2;ARHGEF25;KIF5A;APP;NEFH;B4GALT5;NEXN;VASP
prerank,Enzyme-Linked Receptor Protein Signaling Pathway (GO:0007167),0.3974222849309025,1.06461436142696,0.25206611570247933,1.0,1.0,28/120,14.37%,EGFR;DDR1;MPZL1;DOK4;TRIO;TIE1;CNKSR1;RYK;PTPRF;NEDD9;YES1;CASS4;BCAR1;IL6ST;FRK;NPR2;ACVR2B;LIFR;FGFR3;INSR;MUSK;CD7;PTN;AXL;RASGRP4;ACVR1B;PTPRU;SAMD12
prerank,Negative Regulation Of mRNA Catabolic Process (GO:1902373),0.46722189411682674,1.0646033408323103,0.32471264367816094,1.0,1.0,8/40,10.85%,PAIP1;NBAS;SYNCRIP;HNRNPU;TAF15;DHX9;IREB2;MEIOC
prerank,T-helper Cell Differentiation (GO:0042093),0.5772885545015488,1.0640448962541316,0.3511450381679389,1.0,1.0,6/16,12.47%,PTGER4;KMT2A;TMEM98;FOXP1;MEN1;HMGB1
prerank,Negative Regulation Of Endopeptidase Activity (GO:0010951),-0.49855656680113297,-1.0638774812393714,0.35294117647058826,1.0,1.0,10/49,16.65%,GAPDH;TIMP3;SERPINB9;NRG1;SERPINI1;BIN1;CR1;SERPINE2;SERPINF1;CST3
prerank,Negative Regulation Of Cell Development (GO:0010721),0.5325184213205753,1.0633742488399638,0.3460559796437659,1.0,1.0,8/21,21.45%,HOOK3;REST;SORL1;IL17D;GSK3B;NOTCH1;IGF1;CAV3
prerank,Regulation Of Oxidative Phosphorylation (GO:0002082),-0.6204368582726821,-1.0633237563513744,0.40456769983686786,1.0,1.0,4/15,9.19%,COX7A2L;COX7A2;VCP;SHMT2
prerank,Phagolysosome Assembly (GO:0001845),-0.6434412700977131,-1.0632999551465752,0.3926174496644295,1.0,1.0,3/13,5.51%,RAB39A;RAB20;RAB7A
prerank,Positive Regulation Of Cell Projection Organization (GO:0031346),-0.44674939193280344,-1.06300269873694,0.3337696335078534,1.0,1.0,45/116,18.99%,STMN2;PRKCI;PLXNA4;SCN1B;MAP3K13;AVIL;ZNF804A;CARMIL1;PTK7;NTRK3;TIAM2;RIT2;PLXNA2;DDR2;TENM3;LYN;S100A9;NDRG4;FES;CDKL3;SERPINI1;ITGA6;PLPPR5;ROBO2;OBSL1;RAPGEF2;CAPRIN1;ARHGAP35;CUX2;PLXNC1;ROR2;MAP6;PLXNB2;NPTN;CX3CL1;CHODL;RAPGEF1;SNX3;ROR1;NRDC;RETREG3;AMIGO1;NTRK2;STYXL1;LRRC7
prerank,Response To Calcium Ion (GO:0051592),-0.4575326811103671,-1.0629225102464843,0.3436657681940701,1.0,1.0,38/100,17.75%,KCNH1;KCNMB3;ITPKA;TRPC1;CPNE9;NEUROD2;SYT11;SYT1;BRAF;AHCYL1;CPNE8;CALM3;CPNE4;SYT13;SYT2;CALM1;CLU;LGMN;PPP3CA;SYT5;PRKAA2;CPNE1;SYT10;SYT4;ADCY8;ALOX5AP;HOMER1;SLC25A24;ADGRV1;TTN;SLC25A12;KCNMB1;DMTN;RYR2;CPNE5;ADCY1;KCNMA1;ADAM9
prerank,Polysaccharide Biosynthetic Process (GO:0000271),-0.6572581089634176,-1.0628509778276929,0.41278065630397237,1.0,1.0,5/11,22.79%,EXT2;NDST3;CSGALNACT2;HS2ST1;EXT1
prerank,Negative Regulation Of Hydrolase Activity (GO:0051346),0.4676827962657428,1.0627722390432262,0.313953488372093,1.0,1.0,15/40,14.91%,ARFGEF1;BCAS3;EGLN1;URI1;CPEB2;WNK1;CHP1;LRCH1;NOS1;GMIP;RDX;RCC2;SH3BP4;LRRK2;TERF2
prerank,Ceramide Biosynthetic Process (GO:0046513),-0.5142113070648897,-1.0621730300417864,0.353125,1.0,1.0,7/37,10.94%,B4GALNT1;ST6GALNAC5;CERS6;SAMD8;SMPD4;SPTLC1;ST8SIA3
prerank,Negative Regulation Of Cellular Response To Growth Factor Stimulus (GO:0090288),-0.4769278073304162,-1.0620897518386871,0.34837799717912554,1.0,1.0,12/66,15.17%,SKI;FSTL3;NBL1;BMPER;ATP2B4;CASK;UBE2D3;VWC2;CRIM1;GPC1;UBE2D1;PTPN1
prerank,Hippo Signaling (GO:0035329),0.5648683997043927,1.0616558994080532,0.3553921568627451,1.0,1.0,6/17,13.50%,AMOTL2;SAV1;FAT4;MOB1B;AMOTL1;YAP1
prerank,Protein Secretion (GO:0009306),-0.4794793385788148,-1.0616452172129491,0.3625,1.0,1.0,18/59,13.90%,PCSK5;PARK7;PREB;RIMS2;RAB3A;SVBP;OLFM2;TVP23A;PDIA4;AP1S1;TMEM167A;WLS;RAB3D;CAMK2G;STEAP3;ANXA1;NAGPA;SEL1L
prerank,Fatty Acid Transmembrane Transport (GO:1902001),-0.6478470619733658,-1.0615886913416916,0.4199288256227758,1.0,1.0,5/12,16.75%,SLC27A5;SLC25A20;ABCD3;CPT1A;ABCD4
prerank,Negative Regulation Of Phosphorylation (GO:0042326),-0.47242548552755187,-1.0613442006187706,0.3352272727272727,1.0,1.0,16/73,12.39%,CDKN1A;PARK7;SIRPA;CDKN2D;PAQR3;NTRK3;SH3GL2;LRP6;DYNLL1;LYN;CDKN2A;ZBED3;CIB1;UXT;PLPP3;IBTK
prerank,Purine Nucleoside Bisphosphate Metabolic Process (GO:0034032),-0.5623839734825314,-1.0613191714733772,0.38118022328548645,1.0,1.0,4/24,10.66%,ACOT7;ACOT9;ACOT2;ACSM5
prerank,Ribonucleoside Bisphosphate Metabolic Process (GO:0033875),-0.5623839734825314,-1.0613191714733772,0.38118022328548645,1.0,1.0,4/24,10.66%,ACOT7;ACOT9;ACOT2;ACSM5
prerank,tRNA Aminoacylation (GO:0043039),-0.6532898071161962,-1.0606133253945447,0.4149305555555556,1.0,1.0,3/11,3.78%,RARS2;FARS2;HARS2
prerank,Positive Regulation Of Telomere Maintenance (GO:0032206),0.4480996562881847,1.0600775368379332,0.3287292817679558,1.0,1.0,20/52,14.91%,ATRX;ACTR8;TNKS2;MAP3K4;HNRNPA2B1;NABP2;POT1;ATM;TFPT;ACTL6A;RUVBL2;PML;NFRKB;MRE11;MAPK1;INO80D;TERF1;PPP1R10;MAPK3;TERF2
prerank,tRNA Methylation (GO:0030488),-0.5169876719331495,-1.059412759064572,0.36817472698907955,1.0,1.0,13/36,15.08%,NSUN2;DALRD3;TRMT112;THUMPD3;TARBP1;HSD17B10;TRDMT1;TRMT10B;FTSJ1;MTO1;METTL8;TRMT9B;TRMT44
prerank,Regulation Of Dendritic Spine Morphogenesis (GO:0061001),-0.5370212650919949,-1.059257825493612,0.3683385579937304,1.0,1.0,11/29,16.40%,ABI3;EPHA4;CFL1;NGEF;ARHGAP44;DHX36;CAPRIN1;CDK5;CUX2;KIF1A;PPFIA2
prerank,Autophagy Of Nucleus (GO:0044804),0.5693408542120635,1.0592466441901167,0.3629441624365482,1.0,1.0,9/18,15.38%,ATG13;ULK1;SNX7;WIPI2;RB1CC1;WDR45;ULK2;ATG2B;WIPI1
prerank,Negative Regulation Of Catalytic Activity (GO:0043086),-0.5642310976736921,-1.0592282959184836,0.3728,1.0,1.0,5/25,13.67%,CAMK2A;PHPT1;CAND1;ATP5IF1;CCAR2
prerank,Endoplasmic Reticulum Membrane Organization (GO:0090158),-0.6681901206433895,-1.0591497970331831,0.4351687388987567,1.0,1.0,7/10,20.41%,ATL1;VCPIP1;LPCAT3;REEP5;STX18;BNIP1;RTN4
prerank,Oxoacid Metabolic Process (GO:0043436),-0.5891473229337391,-1.059053957539446,0.37254901960784315,1.0,1.0,4/17,13.26%,SULT1A1;THAP4;GRHPR;TPST1
prerank,Positive Regulation Of DNA Recombination (GO:0045911),-0.4947995965332198,-1.0588603257675249,0.33883058470764615,1.0,1.0,21/51,13.53%,OOEP;MORF4L2;ACTR2;PIAS4;MEAF6;KAT5;HMCES;TRAPPC13;SHLD2;ZCWPW1;MRNIP;PAXIP1;KMT5B;DMAP1;VPS72;SHLD1;EP400;EPC2;ERCC2;BRD8;FUS
prerank,Heart Process (GO:0003015),-0.6029157202309879,-1.0587556600365065,0.34982935153583616,1.0,1.0,3/15,13.69%,SOD1;ZNHIT1;RANGRF
prerank,Sterol Transport (GO:0015918),-0.5616514328801957,-1.0583987931218641,0.3862876254180602,1.0,1.0,6/24,15.60%,VAPA;ARV1;OSBP;GRAMD1A;GRAMD1C;STARD3NL
prerank,Cell Morphogenesis Involved In Neuron Differentiation (GO:0048667),-0.46546378995559223,-1.0583779726241356,0.3515850144092219,1.0,1.0,23/75,11.11%,CCK;AFG3L2;OPHN1;MAP1S;RAB3A;PLPPR4;NRCAM;DOCK7;PAK3;MAP1B;DCC;ATL1;SLITRK4;S100B;BAIAP2;MAP2;ADGRB1;CNTN4;APLP2;APBB1;NTNG1;SSNA1;TAOK2
prerank,Fc-gamma Receptor Signaling Pathway (GO:0038094),-0.5607819669573917,-1.0582872941019341,0.391025641025641,1.0,1.0,11/24,15.82%,VAV3;PLD2;FCGR3A;PAK1;LYN;PLPP4;FCER1G;SRC;LIMK1;VAV2;HCK
prerank,Positive Regulation Of ERK1 And ERK2 Cascade (GO:0070374),-0.43283632627471147,-1.0582370718501017,0.3333333333333333,1.0,1.0,43/154,20.10%,CCR1;OPRM1;NELL1;FBXW7;BRAF;NTRK3;MAP2K7;CD44;DDR2;FFAR4;NRG1;MAP2K1;BMPER;PRKCA;NDRG4;HRAS;CIB1;CHRNA7;PDGFD;RAPGEF2;C5AR1;RASGRP1;HLA-DRB1;SEMA7A;GPNMB;AGER;ROR2;SCIMP;APP;HTR2A;ICAM1;GAREM1;PRKD2;CX3CL1;ROR1;CD74;NTRK2;SERPINF2;NOTCH2;LGALS9;GLIPR2;CD4;P2RY6
prerank,Copper Ion Homeostasis (GO:0055070),-0.6166815085880781,-1.0581877571818192,0.42158516020236086,1.0,1.0,9/14,20.91%,COMMD1;CCDC22;COX19;APP;PRNP;ARF1;ANKRD9;MT2A;ATP7B
prerank,Positive Regulation Of Natural Killer Cell Mediated Immunity (GO:0002717),-0.5724379823905108,-1.0580767788854835,0.37479806138933763,1.0,1.0,5/20,18.82%,NECTIN2;LAMP1;KLRD1;RASGRP1;HLA-E
prerank,Positive Regulation Of Viral Genome Replication (GO:0045070),0.5062402312382505,1.0578919691032234,0.33506493506493507,1.0,1.0,8/29,13.20%,ADARB1;PPARA;PKN2;TOP2B;PPID;VAPB;IFIT1;HACD3
prerank,Protein-Containing Complex Organization (GO:0043933),0.3955306448411008,1.0572627085861261,0.27380952380952384,1.0,1.0,42/118,15.64%,WIPF1;CREBBP;FANCC;CD2AP;TIAM1;PICALM;MAGI1;MDM4;NUP133;NDUFAF1;DET1;TFAP4;TRAF1;TUBGCP2;OCLN;KMT2A;PML;NEMF;CAPG;SLC9A3R1;DHX9;TCAP;MDM2;LPXN;NAPG;REPS2;NUP205;RANBP9;PPID;TRAF2;MITF;APBA1;KNTC1;HFE;YAP1;TSPAN4;CD247;SLC25A46;NCKAP1L;PARD6B;SNX9;WAS
prerank,Primary Alcohol Metabolic Process (GO:0034308),0.6134284874288967,1.0571686965632896,0.4047058823529412,1.0,1.0,3/12,7.04%,GDPD3;NAAA;GDE1
prerank,Nucleotide-Sugar Biosynthetic Process (GO:0009226),-0.6119407652381238,-1.0568551285108572,0.4027538726333907,1.0,1.0,8/15,19.32%,NANS;UXS1;UAP1;GNPNAT1;PMM2;UGDH;GFPT1;PMM1
prerank,Negative Regulation Of Cytokine Production (GO:0001818),-0.4332868174643359,-1.0568407730427454,0.33672172808132145,1.0,1.0,50/159,17.81%,SIRPA;LAPTM5;SLC11A1;DDX56;SYT11;HOMER2;DDIT3;TRIM27;SELENOS;KAT5;ANXA4;ATG5;FFAR4;CUEDC2;TNFRSF21;ATP2B1;CD200;APLP2;ZFP36;RBX1;TMSB4X;BANF1;ITCH;CR1;RAC1;PTPN6;ANXA1;FN1;EZR;HLA-DRB1;VSIG4;GPNMB;AGER;C1QBP;PIBF1;RNF216;BCL3;PRNP;XAF1;TYROBP;PPP1R11;NPTN;CX3CL1;ASB1;CMKLR1;RGCC;VSIR;KLHL22;CACTIN;SRGN
prerank,Establishment Of Skin Barrier (GO:0061436),-0.5827829035562406,-1.0565500579702989,0.38593481989708406,1.0,1.0,1/18,4.94%,STMN1
prerank,Negative Regulation Of TOR Signaling (GO:0032007),0.4595418026371042,1.055659475926171,0.3161290322580645,1.0,1.0,10/46,6.86%,RNF152;DEPTOR;CASTOR2;SESN1;CASTOR1;ATM;PRKAA1;EPM2A;DDIT4;STK11
prerank,Positive Regulation Of Protein Autophosphorylation (GO:0031954),-0.572138317671274,-1.0553891815690735,0.3673469387755102,1.0,1.0,8/21,13.48%,NBN;TOM1L1;CALM3;CALM1;DDX3X;TAOK2;PDGFD;GPNMB
prerank,Negative Regulation Of Viral-Induced Cytoplasmic Pattern Recognition Receptor Signaling Pathway (GO:0039532),-0.610523780063644,-1.054876927503116,0.40165289256198344,1.0,1.0,3/16,7.88%,GRAMD4;RIOK3;PTPRS
prerank,Regulation Of Ventricular Cardiac Muscle Cell Action Potential (GO:0098911),0.625519385564997,1.054814203210157,0.40669856459330145,1.0,1.0,5/11,16.98%,PKP2;DLG1;CTNNA3;JUP;DSC2
prerank,Regulation Of Protein Ubiquitination (GO:0031396),-0.44730398088567747,-1.0547791744886434,0.33155792276964047,1.0,1.0,30/107,12.86%,NDFIP1;COMMD1;PARK7;UBB;UBE3A;LAPTM5;BIRC2;FBXW7;CENPX;SVBP;TGFBR1;PSMD10;FAM107A;UFL1;VPS28;UBE2L3;DNAJA1;TBC1D7;PRICKLE1;RCHY1;UBE2N;PAXIP1;STUB1;HSP90AA1;PRKCG;UBXN1;HSP90AB1;ISG15;DNAJB2;NDFIP2
prerank,Positive Regulation Of Biomineral Tissue Development (GO:0070169),-0.5076056714570326,-1.0546494434975329,0.35650887573964496,1.0,1.0,12/41,16.19%,NELL1;RXRB;CEBPB;ACVR2A;BMPR2;ATP2B1;ATRAID;ISG15;BMPR1A;BMPR1B;ADGRV1;RXRA
prerank,Regulation Of Toll-Like Receptor 9 Signaling Pathway (GO:0034163),-0.6747122911595703,-1.054459553841186,0.4684838160136286,1.0,1.0,2/10,7.88%,GRAMD4;PTPRS
prerank,Negative Regulation Of Protein Catabolic Process (GO:0042177),-0.48941574334511534,-1.0541590027633525,0.3781021897810219,1.0,1.0,18/49,18.74%,OPHN1;NELL1;PIN1;TIMP3;RGP1;PSMF1;FMN2;ATRAID;PRKCG;HSP90AB1;BANP;CST3;ALAD;SNX3;GABARAPL2;SIRT2;FLNA;SNX12
prerank,Smoothened Signaling Pathway (GO:0007224),-0.5140143163723526,-1.054011656445687,0.3805031446540881,1.0,1.0,7/33,13.98%,B9D1;HIPK1;TCTN3;DISP2;MAP3K10;STK36;TTC26
prerank,Negative Regulation Of Defense Response To Virus (GO:0050687),-0.6258883965550709,-1.0539581012477854,0.42226148409893993,1.0,1.0,5/13,13.76%,RNF26;ATG5;MUL1;ITCH;C1QBP
prerank,Chondroitin Sulfate Biosynthetic Process (GO:0030206),-0.627404227465091,-1.0537940415967244,0.3951890034364261,1.0,1.0,8/13,18.11%,CHSY1;CHST15;CHST11;CSGALNACT2;UGDH;CHST12;CHSY3;CHST9
prerank,Reverse Cholesterol Transport (GO:0043691),0.611434436739084,1.053666869321449,0.40669856459330145,1.0,1.0,3/12,8.56%,SCARB1;ABCG1;LIPG
prerank,Positive Regulation Of Triglyceride Biosynthetic Process (GO:0010867),0.6404072893917964,1.0535890981492773,0.41626794258373206,1.0,1.0,3/11,10.62%,SCARB1;NR1H2;SLC27A1
prerank,Receptor Catabolic Process (GO:0032801),0.5967532588544561,1.053542494012867,0.3844444444444444,1.0,1.0,3/14,5.84%,SH3GLB1;UVRAG;MVB12A
prerank,Regulation Of JNK Cascade (GO:0046328),0.39723116328435226,1.0535277778387124,0.2788844621513944,1.0,1.0,32/105,15.72%,DUSP19;PRKN;EGFR;TRAF4;PER1;NCOR1;DACT1;MAPK8IP1;PRMT1;TRAF1;GADD45G;DUSP3;MINK1;MAP4K2;ZMYND11;CYLD;TAOK1;SH3RF1;TGFBR3;MEN1;PHLPP1;TRAF2;TLR3;HMGB1;SDCBP;RASSF2;RAP2A;LTBR;MAPK8IP3;XIAP;TRAF3;IGF1R
prerank,Regulation Of Proteasomal Protein Catabolic Process (GO:0061136),-0.49632205288062514,-1.0531880948456627,0.37853949329359166,1.0,1.0,17/49,11.09%,COMMD1;OPHN1;UBB;GNA12;FBXW7;TMF1;UFL1;PSME1;DESI1;PSMF1;UCHL5;USP19;PSMC5;PSMC6;ARAF;PRKCG;HSP90AB1
prerank,DNA Replication (GO:0006260),0.4273299619535091,1.052940647325956,0.336734693877551,1.0,1.0,25/69,13.77%,RFC2;POLD3;POLD2;RFC1;POLA1;POLG;POLE;DONSON;NAP1L1;REV3L;GRWD1;FAM111A;MCM9;POLDIP2;BLM;RECQL4;BAZ1A;MCM5;DNA2;PTMS;MCM6;POLG2;WDR18;MCM7;RFC3
prerank,Regulation Of Vasculature Development (GO:1901342),0.49816668030419436,1.0528421807910227,0.36164383561643837,1.0,1.0,7/28,6.94%,CTNNB1;RAPGEF3;EGLN1;HTATIP2;PIK3CG;NF1;CCM2
prerank,Cellular Response To Growth Factor Stimulus (GO:0071363),0.38525355405993955,1.0524671754643604,0.24423963133640553,1.0,1.0,42/150,15.83%,MAPK14;SMAD7;WWOX;EGFR;PDE3A;PDPK1;CTNNB1;IQGAP1;KLF4;URI1;SMAD4;DUSP22;RAP1A;MAPKAPK2;BCAR1;DUSP3;ZFP36L2;CPNE3;RUNX2;ACVR2B;SLC4A7;HDAC1;NR3C1;WNT5A;NOS1;PDGFB;RPS6KB1;APPL1;PTPN12;SYAP1;TGFBR2;LRP2;SETX;LIMS1;ACVR1B;PDE2A;CRKL;HTRA2;SEMA6A;MED1;PRKD1;KIDINS220
prerank,Positive Regulation Of Production Of Molecular Mediator Of Immune Response (GO:0002702),-0.5139148603537549,-1.052231779197487,0.3817891373801917,1.0,1.0,7/35,13.92%,LAPTM5;SLC7A5;SPHK2;GPI;POLR2D;XBP1;SCIMP
prerank,Positive Regulation Of Cytokine Production (GO:0001819),-0.41195511885890657,-1.0522017974394238,0.3174418604651163,1.0,1.0,64/284,16.25%,AGPAT2;IRF1;SOD1;GAPDH;PARK7;LAPTM5;IL6R;SLC11A1;CD14;TMIGD2;TLR7;SLC7A5;EIF2AK3;CD40;EIF2AK2;TICAM1;DDIT3;TRIM27;LILRB2;EBI3;AKIRIN2;PLCB1;LAMTOR5;TXK;PDE4D;FLOT1;RORA;ZBTB7B;CEBPB;MYDGF;IL7;CD200;CD276;DDX3X;ATF4;PRKCQ;SPHK2;LURAP1;CNTN1;FCER1G;XBP1;S100A13;IL1A;ANXA1;ISG15;CYBA;RASGRP1;IL17RA;AGER;SCIMP;PIBF1;APP;TLR5;IRF7;AFAP1L2;HILPDA;AIF1;CD58;RPS3;HSPD1;TYROBP;HMOX1;RELA;PRKD2
prerank,Phospholipid Catabolic Process (GO:0009395),0.5235073891507755,1.0519694977969714,0.35833333333333334,1.0,1.0,6/23,8.56%,PLPP6;GDPD3;PLD1;PNPLA6;GDE1;LIPG
prerank,Branched-Chain Amino Acid Transport (GO:0015803),-0.6635259409709484,-1.0516548588407677,0.4270833333333333,1.0,1.0,4/10,5.25%,SLC3A2;SLC7A6;SLC7A5;SLC6A17
prerank,Telomere Maintenance Via Telomere Lengthening (GO:0010833),0.5150054835616923,1.0514684798993092,0.3794037940379404,1.0,1.0,8/23,10.06%,WRAP53;CTC1;RFC1;POT1;TELO2;TNKS1BP1;PINX1;MRE11
prerank,Homophilic Cell Adhesion Via Plasma Membrane Adhesion Molecules (GO:0007156),-0.4783902309797716,-1.0514020591587414,0.37518463810930575,1.0,1.0,17/58,16.38%,CADM3;ITGB1;PTK7;L1CAM;CDH13;TENM3;SDK2;CNTN4;PTPRT;NECTIN2;ROBO2;MYOT;CDH2;PLXNB2;NEXN;CNTN6;NPTN
prerank,Regulation Of Cardiac Muscle Cell Action Potential (GO:0098901),-0.5390396118561037,-1.0512817788283473,0.3953488372093023,1.0,1.0,11/28,17.78%,CXADR;CALM3;ATP2A2;HCN1;CALM1;FGF13;ANK2;RANGRF;RYR2;TMEM161B;CACNA1C
prerank,Regulation Of Glucose Metabolic Process (GO:0010906),0.4963958973164769,1.0512773785193228,0.3265895953757225,1.0,1.0,7/28,9.76%,FBP1;PDK1;PRKN;FOXK2;IRS2;PDK3;AKT2
prerank,Positive Regulation Of Macrophage Derived Foam Cell Differentiation (GO:0010744),0.6124037662062949,1.0511484616768632,0.39618138424821003,1.0,1.0,6/13,22.30%,PRKCH;ALOX15B;IL18;NFKB1;CSF1;MSR1
prerank,Positive Regulation Of Developmental Growth (GO:0048639),-0.501346025542321,-1.0508047449313809,0.37369207772795215,1.0,1.0,19/46,17.62%,RIMS1;MAP3K13;CPNE9;UNC13A;RIMS2;SYT1;L1CAM;PLCB1;SYT2;AGRN;PPIB;RNF157;SYT4;SEMA7A;PLAA;LIMK1;CPNE5;RASAL1;MAPT
prerank,Endothelial Cell Migration (GO:0043542),-0.5066864052547614,-1.0506282684203003,0.351937984496124,1.0,1.0,6/37,8.32%,NELL1;PRKX;CDH13;TNFRSF25;S100A9;FSTL1
prerank,Peptide Antigen Assembly With MHC Class II Protein Complex (GO:0002503),-0.6507789560841464,-1.0505426174352872,0.4403361344537815,1.0,1.0,5/12,20.01%,HLA-DRB5;HLA-DRB1;HLA-DRA;HLA-DQA1;HLA-DPA1
prerank,MHC Class II Protein Complex Assembly (GO:0002399),-0.6507789560841464,-1.0505426174352872,0.4403361344537815,1.0,1.0,5/12,20.01%,HLA-DRB5;HLA-DRB1;HLA-DRA;HLA-DQA1;HLA-DPA1
prerank,Cell Surface Toll-Like Receptor Signaling Pathway (GO:0140895),-0.600116348865359,-1.0503350108825922,0.3934959349593496,1.0,1.0,6/15,20.89%,MYO1C;PIK3AP1;SCIMP;TNIP2;LGALS9;OAS1
prerank,Defense Response To Protozoan (GO:0042832),-0.6298490954882003,-1.0502755326065365,0.4488734835355286,1.0,1.0,2/13,3.85%,SLC11A1;CD40
prerank,DNA-templated DNA Replication Maintenance Of Fidelity (GO:0045005),0.46035208039593906,1.0501706660234809,0.303951367781155,1.0,1.0,14/41,10.03%,ATRX;MMS22L;BOD1L1;POLE;DONSON;FAM111A;MCM9;CAMSAP3;TONSL;RFWD3;BLM;TIMELESS;FBH1;SETMAR
prerank,Natural Killer Cell Mediated Cytotoxicity (GO:0042267),-0.5678740546162833,-1.0499766127285348,0.3935483870967742,1.0,1.0,3/20,6.66%,TUBB2A;TUBB4B;FCGR3A
prerank,Regulation Of TORC1 Signaling (GO:1903432),0.457705069187941,1.049949339454404,0.3333333333333333,1.0,1.0,12/45,6.92%,RNF152;DEPTOR;STAMBPL1;CASTOR2;SESN1;CASTOR1;TELO2;ATM;WAC;SLC38A9;STK11;PIH1D1
prerank,Negative Regulation Of Endoplasmic Reticulum Unfolded Protein Response (GO:1900102),-0.6330186993920586,-1.049934760658914,0.4168126094570928,1.0,1.0,7/13,16.11%,UFL1;HSPA5;PPP1R15A;PTPN1;NCK2;DDRGK1;BFAR
prerank,Regulation Of Endocytosis (GO:0030100),-0.4749638589320603,-1.0496572048681279,0.3536404160475483,1.0,1.0,23/63,16.88%,AP2S1;RUFY2;OPHN1;LRPAP1;SYT11;CDH13;RAB4A;PACSIN2;RIT2;MCTP1;FLOT1;TFR2;LETMD1;SNX17;ZFYVE16;RUBCN;SRC;PTPN1;ABL2;RAB5B;HCK;CALY;PACSIN1
prerank,Regulation Of Postsynaptic Membrane Potential (GO:0060078),-0.5202486271495455,-1.049597228835082,0.36220472440944884,1.0,1.0,8/31,12.66%,GABRG3;GABRG2;GABRA1;GRIN2B;GABRA2;GABRG1;GRIN2A;GABRA4
prerank,Negative Regulation Of Protein Localization (GO:1903828),-0.5212999048263688,-1.049312261795948,0.37962962962962965,1.0,1.0,12/35,15.05%,YWHAZ;COMMD1;PIAS4;SIRT6;ANKRD13A;VCP;NSFL1C;TAX1BP3;CTNNA1;RIPOR2;LATS2;LATS1
prerank,Glucose Metabolic Process (GO:0006006),-0.48475642432787064,-1.0491764835333286,0.3645680819912152,1.0,1.0,15/53,11.54%,MDH1;ENO1;TPI1;KRT17;PGM1;HECTD4;PPARGC1A;PPARD;SLC37A4;ATF4;H6PD;GPI;POLR2D;PGAM1;ENO2
prerank,Positive Regulation Of Bone Mineralization (GO:0030501),-0.5161454632545823,-1.0491168533385453,0.3819548872180451,1.0,1.0,11/37,16.19%,NELL1;RXRB;ACVR2A;BMPR2;ATP2B1;ATRAID;ISG15;BMPR1A;BMPR1B;ADGRV1;RXRA
prerank,Neural Tube Development (GO:0021915),0.5654943678124926,1.0490509391650669,0.3827751196172249,1.0,1.0,5/17,14.20%,DACT1;ARL13B;DVL1;PROX1;PTCH1
prerank,Energy Reserve Metabolic Process (GO:0006112),-0.594444229403159,-1.0489957551650135,0.39805825242718446,1.0,1.0,1/17,0.21%,PYGL
prerank,Regulation Of Toll-Like Receptor 4 Signaling Pathway (GO:0034143),-0.5659269361229065,-1.0489785720719897,0.4062015503875969,1.0,1.0,9/22,21.50%,CD14;FLOT1;LYN;APLP2;IFI35;NR1D1;NINJ1;TREM2;TNFAIP3
prerank,Positive Regulation Of Lymphocyte Differentiation (GO:0045621),0.46895431095221324,1.0489533817978696,0.34139784946236557,1.0,1.0,17/38,17.05%,ARID1B;ARID2;SMARCB1;ZMIZ1;SMARCA2;ZBTB1;ACTL6A;SMARCC2;AXL;GAS6;BTK;PPP2R3C;NCKAP1L;SMARCC1;SMARCD2;SPI1;SYK
prerank,Cardiac Epithelial To Mesenchymal Transition (GO:0060317),-0.589662450337853,-1.048888370892933,0.37886178861788616,1.0,1.0,3/18,9.08%,OLFM1;TGFBR1;RBPJ
prerank,Protein Localization To Lysosome (GO:0061462),-0.5096128234630389,-1.0486128279136853,0.39258114374034003,1.0,1.0,16/39,18.81%,CACNG3;LAPTM5;LAMTOR4;NCOA4;LAMTOR5;RAB7A;CACNG8;CACNG2;ZFYVE16;NAGPA;M6PR;BECN1;AP3M1;ATP13A2;PIK3R4;CD81
prerank,Actin Filament Bundle Organization (GO:0061572),-0.5213833007536032,-1.0482144064450651,0.3767885532591415,1.0,1.0,12/32,17.23%,BAIAP2L1;MYO1B;FAM107A;PLS1;BAIAP2;ADD2;EZR;PAWR;AIF1;LIMA1;DMTN;LCP1
prerank,Negative Regulation Of Signaling Receptor Activity (GO:2000272),0.5162653221996734,1.0480503878936103,0.3569620253164557,1.0,1.0,7/25,16.04%,PPARA;CBL;SOCS5;TSG101;HFE;CBLB;SLC6A9
prerank,Regulation Of Phagocytosis (GO:0050764),-0.4893508764206102,-1.0479923072121202,0.38439306358381503,1.0,1.0,16/53,17.36%,SIRPA;SLC11A1;LMAN2;SYT11;MERTK;LYAR;RAB27A;TUB;CALR;FCER1G;LETMD1;CYBA;HCK;IL15RA;CLEC7A;SNX3
prerank,Histone H4-K16 Acetylation (GO:0043984),0.6324075313204567,1.0475470635799835,0.4190687361419069,1.0,1.0,5/11,7.47%,KAT8;KANSL2;KANSL1;MSL2;MSL1
prerank,Protein Alkylation (GO:0008213),-0.5556565495631813,-1.0473695397066995,0.40456769983686786,1.0,1.0,4/23,2.69%,PRMT8;METTL22;SNRPD3;SNRPB
prerank,Glutamate Metabolic Process (GO:0006536),-0.5658945680416286,-1.0473396584500434,0.417910447761194,1.0,1.0,6/20,13.48%,GCLM;GOT1;GLS;MTHFS;ALDH18A1;OAT
prerank,"Retrograde Vesicle-Mediated Transport, Golgi To Endoplasmic Reticulum (GO:0006890)",0.45321680062327657,1.0473047785111396,0.33532934131736525,1.0,1.0,13/45,13.91%,BICD2;NBAS;COG4;UVRAG;GOLPH3L;COPA;ERGIC3;SEC22B;GOLPH3;COPG2;SCFD1;TMEM115;COPB2
prerank,Long-Term Memory (GO:0007616),0.5504685047594701,1.0472687289379585,0.3875968992248062,1.0,1.0,5/19,10.91%,LRCH4;KAT2A;CALB1;SGK1;CPEB3
prerank,Natural Killer Cell Mediated Immunity (GO:0002228),-0.5740691389562969,-1.047224155649456,0.38207547169811323,1.0,1.0,5/19,16.53%,TUBB2A;TUBB4B;FCGR3A;KLRD1;PLEKHM2
prerank,Negative Regulation Of Macromolecule Metabolic Process (GO:0010605),-0.4250878719953064,-1.0471597196761235,0.36386449184441655,1.0,1.0,37/171,14.06%,ID2;NDFIP1;CCR1;MECP2;PARK7;FBXW7;FLOT2;MARK1;PTRH2;KRT17;SLC7A5;OLFM1;SH3GL2;ATOH8;LILRB2;SETDB1;ANXA7;CITED2;ATP2B4;SMAD3;OVOL2;LGMN;SMCR8;TCEAL1;HRAS;PRKAA2;DNMT1;HSP90AB1;ESR1;CPNE1;ERP29;PARP14;NDFIP2;SUB1;LRP3;BMPR1A;APP
prerank,Acute Inflammatory Response (GO:0002526),-0.5723730037772632,-1.0471457826141004,0.413290113452188,1.0,1.0,5/20,14.67%,IL6R;CEBPB;CNTN1;APOL2;CTNNBIP1
prerank,Negative Regulation Of Actin Filament Bundle Assembly (GO:0032232),0.5035208802170883,1.0469525835936158,0.4005235602094241,1.0,1.0,10/26,17.89%,PRKN;WASF2;ARHGAP6;PAK2;TJP1;TMEFF2;SHANK3;WAS;CGNL1;CLASP2
prerank,Defense Response To Virus (GO:0051607),0.3785196614928476,1.046708354790116,0.27230046948356806,1.0,1.0,44/164,16.11%,MOV10;RNF185;TRIM11;APOBEC3G;SENP7;IFIH1;CARD8;IFNLR1;TRIM28;DDX60;IFIT2;TANK;TRIM35;BCL2;TLR2;DDIT4;NLRC5;IRF2;PML;AKAP1;LYST;NCBP3;ZMYND11;G3BP1;STAT1;STAT2;MAP3K14;IFI44L;TRIM41;DHX15;TRIM13;BNIP3L;GBP2;TLR3;IFIT1;RAB2B;RNASEL;DHX16;RSAD2;MYD88;TRAF3;PHB2;LILRB1;CGAS
prerank,Epithelial Cell Development (GO:0002064),-0.5907467749484688,-1.0464990678565016,0.40747330960854095,1.0,1.0,6/18,21.17%,RILPL2;EXPH5;RILPL1;SIPA1;TMEM79;SIPA1L3
prerank,Regulation Of Cytokine Production Involved In Immune Response (GO:0002718),-0.5629364421617492,-1.0463033998620799,0.4022801302931596,1.0,1.0,5/22,13.92%,LAPTM5;SLC7A5;TNFRSF1B;SPHK2;SCIMP
prerank,acyl-CoA Metabolic Process (GO:0006637),-0.5252579002076085,-1.0462721402031019,0.3837920489296636,1.0,1.0,6/30,10.66%,ACOT7;ACOT9;ACOT2;HMGCS1;SUCLG2;ACSM5
prerank,Modification-Dependent Protein Catabolic Process (GO:0019941),0.3743272376860587,1.0456094419988127,0.28061224489795916,1.0,1.0,45/182,10.41%,FBXO10;UBE2D2;FBXL4;RNF146;UBQLN4;RNF185;PRKN;UBR3;RNF125;WDR81;HERC5;RFFL;RNF217;UBA1;UBE2H;FBXW4;WDR91;FBXO8;CBL;NEDD4L;SIAH1;UHRF1;HERC3;TRIP12;RNF166;UBE2G1;CCAR1;UBE4B;TAF1;TOPORS;KCTD21;DTX3L;RNF13;BAG6;USP33;NTAN1;FEM1A;MDM2;UBE2L6;KEAP1;UBE2R2;CDC23;RNF130;FBXO11;SPSB1
prerank,Regulation Of Dosage Compensation By Inactivation Of X Chromosome (GO:1900095),0.6148827384210578,1.0454999422267612,0.3968609865470852,1.0,1.0,5/12,7.47%,KAT8;KANSL2;KANSL1;MSL2;MSL1
prerank,Positive Regulation Of Nitrogen Compound Metabolic Process (GO:0051173),0.48538848824386677,1.0454110645601176,0.35106382978723405,1.0,1.0,7/30,11.78%,UHRF1;KLF4;NFKBIA;NR1H2;WFS1;PDGFB;EIF4G1
prerank,Cellular Response To Lipopolysaccharide (GO:0071222),-0.4388815607243852,-1.0453508740294388,0.37466666666666665,1.0,1.0,37/107,21.78%,SIRPA;NFKBIL1;CD14;TICAM1;LILRB2;SELENOS;TNFRSF1B;TNIP1;LYN;PPM1E;UPF1;ZFP36;MTDH;CTR9;XBP1;UXT;IL1A;CARD16;PLAA;TNIP2;MAPK8;SBNO2;HCK;RELA;GIT1;ADAM9;CACTIN;NR1D1;NLRP3;MEF2C;PDCD1LG2;CX3CR1;LDOC1;CD68;TNFAIP3;PYCARD;CHMP5
prerank,Fatty Acid Oxidation (GO:0019395),0.43552497245937655,1.0448043946563181,0.3438485804416404,1.0,1.0,17/51,17.02%,ECHS1;ADIPOR2;ECHDC1;ACADS;ACAA2;ECI1;CYP4V2;HADHB;SCP2;ACADM;ECHDC2;DECR1;HSD17B4;ILVBL;ACAT2;ADH5;ACAD10
prerank,cGMP Metabolic Process (GO:0046068),0.6336661652407427,1.0447429392665961,0.4305239179954442,1.0,1.0,3/11,14.12%,PDE9A;NPR2;PDE2A
prerank,Regulation Of Amide Metabolic Process (GO:0034248),-0.49977038654949,-1.0439634447013664,0.401854714064915,1.0,1.0,22/41,16.25%,EIF2B4;EIF2S1;ELP3;SAMD8;ELP4;RPL10;RBM4B;GEMIN5;PUM3;TCOF1;RBM3;ELP6;MAPKAPK5;PGAM1;PCIF1;MTPN;GRM5;ELP5;ATXN2;DDX25;EIF4E;TSC1
prerank,Spindle Assembly (GO:0051225),0.41307330815542836,1.0438685726441386,0.2992957746478873,1.0,1.0,17/73,11.61%,STAG1;CEP192;MAPRE2;LSM14A;NCOR1;GOLGA8A;GOLGA8N;KIF2A;SPICE1;MAPRE3;TUBGCP2;SAC3D1;HAUS2;KIF11;HAUS5;STAG2;CHEK2
prerank,Sphingolipid Biosynthetic Process (GO:0030148),-0.4635147930924015,-1.0436020077783952,0.3686440677966102,1.0,1.0,21/73,17.59%,ELOVL4;ST6GALNAC5;VAPA;CERS6;PLPP1;SAMD8;SMPD4;OSBP;SPTLC1;SPHK2;ST8SIA5;ST8SIA3;ORMDL2;ELOVL5;PLPP3;LARGE1;PRKD2;ACER3;TM9SF2;ST3GAL5;PRKD3
prerank,Platelet Aggregation (GO:0070527),-0.5226031976629951,-1.0432749235141634,0.3902053712480253,1.0,1.0,11/31,18.32%,PLEK;HBB;UBASH3B;ACTN1;STXBP1;FERMT3;ACTG1;HSPB1;PPIA;FLNA;MYH9
prerank,Protein Insertion Into Mitochondrial Outer Membrane (GO:0045040),-0.6444531651198186,-1.0432386330833188,0.4239316239316239,1.0,1.0,6/11,12.94%,MTCH1;TOMM70;TOMM7;HSPA4;TOMM22;TOMM20
prerank,Outer Mitochondrial Membrane Organization (GO:0007008),-0.6444531651198186,-1.0432386330833188,0.4239316239316239,1.0,1.0,6/11,12.94%,MTCH1;TOMM70;TOMM7;HSPA4;TOMM22;TOMM20
prerank,Cell Projection Organization (GO:0030030),-0.5641130400389102,-1.0429514568527383,0.390625,1.0,1.0,7/19,8.91%,PLEK;PARVB;ITGB1;PACSIN2;CSPG5;CYFIP2;NCKAP1
prerank,Cardiac Conduction (GO:0061337),-0.5010859988707548,-1.0426854823115241,0.40588235294117647,1.0,1.0,9/44,13.39%,SCN2B;SCN1B;KCNJ5;HCN1;CACNB2;SCN3B;BIN1;ANK2;YWHAE
prerank,Muscle Tissue Development (GO:0060537),0.4825804313826184,1.042651643865501,0.3609022556390977,1.0,1.0,4/32,4.80%,MYH7B;PGM5;NF1;CFLAR
prerank,Regulation Of Peptidase Activity (GO:0052547),-0.5544569261539457,-1.0425960482157652,0.4107424960505529,1.0,1.0,9/23,19.65%,CTSL;SVBP;CTSS;CTSH;PSMA3;CST3;NRDC;ATP13A2;PINK1
prerank,Negative Regulation Of Execution Phase Of Apoptosis (GO:1900118),0.6024189681005977,1.0424528717808186,0.41728395061728396,1.0,1.0,2/13,7.50%,RFFL;PAK2
prerank,acetyl-CoA Biosynthetic Process (GO:0006085),-0.6502640834512701,-1.0421651417439572,0.4412811387900356,1.0,1.0,4/11,11.03%,DLD;PDHA1;PDHB;DLAT
prerank,Inner Dynein Arm Assembly (GO:0036159),0.6336418396070356,1.042114114649071,0.4110854503464203,1.0,1.0,3/11,11.96%,CCDC40;DNAAF4;DNAH7
prerank,cGMP-mediated Signaling (GO:0019934),0.5967049705371534,1.0420824688483774,0.41019417475728154,1.0,1.0,6/14,16.11%,PDE3A;HTR2C;PDE9A;AQP1;PDE2A;CGAS
prerank,Associative Learning (GO:0008306),-0.5812191465117963,-1.0419220055801324,0.41496598639455784,1.0,1.0,4/17,14.06%,NETO1;SLC6A1;LGMN;APP
prerank,Negative Regulation Of miRNA Metabolic Process (GO:2000629),0.5247952976944927,1.041871238112176,0.36712328767123287,1.0,1.0,6/21,9.50%,NCOR1;PPARA;POU5F1;ZNF512B;REST;PDGFB
prerank,Protein Maturation By Iron-Sulfur Cluster Transfer (GO:0097428),-0.6454810127437425,-1.0418658657281288,0.42226148409893993,1.0,1.0,2/10,4.10%,BOLA3;CISD3
prerank,Positive Regulation Of Fatty Acid Metabolic Process (GO:0045923),0.588786390231067,1.041849955750794,0.40047961630695444,1.0,1.0,6/14,11.78%,PPARA;KAT2B;NR1H2;MID1IP1;MLXIPL;LPGAT1
prerank,Cellular Response To Alkaloid (GO:0071312),0.5938379677233325,1.040996422435744,0.4251207729468599,1.0,1.0,6/15,18.36%,SPIDR;CASP7;CASP3;SLC8A1;RYR3;RYR1
prerank,Positive Regulation Of NIK/NF-kappaB Signaling (GO:1901224),-0.4807665722011285,-1.040844312395945,0.38619676945668135,1.0,1.0,17/48,19.55%,LAPTM5;MYO1C;TLR7;EIF2AK2;TRIM56;DDX3X;AGER;APP;NFAT5;IFI35;RPS3;NR3C2;RELA;TRADD;NLRP3;LGALS9;PTP4A3
prerank,Positive Regulation Of Neutrophil Chemotaxis (GO:0090023),0.5826321853468078,1.0407863415160685,0.37628865979381443,1.0,1.0,4/16,7.97%,THBS4;MCU;MOSPD2;CAMK1D
prerank,Stress Granule Assembly (GO:0034063),-0.5521394206477341,-1.040332673373249,0.4016,1.0,1.0,11/23,17.62%,YTHDF2;BICD1;EIF2S1;DAZAP2;DDX3X;RPS23;CIRBP;G3BP2;YTHDF1;YTHDF3;MAPT
prerank,Nucleocytoplasmic Transport (GO:0006913),0.4429434972209973,1.0400767099549193,0.3595166163141994,1.0,1.0,21/47,19.09%,MALT1;XPO1;HTATIP2;NUP133;RANGAP1;NUP43;NUP188;NUP153;NEMF;NUP205;NUP210;LSG1;POM121;RBM15B;NPM1;BACH2;TPR;NUP37;AHCTF1;NUP50;NUP107
prerank,Negative Regulation Of Transmembrane Receptor Protein Serine/Threonine Kinase Signaling Pathway (GO:0090101),0.395172411808865,1.039930455199902,0.31521739130434784,1.0,1.0,29/108,13.99%,SMAD7;PDPK1;PBLD;PPARA;BRMS1;PMEPA1;ZNF451;ADAMTSL2;ARID4A;SAP30;PRDM16;ARID4B;ING1;LDLRAD4;BAMBI;BRMS1L;HDAC1;ING2;ZBTB7A;SORL1;SINHCAF;EID2;SUDS3;FAM89B;LRP2;PEG10;SAP30L;RBBP7;OGT
prerank,Central Nervous System Neuron Development (GO:0021954),-0.6072739532762423,-1.0395490146362782,0.42333333333333334,1.0,1.0,8/15,18.59%,MAP2;HSP90AA1;HSP90AB1;RAPGEF2;B4GALT5;MAPT;GBA2;NTRK2
prerank,Mitotic Metaphase Plate Congression (GO:0007080),-0.4896484875947046,-1.0392658664527248,0.387905604719764,1.0,1.0,10/48,9.43%,EML4;NUDC;BOD1;CHMP2A;RAB11A;CHMP3;MAD1L1;DCTN2;CHMP7;SEH1L
prerank,Positive Regulation Of Alcohol Biosynthetic Process (GO:1902932),0.6205400129671071,1.0392172813349363,0.40380047505938244,1.0,1.0,3/11,10.73%,PRKAA1;SNCA;FGF1
prerank,Positive Regulation Of Signal Transduction (GO:0009967),-0.40886357999623396,-1.0391676338891582,0.35036496350364965,1.0,1.0,82/250,20.10%,SKI;AGPAT2;NETO1;PRKCI;NELL1;RIMS1;TXNDC15;CTSL;GRIN2B;RIMS2;MYO1C;ATP6AP2;LY86;SORBS1;TGFBR1;NEPRO;RXRB;ERN1;LAMC1;TRIM16;ITGB1BP1;HTT;ZBTB7B;LANCL2;UCHL5;CITED2;CTSS;PRKCA;IL7;TMEM108;WLS;UBE2N;RBPJ;NRXN1;CNTN1;CHRNA7;RSPO2;ITGA5;TM2D3;XBP1;GRIN2A;LMO3;SRC;CUX2;STX1B;PRKCB;SCIMP;ZDHHC5;STK36;GAS8;CRBN;SNX5;CTSH;HOMER1;CSNK2A1;RPS3;SPIN1;LOXL3;RXRA;DMTN;PRKD2;NPTN;DISC1;SFRP1;CD74;SIRT1;MGAT5;CDH3;CD63;TNXB;FLNA;MESP1;FAS;AGPAT1;TRAF7;ARMC9;DLG5;APEX1;SMARCA4;RELN;TSPAN5;P2RY6
prerank,Development Of Primary Male Sexual Characteristics (GO:0046546),0.4738573505234551,1.0389435992964877,0.3708791208791209,1.0,1.0,6/37,12.21%,MAMLD1;TGFB2;SOX8;LHFPL2;WNT5A;LRP2
prerank,Regulation Of Cellular Response To Stress (GO:0080135),0.39551360518043976,1.0388160378906512,0.3275862068965517,1.0,1.0,38/100,13.73%,DEPDC1B;CREBBP;PRKN;SLC38A2;ACTR8;TAF4;SIRT7;KAT2B;NFE2L2;WDR76;KAT2A;ATM;SGF29;FEM1B;TAF5;DNAJB6;TFPT;BARD1;TAF12;MAPKAPK2;ACTL6A;CRY1;TMEM98;RUVBL2;SUPT3H;RFWD3;TAF7;TAF6;MBTPS2;NFRKB;ATXN7;ROCK2;BRCA2;EIF4G1;TADA2B;TAF10;INO80D;CORO2B
prerank,Pulmonary Valve Development (GO:0003177),-0.5643679048175759,-1.0383101084198316,0.41166936790923825,1.0,1.0,6/20,11.46%,TNFRSF1A;TNFRSF1B;BMPR2;NFATC1;RBPJ;ROBO2
prerank,Response To Ketone (GO:1901654),-0.5776805077114919,-1.0373859453605203,0.39429530201342283,1.0,1.0,3/17,6.88%,UBE3A;ABHD2;SLIT1
prerank,Regulation Of Peptidyl-Serine Phosphorylation (GO:0033135),-0.44785561489253645,-1.0373853929682504,0.3741403026134801,1.0,1.0,25/89,16.71%,PARK7;TXN;DOCK7;PAQR3;BRAF;NTRK3;TENM1;CD44;PDE4D;PAK1;ATP2B4;PPM1F;HSP90AA1;ARAF;HSP90AB1;DMD;HAX1;APP;SH2D3C;STK4;LATS1;NCK2;DMTN;PRKD2;TFRC
prerank,Regulation Of Phosphate Metabolic Process (GO:0019220),-0.628533394849235,-1.0373758542132274,0.43865546218487395,1.0,1.0,5/12,17.83%,IKBKB;SMG6;IGBP1;SMG5;SIRT2
prerank,Endocardial Cushion Development (GO:0003197),0.5148565345843809,1.037297918131293,0.3783068783068783,1.0,1.0,3/22,6.54%,MDM4;TGFB2;CRELD1
prerank,Phagocytosis (GO:0006909),-0.4686626283055104,-1.0368548299427762,0.3853073463268366,1.0,1.0,24/61,20.58%,MESD;SLC11A1;CD14;ITGB1;GULP1;PIP5K1A;MERTK;PIP5K1C;BIN2;ANXA1;ARHGAP25;JMJD6;CD93;TM9SF4;AIF1;ADORA1;TYROBP;MYH9;ANXA11;ITGAM;ITGB2;P2RY6;CD302;TREM2
prerank,Amino Acid Import Across Plasma Membrane (GO:0089718),-0.5455787337044877,-1.036338976339832,0.40186915887850466,1.0,1.0,3/25,3.16%,SLC3A2;SLC7A1;SLC7A5
prerank,Apoptotic Nuclear Changes (GO:0030262),-0.5879491247076172,-1.0360240551879318,0.4271356783919598,1.0,1.0,3/16,14.10%,EXOG;DEDD2;DNASE2
prerank,Bile Acid And Bile Salt Transport (GO:0015721),-0.5631505707191292,-1.0358570101706934,0.42642140468227424,1.0,1.0,7/20,18.86%,SLCO2B1;ABCC2;SLCO1C1;SLC27A5;ABCD3;SLC10A1;SLC51A
prerank,Camera-Type Eye Development (GO:0043010),-0.5530580242063108,-1.0358281730388004,0.4110032362459547,1.0,1.0,3/23,6.77%,SKI;IFT122;TENM3
prerank,Positive Regulation Of Cell Division (GO:0051781),0.46594021200244584,1.0357001857447372,0.3467048710601719,1.0,1.0,13/34,19.10%,KIF14;CDC14A;PKN2;CDC42;GIPC1;ECT2;PKP4;FGF1;CSPP1;RACGAP1;FGFR2;CUL3;RHOA
prerank,Histone H4 Acetylation (GO:0043967),0.4621435435681079,1.0355043340662022,0.36666666666666664,1.0,1.0,15/38,8.81%,KAT8;JADE2;KAT7;JADE3;KANSL2;KANSL1;YEATS4;ING3;MORF4L1;MSL2;JADE1;ACTL6A;RUVBL2;MSL1;EPC1
prerank,Dendrite Morphogenesis (GO:0048813),0.4603877462145427,1.0354824884251954,0.3559322033898305,1.0,1.0,11/35,13.33%,KLF7;DOCK10;BTBD3;CDC42;MINK1;DVL1;SDC2;PTN;LRP4;SHANK3;DIP2A
prerank,Positive Regulation Of CREB Transcription Factor Activity (GO:0032793),0.5609716454425323,1.0353542831960638,0.39709443099273606,1.0,1.0,4/17,7.97%,RPS6KA5;RPS6KA4;CRTC2;CAMK1D
prerank,Protein Targeting To Membrane (GO:0006612),-0.46569989443455706,-1.0351866400642504,0.3945480631276901,1.0,1.0,27/68,18.29%,SGTB;PRKCI;SEC62;MYO1C;SRP14;ARL6;SGTA;YIF1B;NACA2;ZDHHC18;ZDHHC6;SEC63;VPS37A;TAOK2;TRAM1;SIL1;SSR1;ZDHHC11B;RAB3IP;NACA;CHM;NCF1;SSR2;RABGEF1;VPS37C;ZDHHC1;SRP19
prerank,Positive Regulation Of Multicellular Organismal Process (GO:0051240),0.35106659088949194,1.0350929364258488,0.28125,1.0,1.0,85/347,13.99%,ZBTB16;NCOA1;SMARCB1;CTNNB1;NCOA3;TIAM1;GHR;ADIPOR2;PTGER4;UTP25;PRKCH;BRMS1;DPF2;EZH2;EHMT1;KAT2A;PIK3CG;AGO2;BCL7B;TGFB2;PRKAA1;KDM3A;SMAD4;NR2C2;UCN;SOX8;ARID4A;STAT6;SMARCA2;RFX3;BCL7C;DAB2;SAP30;PRKAB2;PRDM16;ARID4B;NCOA2;CCDC88B;GATM;LILRA2;ACTL6A;GADD45G;ING1;HCRT;BAMBI;PPARGC1B;BTN3A1;REST;SERPINE1;BRMS1L;HDAC1;ING2;TAPT1;WNT5A;BMP1;CNOT3;PDGFB;CADM1;TRPV2;SCX;PDGFC;SORL1;SLC27A1;TMEM64;ROCK1;THRA;PTN;SINHCAF;FH;TGFBR2;SUDS3;GAS6;GJA1;TNFRSF11A;CRB2;SAP30L;ZNF516;RBBP7;KDM6B;SCD;TSHR;ACVR1B;DECR1;SDCBP;OGT
prerank,Icosanoid Transport (GO:0071715),0.5911092977078077,1.034745914215359,0.4233576642335766,1.0,1.0,3/14,10.94%,SLC22A6;ABCC10;ABCC4
prerank,Regulation Of ATP Biosynthetic Process (GO:2001169),-0.6469525510705918,-1.0345818076033775,0.4603960396039604,1.0,1.0,6/11,10.57%,ENO1;PPARGC1A;VCP;TMSB4X;SPHK2;DNAJC30
prerank,Phagosome Maturation (GO:0090382),-0.6082297335841917,-1.0345314114271318,0.44607843137254904,1.0,1.0,3/14,5.51%,RAB39A;RAB20;RAB7A
prerank,Negative Regulation Of Smooth Muscle Cell Migration (GO:0014912),-0.6053177203639581,-1.0345062168617623,0.41680960548885077,1.0,1.0,7/14,19.62%,TPM1;NDRG4;IGFBP5;BMPR1A;AIF1;MEF2C;PRKG1
prerank,Protein Polymerization (GO:0051258),-0.47210253028081706,-1.0344471690051742,0.39420289855072466,1.0,1.0,19/58,15.10%,GPX4;PIN1;MSRB2;FAM107A;CHMP2A;ARL6;WASF3;CKAP5;CHMP3;PSTPIP2;MAP7D3;FGF13;WASL;DIAPH1;RAC1;WASF1;CENPJ;RNF135;MAP4
prerank,Positive Regulation Of Telomerase RNA Localization To Cajal Body (GO:1904874),-0.6068008869076673,-1.0338619802992288,0.4425385934819897,1.0,1.0,5/14,9.17%,CCT5;DKC1;TNIP1;NHP2;NOP10
prerank,Golgi Organization (GO:0007030),0.38708674677418753,1.0337972155288173,0.32272727272727275,1.0,1.0,38/121,13.09%,COG5;GORASP1;RAB8A;COG4;ATP8B2;TRAPPC8;GOLGB1;GOLPH3L;BET1;BCAS3;TRIP11;COG8;GOLGA8A;SPTBN5;FBXW8;COG2;GOLGA8N;RAB2A;VPS13B;CUL7;SEC22B;CDC42;RAB1B;TMED3;ATP8B3;STX17;GOLPH3;BAG5;GCC2;STK25;RAB30;ZNF501;TJAP1;LMAN1;ARHGAP21;NPLOC4;OPTN;RAB2B
prerank,Prostaglandin Biosynthetic Process (GO:0001516),-0.5984708394078182,-1.0336644807210638,0.4297520661157025,1.0,1.0,5/15,18.33%,DAGLB;CBR1;PTGS1;CD74;PNPLA8
prerank,Carboxylic Acid Biosynthetic Process (GO:0046394),0.5502704301007943,1.0334376035021637,0.40875912408759124,1.0,1.0,5/17,19.12%,CDO1;CARNS1;UROS;NLRC4;NAIP
prerank,Synapse Assembly (GO:0007416),-0.4539335258426239,-1.033191401371576,0.39941690962099125,1.0,1.0,17/71,14.41%,GABRG2;GABRB2;RAB29;GABRA1;NRCAM;SHANK2;GABRB3;GPM6A;GABRA2;FLRT3;SDK2;FGF13;NRXN1;CDK5;CDH2;NRXN2;PLXNB2
prerank,Selective Autophagy (GO:0061912),0.4412943353699216,1.0327078252029822,0.3573667711598746,1.0,1.0,25/55,19.05%,PRKN;ATG13;WDR81;USP30;LRBA;CALCOCO2;ULK1;ATM;PIK3C3;SNX7;RB1CC1;PEX5;UBA5;ULK2;ATG2B;OGT;WDFY3;RNF213;PHB2;UFM1;MAP1LC3B;ATG14;AUP1;PJVK;SQSTM1
prerank,Negative Regulation Of Nucleic Acid-Templated Transcription (GO:1903507),0.34191634417615796,1.0326296508675665,0.19626168224299065,1.0,1.0,109/417,13.71%,ZBTB16;ZNF746;L3MBTL3;LIMD1;ZBTB4;NIPBL;KAT8;NACC1;PER1;RPS6KA5;GATAD2B;FOXP2;CTBP1;CTNNB1;NCOR1;HINFP;TRIM28;CD38;FOXO1;BRMS1;KLF4;EZH2;EHMT1;EED;MDM4;BHLHE40;HMBOX1;WWP1;TFAP4;ID3;YAF2;MBD2;TFDP2;SMAD4;SOX8;ARID4A;CBFA2T2;SMARCA2;SETDB2;PBXIP1;RFX3;LDB1;ARID5A;FOXK2;GCLC;NR1H2;CIC;PRDM16;SFMBT1;CBX3;SMARCC2;CRY1;ZNF425;RUNX2;PML;ILF3;CTBP2;NFIL3;NKRF;TAF7;HNRNPK;RCOR3;NONO;ZMYND11;FOXP1;MPHOSPH8;REST;TIMELESS;HNRNPL;HDAC1;CBFA2T3;NACC2;NR3C1;BAHD1;SFPQ;EPC1;RING1;MDM2;WNT5A;ZMYM2;PROX1;PDGFB;HDAC9;ZKSCAN3;PSPC1;PRDM11;ZBTB7A;MLXIPL;CREBZF;MEN1;THRA;GMNN;AHR;EID2;SUDS3;GAS6;KAT6A;ASCL1;HMGB2;KDM5C;SPEN;LIMS1;ZNF148;RBBP7;BCOR;KAT6B;YEATS2;CTCF;TLE2
prerank,Semaphorin-Plexin Signaling Pathway Involved In Neuron Projection Guidance (GO:1902285),-0.6243414045075819,-1.0325281359661356,0.4542314335060449,1.0,1.0,5/12,14.41%,PLXNA4;PLXNA2;NELL2;PLXNC1;PLXNB2
prerank,Negative Regulation Of miRNA Transcription (GO:1902894),0.5269163558436654,1.0323774703513493,0.38315217391304346,1.0,1.0,6/20,9.50%,NCOR1;PPARA;POU5F1;ZNF512B;REST;PDGFB
prerank,Regulation Of Fibroblast Proliferation (GO:0048145),-0.4894138262483756,-1.0323688345127136,0.4156804733727811,1.0,1.0,8/45,8.41%,SKI;CDKN1A;FTH1;BMI1;CD300A;B4GALT7;DDR2;EMD
prerank,Positive Regulation Of Cytokinesis (GO:0032467),0.4778979340699475,1.0319420608885297,0.3732590529247911,1.0,1.0,7/30,9.98%,KIF14;CDC14A;PKN2;CDC42;GIPC1;ECT2;PKP4
prerank,Eye Morphogenesis (GO:0048592),-0.5891081644810906,-1.0316052786330674,0.45438898450946646,1.0,1.0,5/17,6.77%,SKI;IFT122;COL5A2;COL5A1;TENM3
prerank,Protein Ubiquitination (GO:0016567),0.34531961248058407,1.0315652031167397,0.2631578947368421,1.0,1.0,92/387,12.49%,RNF152;FBXO10;KLHL24;UBE2D2;RNF146;DEPDC1B;RNF185;TRIM11;FANCC;PRKN;UBR3;RNF125;RNF44;HERC5;RNF217;CTNNB1;UBA1;TNKS2;KLHL20;UBE2H;CBL;NEDD4L;BRAP;UHRF1;NFE2L2;ZC4H2;HERC3;MDM4;TNFAIP1;UBE3D;RMND5A;FBXW8;WWP1;TRIP12;DET1;UBR5;TRIM35;MYCBP2;RNF166;MKRN1;CUL7;UBE2G1;BCL2;BARD1;OTULIN;MSL2;CUL5;FBXO25;CCAR1;MIB2;FBXO9;UBE4B;TAF1;TOPORS;DTX4;DCAF15;RFWD3;RNF122;RNF112;DTX3L;RNF13;PELI2;THOP1;TRIM47;MDM2;FBH1;UBE2L6;KEAP1;TRIM17;PPIL2;UBE2R2;SH3RF1;ZSWIM8;TRIM68;KLHL21;FBXO11;FANCL;SPSB1;TRIM69;FBXO32;FAAP100;TRIM41;UBE2K;MYLIP;BRCA2;LRSAM1;TRAF2;MKRN3;TRIM13;RNF220;WSB1;CUL1
prerank,Fc Receptor Mediated Stimulatory Signaling Pathway (GO:0002431),-0.5566678837532117,-1.031425231889327,0.44904458598726116,1.0,1.0,10/22,15.82%,VAV3;PLD2;PAK1;LYN;PLPP4;FCER1G;SRC;LIMK1;VAV2;HCK
prerank,Mitotic G1 DNA Damage Checkpoint Signaling (GO:0031571),0.5002639798808409,1.0310891764734607,0.3492063492063492,1.0,1.0,9/24,11.61%,CASP2;PIDD1;GTSE1;WAC;PML;RFWD3;CRADD;MDM2;CHEK2
prerank,Regulation Of Protein Localization To Membrane (GO:1905475),0.4958311609192919,1.0309796923815913,0.3780160857908847,1.0,1.0,15/26,21.51%,PRKN;ZDHHC2;GSN;STX8;APPL1;CRIPT;STX7;GPC2;NECAB2;ZDHHC7;FYN;VPS4A;GPC5;SPTBN1;LDLRAP1
prerank,Negative Regulation Of Apoptotic Process (GO:0043066),-0.39200142045782693,-1.0306476763954613,0.3658269441401972,1.0,1.0,116/445,17.80%,CRLF1;YWHAZ;SET;ZNF830;SOD1;PRKCI;PARK7;PRELID1;DNAJA3;BIRC2;CDKN2D;PTRH2;TMEM14A;GRINA;CLEC5A;CCND2;YME1L1;ITGB1;RHBDD1;ZFAND6;LSM8;BRAF;RPS3A;CFL1;SOCS3;PSMD10;MYO18A;SERPINB9;GRN;HGF;SEMA3E;LAMTOR5;CD44;ANXA4;PPARGC1A;HSPA5;FFAR4;MERTK;PA2G4;MYDGF;DNAJA1;RPL10;FMN2;CITED2;PRKCA;IL7;ANKLE2;GLO1;FIGNL1;FSTL1;CLU;DDX3X;LGMN;CNTFR;MTDH;CIB1;FAIM2;ASNS;PRKAA2;ITCH;ARAF;RNF157;TPT1;PRKCG;MIEN1;HMGN5;ITGA5;IGBP1;XBP1;PRDX5;MSH2;TSC22D1;ANXA1;PDPN;CARD16;HSP90B1;SRC;FZD3;HAX1;WNK3;ATF5;ANXA5;AREL1;CTSH;MAPK8;AHI1;BCL3;ZNF16;MAPKAP1;CSNK2A1;RB1;MAZ;DDRGK1;HCK;HSPD1;MLST8;DNAJC3;BFAR;RELA;WDR73;CIAPIN1;GRK5;CX3CL1;BAG1;TFRC;PIM1;SIAH2;HDAC2;SFRP1;DFFA;ZNF268;CD74;ANGPTL4;SIRT1;BNIP1;HSPB1
prerank,Modulation By Host Of Viral Process (GO:0044788),-0.552412456375713,-1.0306342264616002,0.41223832528180354,1.0,1.0,8/22,11.29%,RAB29;KRT17;CFL1;IGF2R;RAB5A;PPIB;ZDHHC8;FASN
prerank,Microtubule Bundle Formation (GO:0001578),0.4483824581818829,1.030622882120483,0.3887240356083086,1.0,1.0,9/45,8.71%,CCDC40;GAS2L1;TTLL3;CFAP74;NAV1;CHP1;TOGARAM1;NCKAP5L;JHY
prerank,Negative Regulation Of Interferon-Beta Production (GO:0032688),-0.6532573740458114,-1.0305218801376037,0.463768115942029,1.0,1.0,4/10,14.62%,SIRPA;RELB;PTPRS;MORC3
prerank,Regulation Of Histone Deacetylation (GO:0031063),0.5215467082388772,1.0302288045661585,0.4,1.0,1.0,7/20,8.60%,NIPBL;CTBP1;KAT2B;KAT2A;SGF29;BAZ2A;ING2
prerank,Neuromuscular Process (GO:0050905),-0.5898946337739012,-1.029342821405004,0.45051194539249145,1.0,1.0,4/15,15.84%,KCNA1;TPP1;NRXN1;PAFAH1B1
prerank,Positive Regulation Of Striated Muscle Cell Differentiation (GO:0051155),0.5305242951029703,1.0289738432073479,0.3819951338199513,1.0,1.0,5/20,11.26%,MAPK14;EFNB2;MYOCD;PROX1;ATP11A
prerank,Regulation Of Plasma Membrane Bounded Cell Projection Organization (GO:0120035),-0.5218079688039238,-1.0283400977349662,0.41875,1.0,1.0,13/28,19.06%,ULK4;MARK1;ZNF804A;NTNG1;CAMK2G;NCS1;NDEL1;FBXO7;HOMER1;CTNNA2;GSK3A;BRSK1;BRSK2
prerank,Response To Muramyl Dipeptide (GO:0032495),0.6195832268456759,1.0280038737180506,0.4391891891891892,1.0,1.0,5/12,17.18%,ERBIN;VIM;TRIM41;IRF5;RIPK2
prerank,BMP Signaling Pathway (GO:0030509),0.42679324389276496,1.027244511821491,0.3384615384615385,1.0,1.0,14/56,17.10%,SMAD5;TGFB2;SMAD4;RUNX2;ACVR2B;TGFBR3;SCX;USP9Y;USP15;HFE;MAPK3;MEGF8;SMURF1;SMAD6
prerank,Positive Regulation Of Cell Cycle Process (GO:0090068),0.3868659165946576,1.0272148723367904,0.3062015503875969,1.0,1.0,28/103,16.78%,ATRX;PHIP;SMC5;AURKA;KIF14;CDC14A;SASS6;CEP120;PKN2;CDC42;NUSAP1;GIPC1;RRM2B;ECT2;PDGFB;INSR;PKP4;PCID2;NCAPD2;RRM1;DBF4;SMC6;GPSM2;CSPP1;TPR;RAD21;NCAPD3;RACGAP1
prerank,Positive Regulation Of Neutrophil Migration (GO:1902624),0.5351775482700215,1.0272084755367739,0.3893129770992366,1.0,1.0,4/20,7.97%,THBS4;MCU;MOSPD2;CAMK1D
prerank,Response To Retinoic Acid (GO:0032526),-0.46240269680024715,-1.0261893185509405,0.4161676646706587,1.0,1.0,8/58,9.88%,CDKN2D;PTK7;RXRB;RORB;TRIM16;LYN;TESC;POLR2D
prerank,Negative Regulation Of Macromolecule Biosynthetic Process (GO:0010558),-0.44472512777481976,-1.0261476390198632,0.39972527472527475,1.0,1.0,31/93,18.85%,GAPDH;CDKN1A;MALSU1;EIF2AK3;EPHA4;EIF2AK2;AP2A1;SELENOS;DHX36;EIF4ENIF1;BMPR2;BTG2;DDX3X;CNOT1;CALR;DAPK1;ENC1;PCIF1;TRIM3;CAPRIN1;IGFBP5;CSNK2A1;RPS3;TSC1;RPL13A;HDAC2;EIF4A3;GSK3A;CNOT9;DAPK3;LARP1
prerank,Negative Regulation Of Lipid Metabolic Process (GO:0045833),0.5299696913267722,1.026099315935655,0.4026315789473684,1.0,1.0,6/19,17.85%,NCOR1;PRKAA1;PDE3B;PPP2R5A;APOC1;ALK
prerank,Wnt Signaling Pathway (GO:0016055),0.40692771624018786,1.0257882534498635,0.3675496688741722,1.0,1.0,15/75,14.56%,STRN;CTNNB1;SIAH1;WNT10B;RYK;DVL1;WNT5B;DIXDC1;FRAT1;NXN;WNT5A;LRRK2;JUP;FERMT2;FZD2
prerank,DNA Metabolic Process (GO:0006259),0.3517492802337514,1.0257103374327132,0.302158273381295,1.0,1.0,83/272,16.05%,ATRX;FANCC;ACTR8;SMARCB1;SUPV3L1;RFC2;SMARCAD1;POLD3;ENDOV;HINFP;UVRAG;CTC1;POLD2;TRIM28;GTF2H1;NABP2;POLA1;POLG;DNASE1;PDS5A;POLE;RAD51B;ATM;RECQL;DONSON;RAD9B;MCM3;TFPT;PRIM2;BARD1;NAP1L1;PARP4;ZBTB1;GRWD1;FAM111A;MCM9;XRCC2;OGG1;ACTL6A;RUVBL2;PRIM1;BLM;TOP2B;TIMELESS;RECQL4;RRM2B;FBH1;NFRKB;MCM5;SETMAR;MRE11;TOP3B;FANCL;ZNF668;FBXO6;NUDT15;FSCN1;DNA2;MEN1;MGMT;PTMS;MCM6;POLI;TDG;RRM1;HMGB1;DFFB;HMGB2;INO80D;MCM7;RFC3;PDS5B;TERF1;LIG1;RMI1;SMC1A;TERF2;LONP1;MUTYH;TOPBP1;NPM1;PARP1;YY1
prerank,Regulation Of MAPK Cascade (GO:0043408),-0.41275431661782824,-1.0254135886064213,0.41646191646191644,1.0,1.0,38/194,13.31%,YWHAZ;DUSP26;SOD1;ULK4;LAPTM5;DOK3;DAG1;ATP6AP2;TGFBR1;EIF2AK2;PSMD10;PAK3;RIT2;MYDGF;PAK1;KSR1;LYN;MAP2K1;EPHB1;SPRED1;NBR1;HRAS;SOX2;TNIK;WWC1;CHRNA7;PEBP1;GSDME;TAOK2;PTPN6;PPP2R1A;GRB2;FN1;DOK6;RASGRP1;HLA-DRB1;PLCE1;PRDM15
prerank,Positive Regulation Of Natural Killer Cell Mediated Cytotoxicity (GO:0045954),-0.5724593593998625,-1.0253150414762389,0.4129032258064516,1.0,1.0,5/17,18.82%,NECTIN2;LAMP1;KLRD1;RASGRP1;HLA-E
prerank,Regulation Of Protein Localization To Nucleus (GO:1900180),-0.47683573696735604,-1.025047630787572,0.4177583697234352,1.0,1.0,17/47,20.04%,YWHAZ;PARK7;PIN1;EIF2AK3;LAMTOR5;LIMK2;SESN2;PPP3CB;CTNNA1;LATS2;LATS1;TFRC;NVL;ATP13A2;SIN3A;SUMO3;MTOR
prerank,Long-Chain Fatty Acid Transport (GO:0015909),-0.5410041555260109,-1.0247906726648945,0.4318181818181818,1.0,1.0,9/23,21.44%,ACSL3;ACSL1;SLC25A20;ABCD3;SLC27A4;CPT1A;ABCD4;PPARG;FABP5
prerank,Regulation Of DNA Damage Checkpoint (GO:2000001),0.5454459111768318,1.0247842526361828,0.4312796208530806,1.0,1.0,10/16,14.17%,DEPDC1B;TELO2;WDR76;FEM1B;BARD1;CRY1;RFWD3;BRCA2;THOC5;TTI1
prerank,Dopaminergic Neuron Differentiation (GO:0071542),0.570499624100977,1.0247157039248938,0.4074074074074074,1.0,1.0,2/14,4.38%,CTNNB1;RYK
prerank,Negative Regulation Of Type I Interferon Production (GO:0032480),-0.50571106809749,-1.0246920908731718,0.4263565891472868,1.0,1.0,15/37,17.78%,SIRPA;DDX56;RELB;TRIM27;ATG5;PTPRS;RBX1;BANF1;ITCH;RNF216;MORC3;XAF1;TYROBP;KLHL22;CACTIN
prerank,Regulation Of Hormone Secretion (GO:0046883),-0.6008697760280676,-1.0245561079056538,0.45531197301854975,1.0,1.0,1/14,1.01%,SCG5
prerank,Regulation Of Mitotic Metaphase/Anaphase Transition (GO:0030071),0.44349758904282904,1.0243091485012787,0.39104477611940297,1.0,1.0,12/49,9.79%,ARID1B;ARID2;SMARCB1;DPF2;BCL7B;SMARCA2;BCL7C;CENPE;ACTL6A;SMARCC2;FBXO5;CDC23
prerank,Peptidyl-Threonine Modification (GO:0018210),0.4200465548848475,1.0237502781595647,0.38095238095238093,1.0,1.0,36/64,19.51%,PDPK1;DYRK1A;CSNK2A2;DYRK4;ULK1;HIPK3;WNK1;CDK10;STK11;TAF1;GALNT11;PRKCD;OXSR1;DYRK1B;GALNT3;GALNT2;ROCK2;ROCK1;TGFBR2;STK39;MAPK1;GALNT6;ACVR1B;LRRK2;PRKD1;CDC42BPB;GALNT1;CAMK2D;CAD;MARK2;DYRK2;GALNT13;GSK3B;CDK5R1;AKT1;HIPK2
prerank,Mammary Gland Development (GO:0030879),-0.56372911794358,-1.023465538641427,0.4392361111111111,1.0,1.0,3/19,12.14%,ZBTB7B;NRG1;ARHGAP35
prerank,Regulation Of Neuron Death (GO:1901214),-0.47004868400215194,-1.0234324496302905,0.41363636363636364,1.0,1.0,26/54,19.49%,SNCG;PARK7;UBB;RAB29;SNCB;GRIN2B;CHGA;TNFRSF1B;IKBKG;CD200;CLU;FAIM2;CHRNA7;CDK5;GPNMB;NAE1;EGLN3;PRNP;TYROBP;TSC1;C1QA;MAPT;ATP13A2;ITGAM;ITGB2;MEF2C
prerank,Regulation Of Embryonic Development (GO:0045995),0.42780104047054657,1.0232756644261933,0.37091988130563797,1.0,1.0,24/56,16.89%,NIPBL;ACTR8;KAT2B;UTP25;EHMT1;KAT2A;TRIP12;SGF29;NR2C2;TFPT;RAB14;RUVBL2;BAG6;NFRKB;INSR;TDG;CRB2;INO80D;CCSAP;YEATS2;PHLDB1;YY1;RACGAP1;TADA2A
prerank,Regulation Of Membrane Protein Ectodomain Proteolysis (GO:0051043),-0.5633574717605899,-1.0228781284068829,0.43300653594771243,1.0,1.0,4/20,17.89%,TIMP3;TNFRSF1B;ADAM9;NRDC
prerank,Regulation Of Ventricular Cardiac Muscle Cell Membrane Repolarization (GO:0060307),-0.5782968728471813,-1.0225308391774632,0.44297520661157025,1.0,1.0,3/17,12.56%,SCN1B;SNTA1;ANK2
prerank,Regulation Of Superoxide Anion Generation (GO:0032928),-0.6028381548329294,-1.022506077954285,0.4479166666666667,1.0,1.0,6/13,19.30%,SOD1;TYROBP;CLEC7A;MAPT;ITGAM;ITGB2
prerank,Cardiac Myofibril Assembly (GO:0055003),-0.5905364478430524,-1.022172602543882,0.45753899480069327,1.0,1.0,4/15,15.25%,FHOD3;NEB;OBSL1;TTN
prerank,Establishment Of Spindle Orientation (GO:0051294),-0.5071848502019677,-1.0216052733542016,0.4274322169059011,1.0,1.0,14/34,21.47%,ITGB1;FBXW11;KAT5;HTT;LLGL2;NSFL1C;DYNLT1;NDEL1;MAP4;PAFAH1B1;UBXN2B;ZW10;HDAC3;MAPRE1
prerank,Positive Regulation Of Lipid Metabolic Process (GO:0045834),0.527856470958242,1.021504500122432,0.4067796610169492,1.0,1.0,7/20,12.83%,PPARA;ZBTB20;HSD17B13;MLXIPL;FLNB;CREBL2;EEF1A2
prerank,Endoplasmic Reticulum Tubular Network Organization (GO:0071786),-0.5772700301392049,-1.021387229714762,0.4547008547008547,1.0,1.0,12/16,23.53%,REEP1;ATL1;RTN3;RAB18;RTN1;LNPK;TMEM33;RETREG3;RTN4;REEP4;RAB10;REEP2
prerank,Negative Regulation Of Cell Population Proliferation (GO:0008285),-0.3946337734351046,-1.021361058263578,0.4052511415525114,1.0,1.0,79/346,14.85%,SKI;IRF1;CDKN1A;OPRM1;TMEM127;DLG3;COPS8;NELL1;FTH1;DNAJA3;CDKN2D;MCC;SPEG;MYO1C;NF2;EIF2AK2;TENM1;CDH13;ADAMTS8;ZNF777;CD300A;PLPP1;B4GALT7;PPARGC1A;ITGB1BP1;AZGP1;NRG1;THAP12;ATP8A2;MYO16;DYNLL1;PAK1;MAGED1;LYN;TESC;MAP2K1;BMPR2;PTPN14;WNK2;SMAD3;ADGRB1;NDRG4;BTG2;CD200;CDKN2A;APLP2;EMD;BTG3;HRAS;ATRAID;SOX2;CIB1;POLR2D;TBRG1;GSDME;ETS1;DDAH1;MTSS1;S100A11;TNS2;PTPN6;RAPGEF2;FABP7;IGFBP5;IL1A;PDPN;DNAJB2;VGLL4;GPNMB;RNF2;ATF5;NEURL1;APP;GAS8;MORC3;CTNNBIP1;AIF1;BMPR1B;IFI35
prerank,Negative Regulation Of Cyclase Activity (GO:0031280),-0.648534558586577,-1.0212827642896838,0.47155963302752296,1.0,1.0,3/10,12.39%,GNAI3;GABBR2;PALM
prerank,Negative Regulation Of Adenylate Cyclase Activity (GO:0007194),-0.648534558586577,-1.0212827642896838,0.47155963302752296,1.0,1.0,3/10,12.39%,GNAI3;GABBR2;PALM
prerank,peptidyl-L-cysteine S-palmitoylation (GO:0018230),0.5164828435566527,1.0212773047087103,0.39509536784741145,1.0,1.0,10/22,14.16%,ZDHHC22;ZDHHC2;ZDHHC4;ZDHHC20;GOLGA7B;ZDHHC21;ZDHHC15;GOLGA7;ZDHHC24;ZDHHC12
prerank,peptidyl-S-diacylglycerol-L-cysteine Biosynthetic Process From Peptidyl-Cysteine (GO:0018231),0.5164828435566527,1.0212773047087103,0.39509536784741145,1.0,1.0,10/22,14.16%,ZDHHC22;ZDHHC2;ZDHHC4;ZDHHC20;GOLGA7B;ZDHHC21;ZDHHC15;GOLGA7;ZDHHC24;ZDHHC12
prerank,Myelination (GO:0042552),-0.4814490365712403,-1.021037322701284,0.4287812041116006,1.0,1.0,11/46,15.05%,LGI4;SKI;SCN2A;CNTNAP1;EIF2B4;MAL2;TNFRSF21;SCN8A;GPC1;SLC8A3;B4GALT5
prerank,Plasma Membrane Bounded Cell Projection Assembly (GO:0120031),-0.39898337824263685,-1.0208780839130656,0.4095238095238095,1.0,1.0,85/251,15.34%,OPHN1;NELL1;CCDC65;CCDC57;TXNDC15;IFT122;PTPRO;ACTR2;AVIL;SNAP29;ASAP1;B9D1;WDR35;NUDCD3;CFAP54;ABLIM2;PARVB;ITGB1;BBIP1;CARMIL1;OFD1;DNMBP;IFT46;C2CD3;CFAP221;ARFIP2;CDH13;ARL6;EHD3;IFT57;CLUAP1;DUSP23;FXYD5;FAM161A;TCTN3;SCLT1;PIP5K1A;RAB23;EHD4;CPLANE1;KIF3B;ATP6V0D1;CEP250;RILPL2;SSX2IP;TNIK;IFT43;TMEM138;INTU;BBS7;DYNC2H1;GBF1;ALPK1;IFT52;MYLK;ATP6V1D;CEP126;ARL3;IQCB1;MTSS1;IFT20;RAC1;ARHGEF4;RAPGEF2;FNBP1L;SNX10;EZR;SPAG6;RPGR;CENPJ;STK36;IFT172;TTC26;PIBF1;KIAA0753;RILPL1;AIF1;RAB3IP;CFAP70;AHI1;SPAG16;HSPB11;WDR19;CEP19;TTC39C
prerank,Regulation Of Aerobic Respiration (GO:1903715),-0.5990135290665465,-1.0207678440749233,0.45805369127516776,1.0,1.0,4/15,9.19%,COX7A2L;COX7A2;VCP;SHMT2
prerank,Positive Regulation Of Macromolecule Biosynthetic Process (GO:0010557),0.3852203974631315,1.0207080189042907,0.38095238095238093,1.0,1.0,25/112,10.91%,PLD1;RFXANK;GUF1;FXR1;KLF4;LARP6;AGO2;TGFB2;PRMT1;SLC25A37;UPF3A;SAMD4A;LDB1;TLR2;EIF4G3;NLRC5;RFX5;IRS2;PDGFB;RPS6KB1;AKT2;VIM;INSR;UPF3B;CPEB3
prerank,Positive Regulation Of Cellular Biosynthetic Process (GO:0031328),0.36640566177653217,1.0205441767218812,0.37735849056603776,1.0,1.0,37/159,10.91%,SCARB1;PLD1;GUF1;CTNNB1;SIRT7;KAT2B;FXR1;HTR2C;FOXO1;KLF4;LARP6;AGO2;PAOX;PRMT1;UPF3A;SAMD4A;NNMT;NR1H2;EIF4G3;NOS1AP;ZEB2;GIPC1;SNCA;IRS2;ASS1;PDGFB;RPS6KB1;ARNT;AKT2;VIM;INSR;APPL1;MID1IP1;MLXIPL;SLC27A1;UPF3B;CPEB3
prerank,Positive Regulation Of Neurogenesis (GO:0050769),-0.44870219823161217,-1.0199132915214402,0.4218077474892396,1.0,1.0,27/73,18.59%,ZNF335;NUMBL;PLXNA4;OPRM1;SMARCD3;TIAM2;PLXNA2;CDKL3;ROBO2;OBSL1;NCAN;CAPRIN1;FZD3;CUX2;PLXNC1;MAP6;NEURL1;PLXNB2;SERPINF1;BCAN;NPTN;CX3CL1;CHODL;DISC1;NRDC;AMIGO1;NTRK2
prerank,Positive Regulation Of DNA Replication (GO:0045740),0.5357199460925588,1.0198328247350603,0.41745283018867924,1.0,1.0,7/17,10.61%,EGFR;FAF1;CTC1;KAT7;BAZ1A;DHX9;DNA2
prerank,Positive Regulation Of Neuroblast Proliferation (GO:0002052),-0.5655326026602165,-1.0196624951159832,0.4395229982964225,1.0,1.0,9/18,20.13%,ZNF335;SMARCD3;NCAN;FZD3;BCAN;CX3CL1;DISC1;HAPLN4;CX3CR1
prerank,RNA Modification (GO:0009451),-0.4759446318223891,-1.0193955322579686,0.425,1.0,1.0,20/48,14.95%,ALKBH1;NSUN2;ADAR;TFB1M;METTL3;NAT10;PUS7L;THG1L;TRDMT1;NOP10;FTSJ1;HNRNPAB;MRM2;JMJD6;PARN;RBM15;OSGEP;THUMPD1;TRMT9B;ELP5
prerank,Negative Regulation Of Carbohydrate Metabolic Process (GO:0045912),0.48459085872963875,1.019251857971402,0.3960674157303371,1.0,1.0,8/27,8.57%,FBP1;NCOR1;PPARA;SOGA1;KAT2A;TIGAR;CRY1;CBFA2T3
prerank,Microtubule Anchoring At Centrosome (GO:0034454),-0.6491022270148075,-1.0191232795131229,0.4673913043478261,1.0,1.0,3/10,6.66%,MAP1S;NINL;NIN
prerank,DNA Strand Elongation Involved In DNA Replication (GO:0006271),0.5871453498635969,1.0189036979838764,0.4278728606356968,1.0,1.0,5/12,4.96%,POLD3;POLD2;POLA1;POLE;MCM3
prerank,Protein Acylation (GO:0043543),0.46400284502785555,1.0187732828022018,0.40483383685800606,1.0,1.0,14/36,16.65%,CREBBP;ZDHHC22;ZDHHC2;KAT2B;FOXO1;KAT2A;ZDHHC20;ZDHHC21;ZDHHC15;KAT6A;ZDHHC17;ZDHHC12;GTF2B;ING5
prerank,Wound Healing (GO:0042060),-0.4500187688571711,-1.0184374834528271,0.4169054441260745,1.0,1.0,15/72,9.91%,SLC11A1;RAB3A;SYT11;TGFBR1;CHMP2A;TPM1;CHMP3;NRG1;EPB41L4B;DCBLD2;PAK1;CHMP7;SMAD3;PPP3CA;SRF
prerank,RNA Metabolic Process (GO:0016070),-0.4323178518740919,-1.018339869121111,0.40867279894875164,1.0,1.0,35/107,13.54%,FASTKD2;ALKBH1;ZNF830;DIS3;AGO1;DDX24;ADAR;EXOSC8;BICD1;THOC1;DKC1;NUDT3;DNTTIP2;RNGTT;WDR74;DHX36;EXOSC4;PPP1R8;DDX3X;PNPT1;EXOSC1;RBM3;SIDT2;LAGE3;DIS3L;FTO;RBMS1;MPHOSPH10;NOL9;RNASEH2C;RNASE1;DEDD2;PARN;RBPMS;HNRNPH1
prerank,Regulation Of Secretion (GO:0051046),-0.5852923286791607,-1.0178991855498896,0.4446308724832215,1.0,1.0,3/16,6.40%,POFUT2;PTPRN2;NRG1
prerank,Microtubule Cytoskeleton Organization Involved In Mitosis (GO:1902850),-0.4588377650818054,-1.0178512650243636,0.42424242424242425,1.0,1.0,18/59,17.98%,MECP2;MAP1S;NUDC;STMN1;CKAP5;EFHC1;DCTN2;KIF3B;RAN;BCCIP;CEP126;TACC3;MAP4;TUBG2;SBDS;SETD2;PCNT;TUBG1
prerank,Gluconeogenesis (GO:0006094),-0.5150646692542465,-1.0176894209918506,0.4401244167962675,1.0,1.0,11/30,11.54%,MDH1;ENO1;TPI1;KRT17;PGM1;PPARGC1A;SLC37A4;GPI;POLR2D;PGAM1;ENO2
prerank,Protein Monoubiquitination (GO:0006513),0.4424628609984523,1.0176597062732353,0.3785488958990536,1.0,1.0,14/44,13.61%,FANCC;PRKN;UHRF1;ZC4H2;UBE3D;WAC;TOPORS;UBE2R2;FANCL;FAAP100;TRIM41;RNF220;HUWE1;FANCB
prerank,Cell-Substrate Junction Assembly (GO:0007044),-0.5149847395719858,-1.0174523515354894,0.43879173290937995,1.0,1.0,11/28,14.32%,THY1;SORBS1;LAMC1;PIP5K1A;DYNLL1;ITGA6;TAOK2;ITGB4;FN1;SRC;BCR
prerank,Learning (GO:0007612),-0.4885689683631933,-1.0173992949378898,0.4343891402714932,1.0,1.0,16/42,18.93%,SYT11;SHANK2;SLC6A1;FGF13;LGMN;NRXN1;CNTNAP2;PPP3CB;SLC8A3;ATXN1;YTHDF1;SLC8A2;NRXN3;EIF2AK4;NTRK2;BRSK1
prerank,Negative Regulation Of Cellular Biosynthetic Process (GO:0031327),-0.42854436610432295,-1.017346338223822,0.41568627450980394,1.0,1.0,27/128,12.16%,PLEK;GAPDH;CDKN1A;SIRPA;MALSU1;FBXW7;EIF2AK3;PGPEP1;EPHA4;EIF2AK2;SIRT6;DHX36;EIF4ENIF1;BMPR2;ATP2B4;BTG2;DDX3X;CNOT1;CALR;DAPK1;ENC1;PCIF1;TRIM3;RAPGEF2;CLK2;CAPRIN1;IGFBP5
prerank,Fat-Soluble Vitamin Metabolic Process (GO:0006775),-0.5437787642708816,-1.0172985426974024,0.4300168634064081,1.0,1.0,5/23,12.24%,PIAS4;UBIAD1;LGMN;KDM5A;CBR1
prerank,Positive Regulation Of Fatty Acid Oxidation (GO:0046321),0.5974324217335407,1.0172209803524395,0.42574257425742573,1.0,1.0,3/11,9.76%,PPARA;IRS2;AKT2
prerank,Positive Regulation Of Transcription From RNA Polymerase II Promoter In Response To Stress (GO:0036003),-0.5776475459808471,-1.0171135584592432,0.44047619047619047,1.0,1.0,5/16,9.08%,DDIT3;HSPA5;CEBPB;ATF4;RBPJ
prerank,Response To Type II Interferon (GO:0034341),-0.4659120283435125,-1.016739350042726,0.4330827067669173,1.0,1.0,12/63,10.19%,CAMK2A;GAPDH;SIRPA;NUB1;SLC11A1;CD40;CALM1;SP100;IFITM2;IFITM3;DAPK1;BST2
prerank,Water-Soluble Vitamin Metabolic Process (GO:0006767),-0.4864183229227221,-1.0165950094677096,0.4222222222222222,1.0,1.0,17/40,17.67%,SLC2A3;FLAD1;PANK2;SLC23A2;MCCC1;MTHFD2L;RFK;SHMT2;BTD;GSTO2;MMAB;SLC19A2;MTHFS;SLC52A2;ABCD4;HLCS;SLC46A1
prerank,Regulation Of Actin Filament Depolymerization (GO:0030834),-0.6424600504956356,-1.0163375009305253,0.4635416666666667,1.0,1.0,6/10,19.68%,PLEK;MTPN;WDR1;LIMA1;PLEKHH2;SEMA5A
prerank,TOR Signaling (GO:0031929),-0.5280881285798725,-1.0163070824063902,0.43221690590111644,1.0,1.0,16/26,21.14%,TIPRL;EIF4EBP1;LAMTOR4;LAMTOR5;RPS6;LAMTOR3;EIF4EBP2;MAPKAP1;LAMTOR1;MLST8;LAMTOR2;LARP1;PINK1;MTOR;RPTOR;NPRL3
prerank,Regulation Of Erythrocyte Differentiation (GO:0045646),0.46520922950286314,1.0161163906857371,0.3875739644970414,1.0,1.0,17/35,18.60%,MAPK14;PRMT1;LDB1;FAM210B;STAT1;STAT3;ARNT;ANKRD54;CDK6;HMGB2;ACVR1B;FOXO3;NCKAP1L;MED1;SPI1;HSPA9;MAPK11
prerank,Mesoderm Development (GO:0007498),-0.5625309130723385,-1.0158331884455556,0.4377049180327869,1.0,1.0,6/18,18.40%,MESD;GDF11;IKZF1;HCK;MEST;MESP1
prerank,Positive Regulation Of Protein Modification Process (GO:0031401),-0.40547319033396284,-1.0157942437675616,0.42105263157894735,1.0,1.0,53/208,15.03%,PPP1R7;CDKN1A;AMBRA1;PIN1;TXN;CCND2;EFNA5;CD40;NTRK3;SMARCA5;HGF;LILRB2;CALM3;FAM161A;KAT5;FLOT1;CEP295;PTBP1;LIMK2;DYNLL1;MYDGF;PAK1;ACVR2A;LYN;RAB3GAP2;CALM1;ANKLE2;AKTIP;DDX3X;HRAS;CIB1;TNIK;CAMKK2;CHRNA7;HSP90AA1;CNEP1R1;IL34;RAC1;RRP8;ERP29;CCND1;FAM20A;CAMTA1;RASGRP1;HLA-DRB1;ADAM17;GPNMB;AGER;GOLGA2;APP;ATG7;KRAS;STK4
prerank,Regulation Of DNA Replication (GO:0006275),0.4216082991910938,1.0156885588767823,0.3811188811188811,1.0,1.0,22/70,11.37%,EGFR;ACTR8;EHMT2;FAF1;JADE2;CTC1;ANKRD17;KAT7;JADE3;PDS5A;CCDC88A;TFPT;JADE1;RUVBL2;FBXO5;BLM;BAZ1A;DHX9;NFRKB;DNA2;ATAD5;GMNN
prerank,Transport Across Blood-Brain Barrier (GO:0150104),-0.44151708746287477,-1.0156777844897187,0.45267489711934156,1.0,1.0,19/83,16.71%,SLC2A3;SLC16A1;SLC7A1;SLC4A4;SLC7A5;SLCO2B1;SLC6A17;SLC6A1;ATP2B4;ABCC2;SLCO1C1;ATP1A2;SLC27A4;LRP3;AGER;SLC8A2;ABCC5;SLC1A5;TFRC
prerank,Positive Regulation Of Transcription Elongation By RNA Polymerase II (GO:0032968),-0.49411033775513213,-1.0156448859861904,0.43612334801762115,1.0,1.0,18/41,19.25%,MED21;EAPP;MED29;MED11;MED27;MED14;MED31;MED10;MED6;ELL;MED23;SUPT6H;MED28;MED4;TCERG1;CDK12;MED8;MED16
prerank,Macromolecule Modification (GO:0043412),-0.44437591006980187,-1.015482719735078,0.42688330871491875,1.0,1.0,29/77,16.63%,FBXW2;FBXO22;B4GALT7;UBE2L3;FBXL2;MAN2B1;UBE2I;ST6GAL1;UBE2D3;CDKL3;ST3GAL1;CHRM3;ARAF;MCRS1;USP6;ST6GAL2;UBA52;SERP1;ST3GAL2;ST3GAL6;CPE;PARN;NAGPA;RNF2;SEPHS1;DUSP12;ABL2;ERO1A;PLOD2
prerank,Sulfation (GO:0051923),-0.6008547570152172,-1.0154535408063137,0.48198970840480276,1.0,1.0,2/13,5.83%,SULT1A1;SULT4A1
prerank,Glycogen Metabolic Process (GO:0005977),-0.5654864050174544,-1.015407673178269,0.44839255499153974,1.0,1.0,3/18,9.53%,PYGL;GYS1;GYG1
prerank,Regulation Of Sequestering Of Triglyceride (GO:0010889),0.5888562006893835,1.0152865828710291,0.43686868686868685,1.0,1.0,4/13,12.25%,PPARA;PLIN3;PLIN2;OSBPL11
prerank,Regulation Of Axon Extension (GO:0030516),-0.5001978094245976,-1.0152563099565497,0.4317111459968603,1.0,1.0,13/34,17.62%,MAP3K13;KIAA0319;OLFM1;NRCAM;L1CAM;PTPRS;MAP2;CDKL3;SEMA7A;LIMK1;CTTN;DNM2;MAPT
prerank,Negative Regulation Of Calcium Ion Transport (GO:0051926),-0.5861323582474964,-1.0145069199236385,0.45705024311183146,1.0,1.0,3/15,11.89%,TRIM27;LILRB2;ATP1A2
prerank,Mitotic Cell Cycle Checkpoint Signaling (GO:0007093),0.499988791701185,1.014260893772105,0.40359897172236503,1.0,1.0,10/23,20.00%,DEPDC1B;NABP2;BARD1;SETMAR;MRE11;ZFYVE19;INTS3;UIMC1;INIP;VPS4A
prerank,Glycoprotein Catabolic Process (GO:0006516),-0.6002710726847686,-1.0140590268313374,0.4662045060658579,1.0,1.0,3/14,3.69%,FBXO44;CTSL;EDEM2
prerank,Cell-Matrix Adhesion (GO:0007160),-0.42715330546392355,-1.0140413909006813,0.4152542372881356,1.0,1.0,33/101,19.31%,ZYX;THY1;LYVE1;ITGB1;SORBS1;L1CAM;ITGA7;CD44;ITGB1BP1;PIP5K1A;DYNLL1;ITGB5;ITGA9;ITGA6;TAOK2;ITGA5;RAC1;ITGB4;FN1;SRC;ADAMTS13;SGCE;FERMT3;BCR;TSC1;PPFIA2;CTTN;ADAM9;CD63;ITGAM;ITGA8;ITGB2;ARHGEF7
prerank,Regulation Of Calcium Ion Transport (GO:0051924),-0.4698323886870019,-1.0139033470232692,0.4324712643678161,1.0,1.0,14/56,15.71%,CCR1;CAMK2A;SRI;HOMER2;LILRB2;CACNB2;ATP2B1;PLPP4;CAMK2G;MYLK;ANK2;WNK3;HOMER1;P2RX4
prerank,Positive Regulation Of Calcium Ion Transmembrane Transport (GO:1904427),-0.4951668776817693,-1.0138274982672346,0.4301587301587302,1.0,1.0,9/38,16.42%,THY1;TRPC1;CACNB2;PLCG1;PPP3CA;ANK2;PPP3CB;P2RX4;CX3CL1
prerank,Vascular Transport (GO:0010232),-0.4440618015996576,-1.0137708246355042,0.45594405594405596,1.0,1.0,19/81,16.71%,SLC2A3;SLC16A1;SLC7A1;SLC4A4;SLC7A5;SLCO2B1;SLC6A17;SLC6A1;ATP2B4;ABCC2;SLCO1C1;ATP1A2;SLC27A4;LRP3;AGER;SLC8A2;ABCC5;SLC1A5;TFRC
prerank,Cell-Cell Adhesion Via Plasma-Membrane Adhesion Molecules (GO:0098742),-0.4101024147939275,-1.013630058433893,0.41259640102827766,1.0,1.0,25/158,9.64%,CDH22;UNC5D;CDH7;TENM2;CADM3;CDH18;ITGB1;CXADR;PTK7;CDH12;TENM1;L1CAM;CDH13;CDH10;LRRC4B;CDH9;TENM3;FLRT3;SDK2;PTPRS;CNTN4;PTPRT;LRFN5;NECTIN2;NTNG1
prerank,Activation Of Phospholipase C Activity (GO:0007202),0.5098018913685758,1.0133925555593097,0.4253164556962025,1.0,1.0,10/24,18.97%,EGFR;PLCB2;GNAQ;ARHGAP6;LPAR1;RASGRP4;CD86;PHB2;P2RY12;GNA15
prerank,Positive Regulation Of Cytoskeleton Organization (GO:0051495),-0.4458321751754662,-1.0133861008811174,0.4326241134751773,1.0,1.0,21/72,17.16%,BAIAP2L1;PLEK;SYNPO;CARMIL1;TENM1;SORBS3;BAIAP2;NCKAP1;FES;BIN1;MTSS1;CDK5;SYNPO2;CENPJ;LIMK1;EVL;VASP;NCK2;HCK;CX3CL1;CTTN
prerank,Regulation Of Fibroblast Migration (GO:0010762),-0.5562001935009846,-1.01322217546511,0.45544554455445546,1.0,1.0,5/19,11.40%,GNA12;ITGB1;DDR2;ITGB1BP1;RAC1
prerank,Negative Regulation Of Response To Wounding (GO:1903035),-0.537928269063018,-1.0131255500561596,0.4540983606557377,1.0,1.0,6/22,12.96%,EPHA4;SIGLEC10;PTPRS;CASK;PTPN6;RTN4RL1
prerank,Postreplication Repair (GO:0006301),-0.5625080474512099,-1.0129949554619255,0.464,1.0,1.0,10/20,16.48%,VCP;POLN;UBE2N;UBE2V2;USP43;PCNA;MSH2;FAAP20;RAD18;USP10
prerank,Female Gamete Generation (GO:0007292),0.47960973633035087,1.0128575519998042,0.4173027989821883,1.0,1.0,6/25,12.24%,KMT2D;MEI4;MCM9;DIAPH2;PTN;HORMAD1
prerank,Response To Fibroblast Growth Factor (GO:0071774),-0.5638803417305331,-1.0127230248755241,0.46234676007005254,1.0,1.0,4/20,8.54%,IER2;CD44;ITGB1BP1;ZFP36
prerank,Regulation Of Neural Precursor Cell Proliferation (GO:2000177),-0.5468067846632001,-1.012707790873122,0.42696629213483145,1.0,1.0,1/20,0.10%,ID2
prerank,Positive Regulation Of Endocytosis (GO:0045807),-0.45233517260264317,-1.0126482111075779,0.43857142857142856,1.0,1.0,17/70,13.03%,SIRPA;BICD1;SLC11A1;LMAN2;VPS28;FLOT1;MERTK;LYAR;RAB27A;TUB;CLU;CALR;TFR2;ABCA7;FCER1G;RAB21;CYBA
prerank,Heart Morphogenesis (GO:0003007),0.43210334919350146,1.0123415018580826,0.39197530864197533,1.0,1.0,8/54,10.23%,NIPBL;TBX19;MDM4;MYBPC3;TGFB2;TCAP;INSR;TGFBR3
prerank,Regulation Of Voltage-Gated Calcium Channel Activity (GO:1901385),-0.5288608461865972,-1.0118357581171493,0.4586709886547812,1.0,1.0,7/25,13.78%,GNB5;SRI;CACNB2;PPP3CA;DMD;PPP3CB;STAC2
prerank,Positive Regulation Of MAPK Cascade (GO:0043410),-0.397100360494943,-1.0117861949895202,0.43058823529411766,1.0,1.0,74/277,19.83%,CCR1;SOD1;OPRM1;NELL1;LAPTM5;DOK3;FBXW7;BRAF;TGFBR1;CD40;NTRK3;EIF2AK2;TENM1;MAP2K7;RIT2;CD44;DDR2;FFAR4;NRG1;DIRAS1;MYDGF;KSR1;MAP2K1;BMPER;PRKCA;DIRAS2;NDRG4;HRAS;SOX2;CIB1;WWC1;CHRNA7;GSDME;TAOK2;IL34;PDGFD;RAPGEF2;ERP29;C5AR1;DOK6;RASGRP1;HLA-DRB1;SEMA7A;PLCE1;PIK3R5;GPNMB;AGER;ROR2;SCIMP;APP;HTR2A;ICAM1;TGFA;GAREM1;MID1;LAMTOR1;PRKD2;CX3CL1;ROR1;CD74;ADAM9;PPIA;TMEM106A;GPR37L1;NTRK2;SERPINF2;CD81;NOTCH2;TRAF7;LGALS9;MEF2C;ZNF622;GLIPR2;CD4
prerank,Nuclear Export (GO:0051168),0.4347556083575751,1.0115871802117236,0.40804597701149425,1.0,1.0,13/45,10.34%,MALT1;POM121C;RANBP3;XPO1;STRADA;XPO6;RANGAP1;CHP1;NUP188;NUP153;NEMF;XPO7;CCHCR1
prerank,Small GTPase Mediated Signal Transduction (GO:0007264),-0.43041855759810477,-1.0115318743794688,0.4166666666666667,1.0,1.0,46/110,17.26%,RRAS2;CDKN1A;PARK7;RGS19;DOK3;NRAS;ARFIP2;RAPGEFL1;TIAM2;RALA;PLD2;RIT2;ARHGAP31;RASGEF1A;KSR1;RAPGEF4;CDKN2A;HRAS;ORC3;MAPKAPK5;ARL3;RUNDC3A;USP8;RAB18;RAC1;KRIT1;RAPGEF2;GRB2;CNKSR2;RASL10A;DOK6;RASGRP1;PLCE1;ARHGAP33;BCR;G3BP2;KRAS;MRAS;RGL1;RB1;RGL3;RALGPS1;ARHGAP18;SIAH2;RAPGEF1;ARHGAP30
prerank,One-Carbon Compound Transport (GO:0019755),-0.5170156354123595,-1.0111718660849567,0.43956043956043955,1.0,1.0,6/30,11.82%,SLC4A10;SLC4A4;HBB;SLC26A5;CYB5R1;CFTR
prerank,Regulation Of Viral Life Cycle (GO:1903900),-0.5492040649892486,-1.0111292435068835,0.46875,1.0,1.0,5/20,18.21%,NECTIN2;KPNA2;TRIM38;TRIM25;PPIA
prerank,Heart Trabecula Morphogenesis (GO:0061384),-0.5714698095846537,-1.0110978370081516,0.46938775510204084,1.0,1.0,5/17,13.56%,TGFBR1;NRG1;RBPJ;POLR2D;BMPR1A
prerank,Golgi To Endosome Transport (GO:0006895),0.5641718741365868,1.0106475960507697,0.4105263157894737,1.0,1.0,5/13,8.36%,KLHL20;SORT1;MON2;RAB14;VPS13A
prerank,Cellular Response To Lipid (GO:0071396),-0.4002330618507983,-1.0106099538692686,0.4542079207920792,1.0,1.0,51/206,17.87%,SIRPA;ADCY2;ATP1A1;ADCY6;NFKBIL1;CD14;PTK7;TICAM1;NCOA4;RORB;LILRB2;SELENOS;ZNF703;TNFRSF1B;KAT5;TNIP1;RORA;UBE2L3;LYN;TESC;PPM1E;UPF1;ZFP36;SPHK2;FES;KCNK4;CTR9;XBP1;UXT;ESR1;CFTR;MSN;ATP1A2;IL1A;CARD16;MGST1;PLAA;ADCY8;TNIP2;MAPK8;SBNO2;ABL2;PID1;RELA;ADCY1;LCP1;GIT1;SFRP1;ADAM9;CACTIN;NR1D1
prerank,Cardiolipin Metabolic Process (GO:0032048),-0.6405554841004274,-1.010476292809379,0.4742268041237113,1.0,1.0,1/10,0.07%,LCLAT1
prerank,Male Gonad Development (GO:0008584),0.4631385004266858,1.0103323028948266,0.425,1.0,1.0,6/37,12.21%,MAMLD1;TGFB2;SOX8;ING2;WNT5A;LRP2
prerank,Positive Regulation Of Protein Deacetylation (GO:0090312),0.5975100334079646,1.010205411249693,0.44575471698113206,1.0,1.0,7/12,8.60%,NIPBL;DYRK1A;CTBP1;BRMS1;NNMT;BAZ2A;ING2
prerank,Regulation Of Type I Interferon Production (GO:0032479),-0.4653157562268366,-1.0100451973334195,0.4553314121037464,1.0,1.0,13/54,10.60%,IRF1;GAPDH;CD14;DDX56;RNF26;TICAM1;TRIM27;ATG5;TRIM56;DDX3X;RBX1;BANF1;ITCH
prerank,Regulation Of Catecholamine Secretion (GO:0050433),-0.5200872927238224,-1.0099344299179112,0.4394409937888199,1.0,1.0,10/26,13.01%,STX1A;KCNB1;SYT11;SYT1;SYT13;SYT2;SYT5;DTNBP1;SYT10;SYT4
prerank,Serine Family Amino Acid Metabolic Process (GO:0009069),0.5587141045172552,1.0099242796129617,0.41927710843373495,1.0,1.0,5/14,13.64%,CDO1;GCLC;THNSL2;SHMT1;SRR
prerank,Ureteric Bud Development (GO:0001657),0.5459196730844693,1.009729711124147,0.39518072289156625,1.0,1.0,5/17,19.10%,NPNT;OXSR1;SLIT2;FGFR2;PKD2
prerank,Regulation Of Epithelial Cell Differentiation (GO:0030856),0.5597690985798834,1.009564151472508,0.4199029126213592,1.0,1.0,4/14,12.95%,KLF7;APOLD1;OXSR1;ALOX15B
prerank,Negative Regulation Of Interleukin-10 Production (GO:0032693),-0.5875201451806676,-1.0093261213126317,0.4812286689419795,1.0,1.0,4/14,19.77%,TNFRSF21;TYROBP;VSIR;PDCD1LG2
prerank,Regulation Of Trans-Synaptic Signaling (GO:0099177),-0.49160041851931,-1.0092543893209371,0.43263473053892215,1.0,1.0,10/36,11.05%,GRIK1;GRIK2;GRIA2;CACNA1B;GRIA1;GRIA3;PPP3CA;NRG3;EIF4EBP2;GRIK4
prerank,Oogenesis (GO:0048477),0.587021450599187,1.009024117557316,0.46616541353383456,1.0,1.0,4/13,12.24%,KMT2D;MEI4;PTN;HORMAD1
prerank,Regulation Of Proteolysis (GO:0030162),-0.4752739157860042,-1.0090195005794205,0.43787878787878787,1.0,1.0,14/46,19.65%,AURKAIP1;FBXW11;CYFIP2;STUB1;ITCH;BTRC;SERPINE2;CDK5;BAD;DNAJC1;CST3;HDAC2;PLAUR;FADD
prerank,Medium-Chain Fatty Acid Metabolic Process (GO:0051791),-0.5979404472215529,-1.0088822817630427,0.47198641765704585,1.0,1.0,4/14,15.57%,ACOT7;ABHD2;ACAD9;CRAT
prerank,RNA Phosphodiester Bond Hydrolysis (GO:0090501),-0.5278715752916759,-1.0088452712499736,0.45203252032520325,1.0,1.0,13/26,18.88%,ZC3H12B;ERN1;NHP2;TRIR;ZC3H12D;NUDT16;POP7;RNASE1;PARN;POP1;RPP30;ZC3H12C;CSTF3
prerank,Positive Regulation Of Monoatomic Ion Transport (GO:0043270),-0.49237428908319125,-1.0088405500627102,0.43787878787878787,1.0,1.0,11/38,13.31%,CCR1;CAMK2A;SCN1B;AHCYL1;CACNB2;SCN3B;ATP2B1;FHL1;MYLK;ANK2;WNK3
prerank,Axon Guidance (GO:0007411),-0.4182709486422093,-1.008775175800022,0.44587628865979384,1.0,1.0,49/144,16.81%,PLXNA4;OPHN1;GAP43;NELL1;SCN1B;PTPRO;CNTN5;DAG1;EPHA6;UNC5A;NRCAM;EFNA5;EPHA4;L1CAM;DCC;SEMA3E;PLXNA2;NELL2;CYFIP2;SLIT1;RNF165;KALRN;TNR;SEMA6B;EPHB1;CNTN4;SEMA4B;CHN1;PRKCQ;NRXN1;CNTN1;LRTM1;CXCL12;RAC1;ROBO2;LGI1;ARHGAP35;SEMA7A;PLXNC1;FEZ2;ARHGEF25;KIF5A;PLXNB2;NEXN;VASP;KIF5C;CNTN6;EFNA3;RAC3
prerank,Cardiac Muscle Cell Action Potential Involved In Contraction (GO:0086002),-0.5167797597706969,-1.0085842721759242,0.470679012345679,1.0,1.0,7/29,10.74%,SCN2B;ATP1A1;SCN1B;SCN3B;SCN1A;FGF12;SNTA1
prerank,Endosome To Lysosome Transport Via Multivesicular Body Sorting Pathway (GO:0032510),-0.5957946537825083,-1.008307444675701,0.4697986577181208,1.0,1.0,5/14,9.38%,CHMP2A;CHMP3;VCP;CHMP7;UBXN6
prerank,Neutrophil Chemotaxis (GO:0030593),-0.46821876796534273,-1.0082377016459418,0.44375,1.0,1.0,7/52,10.99%,CXADR;PIP5K1C;S100A9;S100A8;PPIB;GBF1;FCER1G
prerank,Negative Regulation Of Peptidyl-Tyrosine Phosphorylation (GO:0050732),-0.519196928331112,-1.0080815331021764,0.460655737704918,1.0,1.0,12/30,17.99%,THY1;NF2;SOCS3;CD300A;SH3BP5;PTPN6;PPP2R1A;PARP14;PIBF1;DMTN;SFRP1;SAMSN1
prerank,Positive Regulation Of Nucleocytoplasmic Transport (GO:0046824),0.44123561059648864,1.007729906037866,0.41411042944785276,1.0,1.0,16/42,14.38%,RAPGEF3;TRIM28;ZC3H12A;CPSF6;UBR5;HCLS1;DHX9;PRKCD;ECT2;CDH1;NCBP2;CAMK1;IPO5;GAS6;PSEN1;JUP
prerank,Ethanol Metabolic Process (GO:0006067),-0.6283795826659702,-1.0072451179808726,0.48299319727891155,1.0,1.0,1/11,1.21%,SULT1A1
prerank,Negative Regulation Of Potassium Ion Transmembrane Transport (GO:1901380),0.6036831059597374,1.0071763610104907,0.4577114427860697,1.0,1.0,4/11,12.11%,NEDD4L;OXSR1;KCNE3;STK39
prerank,Regulation Of Cysteine-Type Endopeptidase Activity (GO:2000116),-0.5531024557331206,-1.0071105533875084,0.4416403785488959,1.0,1.0,7/19,21.73%,BIRC2;GRIN2B;SOX2;CST3;PSMB9;GRIN1;PYCARD
prerank,Intracellular Protein Transmembrane Transport (GO:0065002),-0.47805405283913827,-1.0069199161514175,0.43928035982008995,1.0,1.0,15/46,16.01%,SEC62;TOMM70;ZFAND2B;PEX13;HSPA5;TIMM17A;TIMM21;GRPEL1;SEC63;SEC61G;PEX26;TOMM20;SEC61B;TIMM50;HSPD1
prerank,"Maturation Of LSU-rRNA From Tricistronic rRNA Transcript (SSU-rRNA, 5.8S rRNA, LSU-rRNA) (GO:0000463)",-0.5918961561585384,-1.0069183115695635,0.474036850921273,1.0,1.0,7/14,16.98%,RPL35;RPF2;DDX18;NOL9;RPL7;ZNHIT3;NIFK
prerank,Regulation Of Synaptic Vesicle Exocytosis (GO:2000300),-0.5785705771648572,-1.0068496029271954,0.4682926829268293,1.0,1.0,5/16,7.02%,RIMS1;RIMS2;SNAPIN;RIMS3;RAB5A
prerank,Positive Regulation Of Signaling Receptor Activity (GO:2000273),-0.4945628877939002,-1.0066980468598605,0.4367283950617284,1.0,1.0,4/35,3.17%,PARK7;NELL1;FBXW7;ITGB1
prerank,Limb Morphogenesis (GO:0035108),0.5439822146466293,1.0065613456391227,0.4466501240694789,1.0,1.0,6/17,3.98%,ZNF141;NIPBL;MBNL1;FBXW4;MYH3;TGFB2
prerank,RNA Catabolic Process (GO:0006401),-0.4663059782582077,-1.0062928827606283,0.4295977011494253,1.0,1.0,16/54,11.78%,YTHDF2;DIS3;EXOSC8;METTL3;RNH1;ERN1;EXOSC4;NUDT12;PPP1R8;ZFP36;PNPT1;EXOSC1;SIDT2;DIS3L;NUDT16;RNASEH2C
prerank,Protein K11-linked Ubiquitination (GO:0070979),0.4823004797613066,1.006167429222217,0.4254742547425474,1.0,1.0,5/28,3.29%,ANAPC2;FZR1;PRKN;UBE2H;ANAPC10
prerank,Cilium Assembly (GO:0060271),-0.3978182522716074,-1.0059725707194318,0.44157441574415746,1.0,1.0,83/217,17.94%,CCDC65;CCDC57;TXNDC15;IFT122;ACTR2;AVIL;SNAP29;ASAP1;B9D1;WDR35;NUDCD3;CFAP54;BBIP1;OFD1;DNMBP;IFT46;C2CD3;CFAP221;ARL6;EHD3;IFT57;CLUAP1;CFAP46;DUSP23;FAM161A;TCTN3;SCLT1;RAB23;EHD4;DYNLL1;CPLANE1;KIF3B;ATP6V0D1;CEP250;RILPL2;SSX2IP;IFT43;TMEM138;INTU;BBS7;DYNC2H1;GBF1;ALPK1;IFT52;ATP6V1D;CEP126;ARL3;IQCB1;IFT20;FNBP1L;SNX10;BBOF1;GORAB;RPGR;CENPJ;SPATA6;STK36;IFT172;TTC26;PIBF1;GAS8;KIAA0753;RILPL1;RAB3IP;CFAP70;AHI1;SPAG16;HSPB11;WDR19;CEP19;TTC39C;LRGUK;TMEM237;TCTN1;TBC1D32;ABLIM3;DISC1;ABLIM1;ACTR3;CFAP161;WDPCP;KIF3A;PCNT
prerank,Regulation Of DNA Metabolic Process (GO:0051052),0.3800709554508092,1.0059164717753613,0.39768339768339767,1.0,1.0,32/117,9.92%,DEPDC1B;SMC5;ACTR8;EHMT2;TAF4;SMARCAD1;SIRT7;JADE2;KAT2B;ANKRD17;KAT7;JADE3;KAT2A;SGF29;CCDC88A;TAF5;TFPT;BARD1;BAZ2A;TAF12;JADE1;ACTL6A;TMEM98;RUVBL2;SUPT3H;FBXO5;TAF7;TAF6;MPHOSPH8;BAZ1A;NFRKB;ATXN7
prerank,Memory (GO:0007613),-0.46427760380889516,-1.0057423150112432,0.4395924308588064,1.0,1.0,20/54,15.87%,NETO1;SCN2A;PJA2;SYT11;PLCB1;SLC6A1;CAMK4;FGF13;LGMN;CHRNA7;EIF4EBP2;VLDLR;PPP3CB;CUX2;ADCY8;SLC8A3;ATXN1;YTHDF1;PRNP;SLC8A2
prerank,Intrinsic Apoptotic Signaling Pathway In Response To Oxidative Stress (GO:0008631),0.6218965637516136,1.0050731594572184,0.47453703703703703,1.0,1.0,3/10,10.22%,PDK1;PRKCD;STK25
prerank,Cellular Response To Forskolin (GO:1904322),-0.6413510868646539,-1.0043180201580646,0.4931506849315068,1.0,1.0,4/10,13.77%,ADCY2;ADCY6;CFTR;ADCY8
prerank,Response To Forskolin (GO:1904321),-0.6413510868646539,-1.0043180201580646,0.4931506849315068,1.0,1.0,4/10,13.77%,ADCY2;ADCY6;CFTR;ADCY8
prerank,Endoplasmic Reticulum To Cytosol Transport (GO:1903513),-0.5768877241969049,-1.0042826534991307,0.4665523156089194,1.0,1.0,7/15,14.18%,ERLEC1;SELENOS;VCP;HSP90B1;SEL1L;SEC61B;FAF2
prerank,Negative Regulation Of Catabolic Process (GO:0009895),0.4085540773690128,1.0042361703225455,0.41843971631205673,1.0,1.0,13/64,8.57%,FBP1;EGFR;QRICH2;NCOR1;PPARA;CSNK2A2;MDM4;PRKAA1;TIGAR;IRAK3;TAF1;PML;CBFA2T3
prerank,Positive Regulation Of Superoxide Anion Generation (GO:0032930),-0.6028454550394873,-1.0041841250049262,0.47192982456140353,1.0,1.0,6/12,19.30%,SOD1;TYROBP;CLEC7A;MAPT;ITGAM;ITGB2
prerank,Negative Regulation Of Myeloid Cell Differentiation (GO:0045638),0.5447432745598363,1.004146259961666,0.4180327868852459,1.0,1.0,6/16,12.74%,ZBTB16;PRMT1;LDB1;MEIS1;MEIS2;CDK6
prerank,Peptidyl-Methionine Modification (GO:0018206),-0.6076858349592301,-1.0041301691317597,0.4975206611570248,1.0,1.0,2/12,3.42%,NAA60;LSM8
prerank,"Positive Regulation Of CD4-positive, Alpha-Beta T Cell Activation (GO:2000516)",-0.6167054402030185,-1.0041109146668261,0.4974271012006861,1.0,1.0,6/11,19.16%,ZBTB7B;PRKCQ;HLA-DRB1;HLA-DRA;CD81;LGALS9
prerank,Calcium Ion Import Across Plasma Membrane (GO:0098703),-0.4972821250713164,-1.0041015637640422,0.45794392523364486,1.0,1.0,10/35,17.78%,SCN2A;CACNA1B;CACNA1E;CACNA1I;CLU;SCN1A;SCN8A;SLC8A3;SLC8A2;CACNA1C
prerank,Regulation Of Monocyte Chemotaxis (GO:0090025),-0.5263174052698346,-1.004005772884483,0.45770392749244715,1.0,1.0,5/23,11.38%,CCR1;NBL1;LYN;LGMN;CXCL12
prerank,Regulation Of Endopeptidase Activity (GO:0052548),-0.4566622474117742,-1.0039490213860982,0.4422809457579972,1.0,1.0,17/58,18.69%,GAPDH;PRELID1;BIRC2;TIMP3;SERPINB9;PSME1;NRG1;SERPINI1;SERPINE2;SERPINF1;APH1B;PSMA3;VSIR;NRDC;PSMB9;ATP13A2;SERPINF2
prerank,Aortic Valve Morphogenesis (GO:0003180),0.4526466405948591,1.0038764300150036,0.430635838150289,1.0,1.0,12/35,20.16%,EFNA1;TIE1;JAG1;CDH11;ROCK2;ROCK1;TGFBR2;SLIT2;SMAD6;ROBO1;RHOA;NOTCH1
prerank,Organic Substance Transport (GO:0071702),-0.40216958432496097,-1.0038153744838807,0.46633416458852867,1.0,1.0,34/184,12.69%,SLC3A2;ATP2B2;CCR1;CAMK2A;TOM1;TRPC5;CACNG3;TRPC1;SLCO2B1;SCAMP1;ABCB9;SLC23A2;CHMP2A;RAB7A;SLC50A1;SCAMP3;ARRDC3;CHMP3;NRG1;CACNG8;CLU;SLC22A10;PANX1;ABCA5;CHRNA7;KCNN4;TPT1;SLC48A1;GM2A;APOL2;PDPN;HSP90B1;MFSD12;PLTP
prerank,Positive Regulation Of Heterochromatin Formation (GO:0031453),0.590550233244292,1.0038125704826628,0.4439252336448598,1.0,1.0,6/11,16.22%,TRIM28;SETDB2;MPHOSPH8;ATF7IP2;TPR;PPHLN1
prerank,Phospholipid Translocation (GO:0045332),0.4646920816916192,1.0035252730720998,0.39215686274509803,1.0,1.0,8/30,11.58%,ATP8B2;ATP10A;ABCB1;P2RX7;ATP8B3;ATP11A;ABCC1;ATP8A1
prerank,Intraciliary Anterograde Transport (GO:0035720),-0.5751128514194915,-1.0033286581651686,0.4521276595744681,1.0,1.0,8/15,15.21%,IFT46;IFT57;CLUAP1;IFT52;IFT20;IFT172;TTC26;HSPB11
prerank,Negative Regulation Of Amyloid Precursor Protein Catabolic Process (GO:1902992),-0.558797926009419,-1.0032897524723448,0.46243739565943237,1.0,1.0,11/18,20.41%,PIN1;FLOT2;CLU;RTN3;CHRNA7;BIN1;RTN1;PRNP;NTRK2;APEX1;RTN4
prerank,Positive Regulation Of Protein Import Into Nucleus (GO:0042307),0.49161732727240465,1.0031162542074692,0.42091152815013405,1.0,1.0,12/26,17.77%,TRIM28;ZC3H12A;UBR5;HCLS1;PRKCD;ECT2;CDH1;IPO5;PSEN1;JUP;TPR;RBM22
prerank,Monoamine Transport (GO:0015844),0.6308768935286564,1.003038233144737,0.47619047619047616,1.0,1.0,1/10,8.06%,SLC29A3
prerank,Positive Regulation Of DNA Metabolic Process (GO:0051054),0.38040985753428713,1.0013707819711666,0.4098939929328622,1.0,1.0,35/103,15.16%,ATRX;DEPDC1B;EGFR;WRAP53;ACTR8;FAF1;CTC1;TRIM28;KAT7;SMCHD1;POT1;TFPT;PRIM2;TIGAR;ACTL6A;RUVBL2;PML;BAZ1A;DHX9;GINS1;CEBPG;PDGFB;NFRKB;MRE11;DNA2;ERCC6;ATAD5;HMGB1;INO80D;USP7;TERF1;PPP1R10;STPG4;TERF2;BCAR3
prerank,Positive Regulation Of Collagen Biosynthetic Process (GO:0032967),0.5495565533791071,1.000989432783677,0.43686868686868685,1.0,1.0,3/15,10.28%,LARP6;VIM;SCX
prerank,Protein Glycosylation (GO:0006486),-0.40677946562864387,-1.000825171356365,0.45256410256410257,1.0,1.0,40/140,18.15%,DPAGT1;MOGS;OST4;B3GNTL1;POMT1;OSTC;POMGNT2;TUSC3;MGAT5B;GALNTL6;PSMD2;GALNT18;B4GALT7;SERP2;PLOD3;DAD1;GALNT8;GALNT17;ST8SIA5;ST3GAL1;B3GALT6;B4GAT1;ST8SIA3;SERP1;ST3GAL2;ST3GAL6;TMEM258;COG7;GOLGA2;PMM2;TMEM59;LARGE1;B4GALT5;ALG6;POMGNT1;PLOD2;ST3GAL5;MGAT3;MGAT5;GFPT1
prerank,Regulation Of GTPase Activity (GO:0043087),-0.4003042141296861,-1.0007473616632967,0.4528061224489796,1.0,1.0,39/191,10.91%,GPR137B;SOD1;PLXNA4;GNB5;VAV3;THY1;TMED2;PIN1;ITGB1;DOCK7;ALS2;EFNA5;EPHA4;NGEF;CD40;WDR41;RGS11;RAPGEFL1;ADAP2;RGP1;ARHGAP44;RGS7;PLXNA2;ITGB1BP1;RASGEF1A;RAP1GAP;TBC1D7;RAB3GAP2;AGRN;SGSM2;RAPGEF4;CHN1;SMCR8;HRAS;STMN3;ITGA6;TBC1D30;TBC1D20;RGS16
prerank,Positive Regulation Of Histone H3-K4 Methylation (GO:0051571),0.6013566960481515,1.0006415238766728,0.46731234866828086,1.0,1.0,5/12,5.10%,KAT8;CTNNB1;SMAD4;KANSL2;KANSL1
prerank,Phospholipid Dephosphorylation (GO:0046839),-0.5047391509565179,-1.0001296529109454,0.4401244167962675,1.0,1.0,11/30,12.07%,PMPCA;INPP5B;PIP4P1;MTMR1;PLPPR4;PLPP5;PLPP1;PLPP4;SACM1L;PLPPR5;PLPP3
prerank,Regulation Of Myoblast Fusion (GO:1901739),0.5921985837727531,0.9998959663084217,0.45893719806763283,1.0,1.0,3/11,10.21%,MAPK14;CFLAR;EHD2
prerank,Negative Regulation Of ATP-dependent Activity (GO:0032780),0.5363284813414825,0.9997963247950928,0.43434343434343436,1.0,1.0,5/16,17.79%,VCPKMT;IFIT1;PXK;OXA1L;TP53
prerank,Carbohydrate Biosynthetic Process (GO:0016051),-0.5349208671202451,-0.9996433170826277,0.4813008130081301,1.0,1.0,4/22,12.83%,ST6GALNAC5;EXT2;ST3GAL2;ST3GAL6
prerank,Negative Regulation Of Gene Expression (GO:0010629),-0.3871479189101198,-0.9996252706935616,0.4780600461893764,1.0,1.0,70/314,13.56%,ID2;NDFIP1;CCR1;YTHDF2;MECP2;GAPDH;RPS26;PARK7;MALSU1;FBXW7;SLC11A1;FLOT2;BMI1;MARK1;PTRH2;METTL3;KRT17;SLC7A5;OLFM1;EIF2AK3;RNH1;SYT11;EPHA4;EIF2AK2;SIRT6;SH3GL2;ATOH8;TRIM27;ERN1;DHX36;SETDB1;ANXA7;FFAR4;PTBP1;EIF4ENIF1;CITED2;ATP2B4;NUDT12;ATP2B1;SMAD3;BTG2;OVOL2;DDX3X;ZFP36;LGMN;SMCR8;PNPT1;TCEAL1;HRAS;RPS13;CNOT1;CALR;DAPK1;ENC1;PRKAA2;DNMT1;PCIF1;NUDT16;TRIM3;ESR1;CPNE1;ERP29;PARP14;CAPRIN1;IGFBP5;NDFIP2;PHF19;GPNMB;LRP3;BMPR1A
prerank,Diacylglycerol Metabolic Process (GO:0046339),-0.5359037679185537,-0.9995646817893103,0.4769475357710652,1.0,1.0,9/22,18.59%,DAGLB;DGKB;DGKD;PLA2G15;PLCE1;DGKI;DGKA;PNPLA2;DGKE
prerank,Proteoglycan Biosynthetic Process (GO:0030166),-0.501538816439137,-0.9994967524466624,0.45614035087719296,1.0,1.0,16/31,18.11%,B4GALT7;EXT2;BMPR2;CHST11;CHST10;NDST3;FAM20B;XYLT1;BMPR1B;CSGALNACT2;GAL3ST4;UGDH;B3GAT3;PXYLP1;CHST12;CHST9
prerank,Negative Regulation Of Apoptotic Signaling Pathway (GO:2001234),-0.44036556330638543,-0.9993604447226603,0.46537396121883656,1.0,1.0,25/76,16.96%,PARK7;SLC25A5;NDUFS3;PRELID1;SLC25A4;TMEM14A;GRINA;TGFBR1;PSMD10;HGF;NOC2L;HTT;GHITM;CLU;DDX3X;FAIM2;ITGA6;SRC;SLC25A6;CSNK2A1;RB1;MAZ;RELA;CX3CL1;SIAH2
prerank,Fc Receptor Signaling Pathway (GO:0038093),-0.5223204605887398,-0.9991607114771045,0.4601910828025478,1.0,1.0,11/25,15.27%,VAV3;IKBKB;MAP2K7;FCGR3A;LYN;PLCG1;PRKCQ;FCER1G;MAPK10;MAPK8;VAV2
prerank,Regulation Of Keratinocyte Differentiation (GO:0045616),0.5405313019647451,0.9991135727608028,0.4453551912568306,1.0,1.0,7/18,15.44%,NCOA3;PRKCH;SRSF6;ROCK2;ROCK1;SGPP1;MED1
prerank,Regulation Of MHC Class II Biosynthetic Process (GO:0045346),0.5951754467678849,0.9986926713666954,0.47572815533980584,1.0,1.0,3/11,7.72%,RFXANK;RFX5;TAF7
prerank,Protein Phosphorylation (GO:0006468),0.3321651252135225,0.9986462278233913,0.4024390243902439,1.0,1.0,121/483,12.86%,PDK1;MAPK14;SMAD7;CDK19;CSNK1G3;GRK6;ADAM10;EGFR;ATG13;AURKA;TAF8;CDK17;DDR1;RPS6KA5;PRKCZ;PDPK1;DYRK1A;CTBP1;PRKACA;TAF4;RPS6KA4;SGK3;MAP4K5;FER;UVRAG;STRADA;PRKCH;AKT3;CSNK2A2;CDKL1;CLK1;NEK4;GRK4;HTATIP2;DYRK4;ULK1;ATM;PIK3C3;COPS2;TGFB2;TAF5;PRKAA1;RYK;TAF13;HIPK3;MAP4K3;PKDCC;SIK2;MAP3K1;TLR2;IRAK3;WNK1;TAF12;MAPKAPK2;PKN2;STK17A;CDK10;TESK2;PIM3;PRPF4B;MINK1;STK11;STK38;MAP4K2;TAF1;RPS6KA3;ILF3;PAK2;TAF7;CSK;TTBK2;CAMK1D;TAF6;CDK20;ACVR2B;MAP3K21;RB1CC1;FGFR3;PDK3;VRK2;CDK18;PRKCD;SGK1;DMPK;ATG101;PDGFB;GRK2;MAST2;RPS6KB1;TAOK1;CDK3;AKT2;PAK4;OXSR1;PRKAG2;INSR;NUAK2;DYRK1B;STK25;TGFBR3;GMFB;MUSK;TBCK;ROCK2;CAMK1;ROCK1;TGFBR2;CHEK2;TAF11;GAS6;TAF3;STK39;TLR3;BTK;FASTK;CDK4;USP15;CDK6;PDK4;BIRC6;MAPK1
prerank,Positive Regulation Of Exocytosis (GO:0045921),-0.4903540874226866,-0.9981027285614591,0.4666666666666667,1.0,1.0,12/33,11.82%,CADPS2;RAB3A;CADPS;CHMP2A;RAB27B;RAB7A;RAB5A;RAB27A;EXPH5;RAB3D;RAB15;CFTR
prerank,Receptor-Mediated Endocytosis (GO:0006898),-0.4187282327528231,-0.9980421018298632,0.4674479166666667,1.0,1.0,34/119,17.38%,AP2S1;MRC1;DNM1;CTSL;ITGB1;AP1S1;AP2A1;LRP6;RALA;IGF2R;SNAP91;AP2A2;PIP5K1C;PDLIM7;TMEM108;TFR2;ITCH;VLDLR;FCER1G;FNBP1L;GRB2;STAB1;WASF1;LRP3;AP2M1;M6PR;EPS15;ASGR1;GPR107;RAB31;TFRC;TPCN2;CTTN;DNM2
prerank,Regulation Of Interleukin-2 Production (GO:0032663),-0.4681029301084183,-0.997827848183725,0.45534407027818447,1.0,1.0,14/47,17.32%,LAPTM5;HOMER2;TRIM27;KAT5;PDE4D;ZFP36;CR1;IL1A;EZR;VSIG4;RPS3;PRNP;PRKD2;CLEC7A
prerank,Atrial Septum Development (GO:0003283),0.6090146176330284,0.9976052775879953,0.4739454094292804,1.0,1.0,2/10,3.98%,MDM4;TGFB2
prerank,Erythrocyte Development (GO:0048821),-0.6157958589600303,-0.9974547073379579,0.4854202401372213,1.0,1.0,5/11,16.64%,HEATR3;LYAR;ALAS1;DMTN;G6PD
prerank,Positive Regulation Of Protein Polymerization (GO:0032273),-0.4516893322994319,-0.9974473421283928,0.4733044733044733,1.0,1.0,20/66,17.62%,BAIAP2L1;AMBRA1;CARMIL1;TENM1;PAK1;BAIAP2;DRG1;NCKAP1;CLIP1;FES;HSP90AA1;BIN1;RAC1;EVL;VASP;RPS3;NCK2;HCK;CTTN;MAPT
prerank,Regulation Of Leukocyte Migration (GO:0002685),-0.601526238506802,-0.9974392730905552,0.4694589877835951,1.0,1.0,6/12,22.94%,ANXA1;HMOX1;CD81;MIA3;ZP3;MADCAM1
prerank,Negative Regulation Of Cell Motility (GO:2000146),0.37318337746369795,0.997365690453462,0.4069767441860465,1.0,1.0,40/123,15.03%,ADARB1;SMAD7;ARID2;BRMS1;NF1;ARID4A;NAV3;NEDD9;TP53INP1;DUSP22;SAP30;ARID4B;DUSP3;ING1;LDLRAD4;JAG1;SERPINE1;BRMS1L;HDAC1;ING2;CDH1;CDH11;TMEFF2;SINHCAF;SUDS3;SPOCK3;RAP2B;SULF1;LIMCH1;KANK1;MITF;ALOX15B;SAP30L;RBBP7;CLIC4;PTPRU;OGT;RHOB;FOXO3;RAP2A
prerank,RNA Biosynthetic Process (GO:0032774),0.4784403221648736,0.9969266703185102,0.4366576819407008,1.0,1.0,14/28,13.19%,TAF4;POLA1;TAF5;TAF13;NAT14;PRIM2;TAF12;ZFP36L2;PRIM1;TAF7;TAF6;MTERF1;SETX;TAF10
prerank,Regulation Of Immune Response (GO:0050776),-0.4440977872476167,-0.9969219648566547,0.4734576757532281,1.0,1.0,17/70,15.52%,IRF1;BIRC2;WDR41;IL4I1;SPPL2A;FCGR3A;LYN;CD276;APLP2;SMCR8;SPPL2B;FCGR1A;ERAP1;HLA-DRB1;IRF7;RNF135;HLA-DRA
prerank,Regulation Of Smooth Muscle Cell Migration (GO:0014910),-0.5499075854216161,-0.9967298330948757,0.46166666666666667,1.0,1.0,5/18,13.56%,NELL1;NDRG4;S100A11;IGFBP5;BMPR1A
prerank,Negative Regulation Of Cellular Senescence (GO:2000773),0.5590158916349915,0.9966402776311674,0.464,1.0,1.0,6/16,14.91%,FZR1;FBXO5;ZKSCAN3;CDK6;RBL1;TERF2
prerank,Maturation Of LSU-rRNA (GO:0000470),-0.5456260029502702,-0.996228864263957,0.4781906300484653,1.0,1.0,12/20,23.20%,RPL35;RPF2;DDX18;RPL7;ZNHIT3;NIFK;MAK16;RPL7L1;PES1;LAS1L;WDR12;NOP2
prerank,Respiratory Tube Development (GO:0030323),0.49388018424117364,0.996141605116563,0.4452380952380952,1.0,1.0,6/25,9.42%,CCDC40;ITGA3;CHI3L1;HECA;BAG6;PROX1
prerank,Positive Regulation Of Interleukin-8 Production (GO:0032757),-0.456005055361445,-0.9960891814824262,0.4638109305760709,1.0,1.0,15/56,19.65%,PARK7;CD14;TLR7;DDIT3;LAMTOR5;CNTN1;TLR5;AFAP1L2;CD58;RELA;PRKD2;CLEC7A;CD74;LGALS9;FADD
prerank,Granulocyte Chemotaxis (GO:0071621),-0.45903375935516255,-0.9959264588372561,0.45878693623639194,1.0,1.0,12/55,19.30%,CXADR;PIP5K1C;S100A9;S100A8;PPIB;GBF1;FCER1G;ANXA1;BSG;CX3CL1;PPIA;ITGB2
prerank,mRNA Metabolic Process (GO:0016071),0.3983191858717853,0.9953547433672564,0.4416058394160584,1.0,1.0,36/81,17.79%,CELF1;PRKACA;SF3A1;HNRNPR;HNRNPA2B1;LSM6;AGO4;CPSF6;HIPK3;NUDT16L1;PCBP3;PCF11;USP39;CNOT10;ZFP36L2;SFPQ;DXO;SRSF1;DCP2;FBXO11;NCBP2;AGO3;PRPF18;DHX15;AKAP8L;TBRG4;ATXN2L;U2AF2;DIS3L2;PCBP2;HNRNPA0;ALKBH5;HSF1;PRPF8;SRSF2;TP53
prerank,Positive Regulation Of Cell-Substrate Adhesion (GO:0010811),-0.4490274733063599,-0.9953117123657287,0.4725111441307578,1.0,1.0,19/67,18.32%,NELL1;RELL2;CARMIL1;CDH13;CSPG5;PPM1F;CIB1;CALR;ENC1;RAC1;FN1;C1QBP;TRIOBP;PLEKHA2;DMTN;CX3CL1;RAC3;SFRP1;FLNA
prerank,Inner Mitochondrial Membrane Organization (GO:0007007),-0.5086013772828611,-0.9951045472037885,0.45975232198142413,1.0,1.0,10/29,11.12%,TIMM13;TIMM10;TIMM29;TIMM9;TOMM70;IMMT;GHITM;TRMT10B;APOO;UQCC3
prerank,Regulation Of mRNA Catabolic Process (GO:0061013),0.4366499090704873,0.9950844079884071,0.43243243243243246,1.0,1.0,12/46,9.93%,ZC3H14;MOV10;FXR1;ZC3H12A;SERBP1;GTPBP1;MAPKAPK2;ZFP36L2;PRKCD;KHSRP;DCP2;VIM
prerank,Positive Regulation Of SMAD Protein Signal Transduction (GO:0060391),-0.5522639859052841,-0.9947784447201208,0.4882943143812709,1.0,1.0,5/17,13.56%,KIAA0319;TGFBR1;BMPR2;RBPMS;BMPR1A
prerank,Positive Regulation Of Lyase Activity (GO:0051349),-0.5998146686597758,-0.994406895924975,0.4816666666666667,1.0,1.0,2/12,4.39%,PARK7;ISCU
prerank,Cellular Response To Nitrogen Compound (GO:1901699),0.5485329181995868,0.9941449229028747,0.4123456790123457,1.0,1.0,5/14,11.75%,ATRX;BLM;SPIDR;TIMELESS;DDI2
prerank,Regulation Of Autophagy Of Mitochondrion (GO:1903146),-0.5499187478245713,-0.9939472604381322,0.4799382716049383,1.0,1.0,9/19,14.59%,USP36;PARK7;FBXW7;HTT;CAMKK2;SREBF2;DNM1L;HAX1;FBXO7
prerank,Regulation Of Telomerase RNA Localization To Cajal Body (GO:1904872),-0.5534208755694227,-0.9939375309177103,0.4764309764309764,1.0,1.0,10/17,20.06%,CCT5;DKC1;TNIP1;NHP2;NOP10;PARN;CCT3;CCT7;CCT6A;EXOSC10
prerank,Embryo Development Ending In Birth Or Egg Hatching (GO:0009792),0.5684561819440657,0.9939242623045741,0.4439461883408072,1.0,1.0,4/14,7.02%,CELF1;UBR3;TGFB2;CAMSAP3
prerank,Blood Circulation (GO:0008015),-0.46890638171366633,-0.9939187247037901,0.45245398773006135,1.0,1.0,9/45,15.52%,SOD1;GCLM;ADCY6;ITGB1BP1;OLR1;GUCY1B1;CXCL12;RANGRF;COL4A3
prerank,Positive Regulation Of Calcium Ion Transport (GO:0051928),-0.5177183581556059,-0.9927885391261223,0.4703196347031963,1.0,1.0,8/27,13.31%,CCR1;CAMK2A;CACNB2;ATP2B1;SPHK2;MYLK;CXCL12;WNK3
prerank,Regulation Of I-kappaB kinase/NF-kappaB Signaling (GO:0043122),-0.39694356466309694,-0.9926835722334214,0.49627791563275436,1.0,1.0,72/217,18.49%,NDFIP1;RIOK3;GAPDH;BIRC2;CARD19;TMED4;GOLT1B;TMEM9B;ZFAND6;VAPA;CD40;TNFRSF1A;IKBKB;TNFRSF25;TICAM1;TFG;UFL1;LAMTOR5;DHX36;DDX21;TNIP1;RORA;IKBKG;IFIT5;SHISA5;CCDC22;S100B;MUL1;WLS;LGALS1;MTDH;UBE2N;SPHK2;LURAP1;DDX1;ALPK1;BST2;TMEM101;ESR1;CPNE1;S100A13;APOL2;USP20;CARD16;CC2D1A;CXXC5;NDFIP2;HLA-DRB1;SLC35B2;PRKCB;JMJD8;TNIP2;TRIM38;HMOX1;RELA;CX3CL1;USP10;TRADD;TFRC;CLEC7A;ROR1;TRIM25;CD74;SIRT1;GPR89A;CACTIN;HSPB1;NR1D1;RHOH;TMEM106A;FLNA;PPM1A
prerank,Proteasomal Protein Catabolic Process (GO:0010498),-0.3958144007322453,-0.9925635968176182,0.4792682926829268,1.0,1.0,95/212,20.62%,FBXO44;PSMD8;AMBRA1;UCHL1;ERLEC1;BIRC2;PSMB6;FBXW7;RMND5B;PJA2;TRIM9;APPBP2;RHBDD1;KLHDC3;PSMA5;UBXN11;KCTD5;SKP1;ZFAND2B;DDIT3;PSMD2;FBXW11;KAT5;PSMB7;VCP;PSMC1;PSMA7;DNAJB12;RBX1;PSMC5;UBE2D3;PSMC6;PSMD7;UBXN6;KCTD2;ENC1;STUB1;KCTD17;ITCH;UBXN1;TRIM3;APC2;SOCS6;BTRC;XBP1;NSFL1C;PSMD12;PSMD13;PSMD4;PSMB2;CUL4B;PCNP;RAD23A;PLAA;PSMC4;PSMA4;SEL1L;ZFAND2A;RNF216;CRBN;FBXO7;PSMA3;APC;BFAR;RNF5;RNF34;SIAH2;TBL1XR1;UBXN2A;KLHL22;ZNRF1;AGAP3;SIRT1;SIRT2;NR1D1;GSK3A;UBXN2B;AXIN1;GID4;SH3BGRL;FEM1C;ANKRD9;BRSK2;PSMD1;DDB1;NHLRC3;KLHL42;PSMB4;PSMC3;WWP2;COP1;CUL4A;PSMB1;TNFSF13B;HECTD1
prerank,Negative Regulation Of Programmed Cell Death (GO:0043069),-0.38052527661368585,-0.9924884409359381,0.5112107623318386,1.0,1.0,97/358,17.80%,YWHAZ;ZNF830;GPX4;TMEM109;PRKCI;PRELID1;LAPTM5;DNAJA3;BIRC2;TMEM14A;CLEC5A;CCND2;YME1L1;RHBDD1;ZFAND6;LSM8;BRAF;RPS3A;CFL1;SOCS3;PSMD10;MYO18A;SERPINB9;HGF;CD44;ANXA4;HSPA5;ATG5;FFAR4;AIFM2;PA2G4;MYDGF;DNAJA1;RPL10;FMN2;CITED2;IL7;ANKLE2;GLO1;FIGNL1;FSTL1;DDX3X;MTDH;PSMC5;CIB1;FAIM2;ASNS;PRKAA2;ITCH;ARAF;RNF157;TPT1;MIEN1;HMGN5;TM7SF3;XBP1;PRDX5;TSC22D1;ANXA1;PDPN;HSP90B1;SRC;HAX1;WNK3;ATF5;ANXA5;AREL1;CTSH;MAPK8;AHI1;BCL3;ZNF16;MAPKAP1;DDRGK1;BECN1;HCK;HSPD1;MLST8;DNAJC3;BFAR;RELA;WDR73;CIAPIN1;GRK5;CX3CL1;BAG1;TFRC;PIM1;SIAH2;HDAC2;SFRP1;ZNF268;CD74;ANGPTL4;SIRT1;BNIP1;HSPB1
prerank,Positive Regulation Of Hydrolase Activity (GO:0051345),-0.40450227396696925,-0.9924355349633671,0.48825065274151436,1.0,1.0,53/153,19.31%,GNB5;THY1;PIN1;FNTA;CTSL;PSAP;ITGB1;DOCK7;ALS2;CD40;WDR41;RGS11;RAPGEFL1;RGP1;CALM3;RGS7;RASGEF1A;RAP1GAP;TBC1D7;CALM1;CTSS;AGRN;SGSM2;RAPGEF4;CD200;SMCR8;HRAS;MTMR9;ITGA6;TBC1D30;TBC1D20;RGS16;RAPGEF2;RASGRP1;NDEL1;CTSH;MAPK8;RGL1;RPS3;RGL3;RALGPS1;CX3CL1;WRN;ASAP3;TBC1D2;RAPGEF1;SFRP1;RGS6;RASGRF1;ZC3H15;DOCK9;SNX18;ARHGEF7
prerank,Regulation Of Collagen Biosynthetic Process (GO:0032965),0.5153184762216311,0.9924310380028885,0.4461538461538462,1.0,1.0,3/18,10.28%,LARP6;VIM;SCX
prerank,Protein-Containing Complex Disassembly (GO:0032984),-0.4514032936854474,-0.9922749517964549,0.48104956268221577,1.0,1.0,10/58,7.18%,TECPR1;MAP1LC3A;SNAP29;PPP1CA;CHMP2A;NAPA;RUBCNL;CHMP3;VCP;CHMP7
prerank,Regulation Of miRNA Transcription (GO:1902893),0.41237625316521676,0.9921050010145649,0.4429530201342282,1.0,1.0,11/55,9.50%,EGFR;NCOR1;PPARA;POU5F1;KLF4;TGFB2;ZNF512B;REST;NR3C1;STAT3;PDGFB
prerank,Transmembrane Receptor Protein Serine/Threonine Kinase Signaling Pathway (GO:0007178),-0.41531651755526267,-0.9920609492025236,0.4819277108433735,1.0,1.0,18/123,10.28%,SKI;ZYX;JUN;FNTA;HIVEP1;ITGB1;TGFBR1;ATOH8;ITGB5;ACVR2A;BMPR2;TGFBRAP1;SMAD3;APLP2;GPI;STUB1;ZMIZ2;GDF11
prerank,DNA Catabolic Process (GO:0006308),-0.5562510632985711,-0.9918824772670762,0.4677685950413223,1.0,1.0,2/18,2.11%,EXOG;REXO4
prerank,Negative Regulation Of Intrinsic Apoptotic Signaling Pathway (GO:2001243),-0.44837110729113566,-0.9918637403155797,0.4748923959827834,1.0,1.0,25/59,19.91%,ENO1;PARK7;NDUFS3;CDKN2D;SELENOS;NOC2L;DNAJA1;CLU;DDX3X;YBX3;TPT1;TXNDC12;CXCL12;XBP1;SRC;CCAR2;PTPN1;SIRT1;HSPB1;PPIA;PLAUR;HYOU1;PINK1;PTTG1IP;BCL2L1
prerank,Positive Regulation Of Cell Adhesion (GO:0045785),-0.42968221279436836,-0.9914598709965067,0.47587131367292224,1.0,1.0,15/83,12.07%,FSTL3;DUSP26;RELL2;EPHA4;LAMC1;TPM1;EPB41L4B;CITED2;PRKCA;PPM1F;CIB1;PPP3CA;CXCL12;RAC1;PLPP3
prerank,Cell Cycle G2/M Phase Transition (GO:0044839),-0.47969566858555246,-0.9914143266993642,0.48,1.0,1.0,12/40,19.06%,CCDC57;PLCB1;ARPP19;FBXL15;CDC25B;KDM8;ENSA;CDK14;LATS1;DNM2;BRSK1;BRSK2
prerank,Bicarbonate Transport (GO:0015701),-0.5631638862311373,-0.9907956041498337,0.5032894736842105,1.0,1.0,5/18,11.82%,SLC4A10;SLC4A4;SLC26A5;CYB5R1;CFTR
prerank,DNA Biosynthetic Process (GO:0071897),0.5345327222270112,0.9906244848231087,0.4930747922437673,1.0,1.0,8/16,13.77%,POLD3;POLD2;POLA1;POLE;POLDIP2;RRM2B;RRM1;RFC3
prerank,Neural Crest Cell Differentiation (GO:0014033),-0.5524732457744881,-0.9906133346206979,0.47665056360708535,1.0,1.0,4/18,8.49%,LRP6;NRG1;TCOF1;KLHL12
prerank,Positive Regulation Of DNA Repair (GO:0045739),0.3931398217175066,0.9905146617884643,0.4326923076923077,1.0,1.0,25/86,10.98%,DEPDC1B;EGFR;ARID1B;WRAP53;ACTR8;ARID2;SMARCB1;TRIM28;SMCHD1;DPF2;BCL7B;SMARCA2;TFPT;BCL7C;TIGAR;ACTL6A;SMARCC2;RUVBL2;SPIDR;TIMELESS;DHX9;CEBPG;NFRKB;ERCC6;MGMT
prerank,Cardiac Muscle Contraction (GO:0060048),-0.4921487899332751,-0.9905079361765737,0.47678018575851394,1.0,1.0,5/32,6.82%,SCN2B;SCN1B;ATP1B1;TPM1;SCN3B
prerank,Positive Regulation Of Mitochondrion Organization (GO:0010822),-0.4504799438079317,-0.9900534598912814,0.4591549295774648,1.0,1.0,18/57,15.18%,MLLT11;PARK7;MOAP1;BCL2L11;RALA;PPARGC1A;HTT;FIS1;MUL1;ZDHHC6;FAM162A;BID;CAMKK2;DNM1L;MFF;CHCHD10;FBXO7;BAD
prerank,Insulin Secretion (GO:0030073),-0.5525339367352126,-0.989488031473308,0.47919876733436056,1.0,1.0,5/17,12.25%,PARK7;RIMS2;PTPRN2;CAMK2G;ANXA1
prerank,Megakaryocyte Differentiation (GO:0030219),0.5581272442856713,0.9892266903292926,0.47297297297297297,1.0,1.0,4/14,15.88%,MAF;UBA5;MED1;SH2B3
prerank,Telomere Organization (GO:0032200),0.4106815767637349,0.9891454532671611,0.4590643274853801,1.0,1.0,15/56,10.61%,ATRX;ACTR8;EZH1;CTC1;EZH2;POT1;ATM;TFPT;ACTL6A;RUVBL2;BLM;RECQL4;NFRKB;MRE11;DNA2
prerank,"Negative Regulation Of Gene Expression, Epigenetic (GO:0045814)",0.4324798342086881,0.9887159631482049,0.44753086419753085,1.0,1.0,14/45,10.79%,HELLS;KMT2D;CTBP1;EZH1;PPM1D;UHRF1;EZH2;LMNB1;BAZ2A;CBX3;MPHOSPH8;EPC1;HDAC9;CREBZF
prerank,tRNA Modification (GO:0006400),-0.444940106835593,-0.988678258527872,0.48563218390804597,1.0,1.0,19/65,15.90%,ALKBH1;NSUN2;QTRT2;TRMT112;THUMPD3;THG1L;TARBP1;PUS1;CTU1;TRDMT1;FTSJ1;MTO1;OSGEP;THUMPD1;METTL8;TRMT9B;ELP5;TRMT44;DUS1L
prerank,Positive Regulation Of Myeloid Leukocyte Cytokine Production Involved In Immune Response (GO:0061081),-0.5914646192343902,-0.9885075421688051,0.48353552859618715,1.0,1.0,6/13,17.67%,LAPTM5;TICAM1;CAMK4;SEMA7A;CD74;SIRT1
prerank,Positive Regulation Of Microtubule Polymerization (GO:0031116),-0.5162545367109123,-0.9883639713691353,0.48231511254019294,1.0,1.0,11/29,17.62%,MECP2;CKAP5;PDE4DIP;PAK1;DRG1;CLIP1;FES;RAC1;RPS3;GIT1;MAPT
prerank,Response To UV-B (GO:0010224),0.5556273282309228,0.9880802930929005,0.456359102244389,1.0,1.0,2/14,6.86%,MAPK14;STK11
prerank,Sarcomere Organization (GO:0045214),-0.5019024797977708,-0.9880279223181272,0.4739413680781759,1.0,1.0,5/28,15.25%,FHOD3;TPM1;OBSCN;WDR1;TTN
prerank,Positive Regulation Of calcineurin-NFAT Signaling Cascade (GO:0070886),-0.5910208467401127,-0.9878070873727051,0.5128644939965694,1.0,1.0,6/14,16.84%,PTBP1;CIB1;PPP3CA;PPP3CB;CAMTA1;SLC9A1
prerank,Positive Regulation Of Calcineurin-Mediated Signaling (GO:0106058),-0.5910208467401127,-0.9878070873727051,0.5128644939965694,1.0,1.0,6/14,16.84%,PTBP1;CIB1;PPP3CA;PPP3CB;CAMTA1;SLC9A1
prerank,Gas Transport (GO:0015669),-0.610710197399329,-0.9877408290100302,0.5060240963855421,1.0,1.0,3/11,15.65%,HBB;IPCEF1;GTPBP4
prerank,Positive Regulation Of Epithelial Cell Proliferation (GO:0050679),-0.41644657738564816,-0.9877045180561025,0.4973045822102426,1.0,1.0,29/111,20.41%,NELL1;NRAS;TGFBR1;CDH13;SAAL1;GRN;ZNF703;LAMC1;NELL2;MYDGF;BMPR2;PRKCA;HRAS;CNTN1;XBP1;EGFL7;C5AR1;TGFA;BAD;PRKD2;SFRP1;SIRT1;STXBP4;CDH3;NOTCH2;STAT5A;SEMA5A;PTPRN;RTN4
prerank,Vascular Endothelial Growth Factor Signaling Pathway (GO:0038084),-0.5889107036372041,-0.987509304048287,0.5043327556325823,1.0,1.0,2/13,2.74%,NELL1;MYO1C
prerank,Astrocyte Activation (GO:0048143),-0.6136661027057567,-0.9870124101123301,0.4931740614334471,1.0,1.0,6/11,20.58%,GRN;C5AR1;APP;C1QA;MAPT;TREM2
prerank,Regulation Of Macroautophagy (GO:0016241),-0.4244771824438159,-0.9869794726956915,0.4954128440366973,1.0,1.0,38/90,18.87%,TECPR1;GAPDH;USP36;SNX32;UCHL1;ATP6V0B;ATP6V1G1;GNAI3;ATP6V1A;ERN1;ATG5;IKBKG;SCOC;ATP6V0E1;ATP6V0D1;SMCR8;ATP6V1B2;CAPN1;PRKAA2;ATP6V1D;QSOX1;SESN2;ATP6V1C1;UBQLN2;ATP6V0A1;CDK5;CAPNS1;SNX5;MAPK8;BECN1;TSC1;SIRT1;ATP13A2;VPS26B;PIK3R4;CLEC16A;LARP1;EXOC7
prerank,Epithelial Cell-Cell Adhesion (GO:0090136),-0.6112708740072748,-0.9869583518837005,0.49747899159663866,1.0,1.0,3/10,6.96%,KIFC3;ITGB5;PLEKHA7
prerank,Mitochondrion Distribution (GO:0048311),-0.6212125945098838,-0.9869155483054562,0.4826989619377163,1.0,1.0,6/11,17.62%,ATCAY;MSTO1;CLUH;DNM1L;TRAK2;MAPT
prerank,Regulation Of Inflammatory Response (GO:0050727),-0.3929777874370754,-0.986589723782445,0.506900878293601,1.0,1.0,51/209,19.30%,PARK7;SIRPA;BIRC2;DAGLB;MYO1C;TLR7;TNFRSF1A;UFL1;GRN;SELENOS;TNFRSF1B;TNIP1;PPARD;FFAR4;RORA;FBXL2;FNDC4;S100A9;S100A8;CD200;LPCAT3;LRFN5;LGALS1;TMSB4X;CASP4;ETS1;LETMD1;ANXA1;CARD16;PIK3AP1;SEMA7A;IL17RA;AGER;APP;IFI35;AREL1;SBNO2;RB1;HCK;RELA;CX3CL1;TRADD;NFKBIZ;LCP1;NR1D1;BCL6;PLA2G7;SETD4;NINJ1;NLRP3;SETD6
prerank,Regulation Of Non-Canonical Wnt Signaling Pathway (GO:2000050),0.5569073034975205,0.9865314583269025,0.4768856447688564,1.0,1.0,3/13,8.31%,TIAM1;DACT1;WNT5B
prerank,Regulation Of Chemokine (C-X-C Motif) Ligand 2 Production (GO:2000341),0.6183060005659115,0.9861907749948023,0.4930555555555556,1.0,1.0,3/10,12.47%,KLF4;FOXP1;HMGB1
prerank,Protein Homotetramerization (GO:0051289),-0.4640540831555386,-0.985995683998048,0.4740853658536585,1.0,1.0,13/51,13.71%,ACOT13;ALDH9A1;THG1L;HCN1;USP16;APLP2;CLU;HSD17B10;SHMT2;HPRT1;GLS;CBY1;GOLGA2
prerank,Photoreceptor Cell Development (GO:0042461),-0.5907847261915459,-0.9859557032475758,0.49019607843137253,1.0,1.0,2/12,10.59%,RORB;ARL3
prerank,Regulation Of Establishment Or Maintenance Of Cell Polarity (GO:0032878),0.5164351034457016,0.9856164347435791,0.4470899470899471,1.0,1.0,8/17,17.73%,SHTN1;BCAS3;ROCK2;ROCK1;KANK1;RUFY3;PLEKHG3;TEK
prerank,Mitotic DNA Integrity Checkpoint Signaling (GO:0044774),-0.6027305532464309,-0.9855732409538525,0.5049019607843137,1.0,1.0,1/11,0.36%,ZNF830
prerank,Protein-Containing Complex Assembly (GO:0065003),-0.37894939489504403,-0.985488140949197,0.5347222222222222,1.0,1.0,92/303,16.98%,AP2S1;COX7A2L;GPX4;PFDN6;TESPA1;RIMS1;PREB;CCDC65;LIN7A;TMED2;SPAG1;RAB5IF;RPL38;HIGD1C;COX7A2;NSG2;TBCA;CD40;KIFAP3;TSPAN33;PDZD11;CHCHD7;TMEM35A;CHMP2A;ARL6;WASF3;CAND1;CCT2;LAMC1;PPARGC1A;ITGB1BP1;CHMP3;HSPA4;PDE4DIP;IKBKG;NRG1;PFDN5;PLEKHA7;VAMP1;GEMIN5;CENPT;PIK3C2A;SMAD3;CLU;DNAJB12;KLHL12;ADD2;TAPBP;CASP4;WASL;HSP90AA1;CAND2;HSP90AB1;TRAPPC2L;CXCL12;KRIT1;BIN2;PPP2R1A;OTUD6B;STXBP1;DNM1L;WASF1;DMD;FN1;SRC;CYBA;PPIH;VBP1;CHCHD10;ADCY8;AP2M1;TRAPPC4;FERMT3;EPS15;BAD;WDR19;TEAD1;NCK2;NSG1;PXN;BECN1;PPP6C;HSPD1;APC;DMTN;PILRB;CX3CL1;SH3PXD2B;CAPZA1;CALY;SLC9A1;NIFK
prerank,Positive Regulation Of BMP Signaling Pathway (GO:0030513),-0.5332723902132319,-0.9852650705399958,0.5204236006051437,1.0,1.0,5/23,13.81%,FBXL15;RNF165;BMPR2;RBPJ;UBE2O
prerank,Positive Regulation Of Cysteine-Type Endopeptidase Activity Involved In Apoptotic Process (GO:0043280),-0.41871077681287594,-0.9852100839402828,0.483695652173913,1.0,1.0,22/104,9.86%,GRAMD4;BCAP31;MTCH1;LAPTM5;BEX3;EIF2AK3;CYCS;IFT57;VCP;FIS1;DYNLL1;MUL1;ANP32B;FAM162A;S100A9;SMAD3;S100A8;PPM1F;DDX3X;BID;DAPK1;CNTN1
prerank,Digestive Tract Development (GO:0048565),0.44956974143698814,0.9851515737527164,0.446524064171123,1.0,1.0,5/34,7.76%,CCDC40;NIPBL;TGFB2;PKDCC;COBL
prerank,Osteoclast Differentiation (GO:0030316),0.48707593925589404,0.9849590598333045,0.4935400516795866,1.0,1.0,4/25,8.25%,MAPK14;FARP2;GAB2;FOXP1
prerank,mRNA Cleavage Involved In mRNA Processing (GO:0098787),0.5795377415750916,0.9847465172175565,0.4738095238095238,1.0,1.0,5/11,11.93%,CSTF2;CPSF7;CPSF6;NCBP2;CPSF2
prerank,Negative Regulation Of T Cell Proliferation (GO:0042130),-0.4935310601963164,-0.9842124422795716,0.4827586206896552,1.0,1.0,14/31,20.72%,IL4I1;LILRB2;CEBPB;TNFRSF21;CR1;HLA-DRB1;VSIG4;GPNMB;PRNP;PRKAR1A;LGALS9;DLG5;PDCD1LG2;GLMN
prerank,Fc-gamma Receptor Signaling Pathway Involved In Phagocytosis (GO:0038096),-0.5401070370493438,-0.9841924080664498,0.5056360708534622,1.0,1.0,9/20,15.82%,VAV3;PLD2;PAK1;LYN;PLPP4;SRC;LIMK1;VAV2;HCK
prerank,Negative Regulation Of Defense Response (GO:0031348),-0.41921178076837096,-0.9841771422119409,0.48936170212765956,1.0,1.0,18/98,10.60%,YWHAZ;SIRPA;MYO1C;TNFRSF1A;RNF26;SELENOS;PPARD;ATG5;FFAR4;RORA;MUL1;ZDHHC18;LYAR;FNDC4;LPCAT3;LRFN5;BANF1;ITCH
prerank,Negative Regulation Of Epidermal Growth Factor Receptor Signaling Pathway (GO:0042059),0.5027718139847617,0.9838121398652302,0.48704663212435234,1.0,1.0,6/23,15.40%,EGFR;SOCS5;DUSP3;TSG101;ITGA1;CBLB
prerank,Negative Regulation Of Anoikis (GO:2000811),-0.568816105280263,-0.9838053684166591,0.4902654867256637,1.0,1.0,4/15,12.66%,PTRH2;ITGB1;ITGA5;SRC
prerank,Mitochondrial Genome Maintenance (GO:0000002),-0.612879500252172,-0.9836410242001344,0.5175438596491229,1.0,1.0,3/11,9.19%,SLC25A4;MGME1;TYMP
prerank,Negative Regulation Of Cyclin-Dependent Protein Serine/Threonine Kinase Activity (GO:0045736),-0.5392722848764174,-0.9833501281726048,0.4723127035830619,1.0,1.0,6/19,15.05%,CDKN1A;HEXIM1;IPO7;CDKN2A;LATS2;LATS1
prerank,Negative Regulation Of MAP Kinase Activity (GO:0043407),0.4192920992949968,0.983326581264349,0.4329268292682927,1.0,1.0,10/48,10.62%,DUSP16;DUSP19;NF1;MAPK8IP1;HIPK3;IRAK3;STK38;DUSP7;PRKCD;SORL1
prerank,Regulation Of Oxidative Stress-Induced Intrinsic Apoptotic Signaling Pathway (GO:1902175),-0.553741242184384,-0.9830923326870579,0.5016129032258064,1.0,1.0,2/17,1.03%,SOD1;PARK7
prerank,Regulation Of Histone H3-K4 Methylation (GO:0051569),0.5540300836324734,0.9830898697864041,0.4740740740740741,1.0,1.0,5/14,5.10%,KAT8;CTNNB1;SMAD4;KANSL2;KANSL1
prerank,Regulation Of Protein Secretion (GO:0050708),-0.41979516408038153,-0.982979571863216,0.4951590594744122,1.0,1.0,28/88,19.18%,EIPR1;STX1A;STXBP5L;MYO18A;SNAP25;SIRT6;LLGL2;APBB1;EXPH5;MYH10;ENSA;ERP29;DNM1L;IL1A;EZR;PPP3CB;ADCY8;SERGEF;TTN;DNAJC1;UNC13B;ADAM9;STXBP5;PPIA;ATP13A2;PER2;EXOC7;HADHA
prerank,Peptide Cross-Linking (GO:0018149),-0.5295474192013652,-0.9824512959038408,0.5108153078202995,1.0,1.0,3/19,16.65%,ANXA1;FN1;F13A1
prerank,Negative Regulation Of Cyclin-Dependent Protein Kinase Activity (GO:1904030),-0.5348910230019355,-0.9824323402910436,0.46601941747572817,1.0,1.0,6/20,15.05%,CDKN1A;HEXIM1;IPO7;CDKN2A;LATS2;LATS1
prerank,Heterotypic Cell-Cell Adhesion (GO:0034113),-0.5044372838943111,-0.9823487708696962,0.4865293185419968,1.0,1.0,8/28,15.25%,ITGB1;CXADR;ITGA7;LILRB2;CD200;ITGA5;CD58;RNASE10
prerank,RNA 3'-End Processing (GO:0031123),0.44665879844854567,0.982211798627503,0.4561933534743202,1.0,1.0,14/36,10.42%,INTS6;CPSF7;SUPV3L1;RPRD2;INTS2;PAPOLA;INTS6L;CPSF6;INTS14;TUT7;INTS12;RPRD1B;TUT4;NCBP2
prerank,Regulation Of Cilium Assembly (GO:1902017),0.38821424493973505,0.9820233491208329,0.45084745762711864,1.0,1.0,27/67,16.30%,BBS4;TBC1D5;EVI5L;CDKL1;ENTR1;CCDC88A;CEP120;TBC1D10A;SDCCAG8;CDK10;DYNC2LI1;TAPT1;TBC1D1;CYLD;PPP1R35;KIF24;TCHP;CEP97;IFT140;YAP1;TBC1D22A;IFT88;CDKL5;CCP110;MPHOSPH9;MARK4;TBC1D22B
prerank,Dendritic Cell Differentiation (GO:0097028),-0.5535050003110674,-0.9814832212241298,0.522508038585209,1.0,1.0,6/18,20.58%,CAMK4;LYN;CLU;BATF3;LGALS9;TREM2
prerank,Negative Regulation Of Signal Transduction By P53 Class Mediator (GO:1901797),0.5403053499738977,0.9814543428960423,0.45498783454987834,1.0,1.0,3/16,1.20%,PRKN;RFFL;DYRK1A
prerank,post-Golgi Vesicle-Mediated Transport (GO:0006892),-0.44992033223536043,-0.9814067674373743,0.4762589928057554,1.0,1.0,16/54,11.86%,EXOC6;COMMD1;RABIF;MYO1B;SCAMP1;AP2A1;GGA1;SCAMP3;CCDC22;STEAP2;SORCS1;EXOC5;AP3D1;GBF1;ARL3;EXOC2
prerank,DNA-templated Transcription Elongation (GO:0006354),-0.5223057312496477,-0.9811472846196878,0.48599670510708404,1.0,1.0,10/24,18.46%,ELOF1;TCEA2;ELP4;CTR9;ERCC3;SUPT6H;RTF1;SETD2;ELP2;PBRM1
prerank,Regulation Of Cardiac Muscle Cell Membrane Repolarization (GO:0099623),-0.531217333764831,-0.9811152061054558,0.496,1.0,1.0,3/21,12.56%,SCN1B;SNTA1;ANK2
prerank,Regulation Of Cellular Localization (GO:0060341),-0.4405887916910929,-0.9811100974920155,0.5028169014084507,1.0,1.0,22/65,17.60%,ATCAY;OOEP;FBXW7;RSL1D1;UFL1;SLC26A4;CSNK1E;MAP2;PPM1F;REEP5;WWC1;HSP90AA1;MMD;HSP90AB1;USP8;STX10;MAPK8;SUMO1;TRIM38;PLEKHM2;TRIM25;WDPCP
prerank,Carbohydrate Derivative Transport (GO:1901264),0.5353958527515255,0.9810107214777734,0.4482758620689655,1.0,1.0,5/17,8.06%,SCARB1;SLC29A1;SLC25A19;SLC15A2;SLC29A3
prerank,Defense Response To Gram-negative Bacterium (GO:0050829),-0.45626905926060995,-0.980755198980659,0.4762589928057554,1.0,1.0,4/47,4.70%,IL6R;SLC11A1;RPL30;CHGA
prerank,Regulation Of Cell Cycle Process (GO:0010564),0.36987870592621924,0.9804669092554006,0.49034749034749037,1.0,1.0,27/123,10.14%,SH3GLB1;ARID1B;ARID2;AURKA;SMARCB1;CTNNB1;BBS4;UVRAG;DPF2;CEP85;ENTR1;PIK3C3;BCL7B;RAB11FIP3;SMARCA2;CUL7;BCL7C;BORA;CDC42;ACTL6A;SMARCC2;FBXO5;RPRD1B;ECT2;USP51;KIF11;KLHL21
prerank,Regulation Of Transforming Growth Factor Beta Production (GO:0071634),0.5283920324803668,0.9801229235402017,0.4696261682242991,1.0,1.0,6/16,16.56%,LTBP1;TGFB2;SMAD4;ITGB8;LILRB1;ITGAV
prerank,tRNA 5'-Leader Removal (GO:0001682),0.5896855357141257,0.9800295024296731,0.5011337868480725,1.0,1.0,1/11,0.04%,RPP25L
prerank,Detection Of Mechanical Stimulus (GO:0050982),0.5405544059103619,0.979691724817454,0.4587378640776699,1.0,1.0,5/15,14.38%,CTNNB1;TCAP;PIEZO2;PKD1L3;JUP
prerank,Regulation Of mRNA Stability (GO:0043488),0.3948115370762554,0.9792967130288299,0.4632352941176471,1.0,1.0,23/72,12.99%,ZC3H14;PAIP1;CELF1;FXR1;MEX3D;SERBP1;GIGYF2;HNRNPU;MAPKAPK2;ZFP36L2;TAF15;PRKCD;KHSRP;DCP2;IREB2;VIM;MEIOC;ROCK2;ROCK1;FASTKD1;PCID2;FASTK;TBRG4
prerank,Blood Vessel Morphogenesis (GO:0048514),0.4224446418959292,0.9789726427934252,0.4662379421221865,1.0,1.0,8/49,11.59%,SMAD7;NF1;EFNB2;CUL7;CCM2;PROX1;RASA1;TGFBR2
prerank,Regulation Of Interleukin-4 Production (GO:0032673),-0.5315384122926572,-0.9787861293248675,0.5218093699515347,1.0,1.0,9/21,19.16%,SLC7A5;DDIT3;CEBPB;PRKCQ;FCER1G;HLA-DRB1;HLA-E;NLRP3;LGALS9
prerank,Regulation Of Glycolytic Process (GO:0006110),0.44228305437983795,0.978736695989694,0.47645429362880887,1.0,1.0,13/36,10.57%,FBP1;NCOR1;PPARA;ZBTB20;PRKAA1;TIGAR;P2RX7;CBFA2T3;ARNT;PRKAG2;INSR;ZBTB7A;MLXIPL
prerank,Glycoprotein Biosynthetic Process (GO:0009101),-0.43005850713042315,-0.9785793312221908,0.5120910384068279,1.0,1.0,30/75,18.25%,B4GALT7;TNIP1;SERP2;BMPR2;CHST11;DAD1;ST8SIA5;ST3GAL1;B3GALT6;CHST10;B4GAT1;ST8SIA3;FAM20B;SERP1;ST3GAL2;ST3GAL6;COG7;GOLGA2;XYLT1;PMM2;TMEM59;LARGE1;BMPR1B;B4GALT5;CSGALNACT2;GAL3ST4;ST3GAL5;CHST12;CHST9;TMEM106A
prerank,Protein Neddylation (GO:0045116),-0.538082588806873,-0.9785625420843657,0.49920760697305866,1.0,1.0,8/19,13.81%,RNF7;DCUN1D2;COPS8;GPS1;RBX1;COPS6;COPS7B;NAE1
prerank,Import Into Cell (GO:0098657),-0.4877689770790081,-0.9785054646405456,0.5045731707317073,1.0,1.0,5/34,4.32%,SLC7A1;PLPPR4;SLC7A5;LRRC8A;SNAP25
prerank,Phosphorylation (GO:0016310),0.3262826163835409,0.9781482548509458,0.5348837209302325,1.0,1.0,108/416,12.86%,PDK1;CDK19;GRK6;LIMD1;ADAM10;ATG13;AURKA;TAF8;CDK17;POMK;RPS6KA5;PRKCZ;PDPK1;DYRK1A;CTBP1;PRKACA;TAF4;RPS6KA4;SGK3;MAP4K5;FER;UVRAG;STRADA;PRKCH;AKT3;CSNK2A2;CDKL1;NEK4;GRK4;ULK1;PIK3CG;ATM;PIK3C3;COPS2;TGFB2;TAF5;PRKAA1;RYK;TAF13;HIPK3;MAP4K3;SIK2;MAP3K1;PIK3CA;IRAK3;WNK1;TAF12;MAPKAPK2;PKN2;STK17A;CDK10;TESK2;PIM3;PRPF4B;MINK1;STK11;STK38;NADK;MAP4K2;TAF1;ILF3;PAK2;TAF7;CSK;TAF6;CDK20;ACVR2B;MAP3K21;RB1CC1;PDK3;VRK2;CDK18;PRKCD;SGK1;DMPK;STAT3;ATG101;PDGFB;GRK2;MAST2;TAOK1;CDK3;PAK4;OXSR1;PRKAG2;INSR;NUAK2;DYRK1B;STK25;GMFB;TBCK;TNK2;ROCK2;CAMK1;ROCK1;TGFBR2;CHEK2;TAF11;GAS6;TAF3;STK39;BTK;FASTK;CDK4;CDK6;PDK4;BIRC6;MAPK1
prerank,Spindle Assembly Checkpoint Signaling (GO:0071173),0.4806765865253266,0.9779303487420116,0.45408163265306123,1.0,1.0,7/25,16.18%,ATM;ZWILCH;BUB3;NUF2;TEX14;KNTC1;TPR
prerank,Mitotic Spindle Checkpoint Signaling (GO:0071174),0.4806765865253266,0.9779303487420116,0.45408163265306123,1.0,1.0,7/25,16.18%,ATM;ZWILCH;BUB3;NUF2;TEX14;KNTC1;TPR
prerank,Mitotic Spindle Assembly Checkpoint Signaling (GO:0007094),0.4806765865253266,0.9779303487420116,0.45408163265306123,1.0,1.0,7/25,16.18%,ATM;ZWILCH;BUB3;NUF2;TEX14;KNTC1;TPR
prerank,Regulation Of Ras Protein Signal Transduction (GO:0046578),0.39178957897362887,0.9776295904043998,0.4735202492211838,1.0,1.0,17/71,14.16%,FBP1;RASAL3;ARHGEF2;KBTBD7;ARF6;TGFB2;KIF14;STARD13;GIT2;GABARAP;KANK1;RASGRP4;RDX;MMD2;EPS8;OGT;ARFGAP3
prerank,Neuron Projection Extension (GO:1990138),-0.4803831036223138,-0.9775486883055153,0.5,1.0,1.0,16/37,12.99%,NELL1;NRN1;SH3GL2;MAP1B;NELL2;FLRT3;S100B;TMEM108;CDKL3;SSNA1;HSP90AA1;HSP90AB1;CPNE1;CDK5;PPP3CB;SPAG6
prerank,Negative Regulation Of RNA Biosynthetic Process (GO:1902679),0.6026216532736415,0.9772099887886895,0.4880952380952381,1.0,1.0,2/10,8.39%,APOBEC3G;MPHOSPH8
prerank,Regulation Of Fat Cell Differentiation (GO:0045598),0.3834719889547661,0.9770482828690601,0.44569288389513106,1.0,1.0,9/71,4.04%,ZBTB16;ASXL2;TAF8;ADIRF;WDFY2;FOXO1;ZC3H12A;TRIO;WNT10B
prerank,Positive Regulation Of Membrane Protein Ectodomain Proteolysis (GO:0051044),-0.5853186517348039,-0.9767782937266442,0.5126903553299492,1.0,1.0,3/13,17.89%,TNFRSF1B;ADAM9;NRDC
prerank,Negative Regulation Of Protein Depolymerization (GO:1901880),0.4897196784330691,0.976627509604494,0.4798994974874372,1.0,1.0,11/22,10.92%,CAMSAP2;HDGFL3;ARHGEF2;NAV3;PIK3CA;TTBK2;KATNB1;TAOK1;ATXN7;MID1IP1;CKAP2
prerank,Regulation Of Chromosome Segregation (GO:0051983),0.4783494635205047,0.9765399760087216,0.4879356568364611,1.0,1.0,6/24,16.76%,SMC5;CSNK2A2;NCAPD2;HORMAD1;SMC6;NCAPD3
prerank,Regulation Of Cyclin-Dependent Protein Kinase Activity (GO:1904029),-0.45099971088153123,-0.9765100647343681,0.5209235209235209,1.0,1.0,14/52,15.65%,CDKN1A;CDC37;CDKN2D;CCND2;CCNG1;CDKN2A;BCCIP;CCNI;HSP90AB1;CCNT2;CCND1;CDK7;CDK5R2;GTPBP4
prerank,Gland Development (GO:0048732),-0.4348948252993785,-0.9759191234960612,0.5196969696969697,1.0,1.0,11/64,12.49%,SOD1;TGFBR1;DKK3;NRG1;CITED2;SOX2;XBP1;MSN;ARHGAP35;ANXA1;EZR
prerank,Ventricular Cardiac Muscle Tissue Morphogenesis (GO:0055010),0.4595280603932984,0.9758931133268437,0.49101796407185627,1.0,1.0,8/30,12.21%,SMAD7;MYBPC3;TGFB2;SMAD4;PKP2;PROX1;TGFBR3;LRP2
prerank,Positive Regulation Of Wnt Signaling Pathway (GO:0030177),0.36918012942426864,0.975781589415369,0.45849802371541504,1.0,1.0,22/105,12.42%,ZRANB1;RNF146;DEPDC1B;CSNK1G3;EGFR;TNKS2;DACT1;MACF1;UBR5;TBL1X;TLR2;WNK1;BAMBI;ZEB2;WNT5B;GPRC5B;FRAT1;DKK2;SULF1;KANK1;ATP6V1C2;RNF220
prerank,Lysosomal Microautophagy (GO:0016237),0.5832886878306617,0.9756719257974814,0.4976303317535545,1.0,1.0,5/11,13.86%,ULK1;SNX7;RB1CC1;ULK2;ATG2B
prerank,Negative Regulation Of Cell Differentiation (GO:0045596),0.34170206869589853,0.975600944486986,0.5120772946859904,1.0,1.0,36/189,11.50%,ZBTB16;SMAD7;LIMD1;EGFR;CHADL;PPARA;EFNA1;FOXO1;TRIO;FGF23;NFKBIA;ABCG1;BCL7B;WNT10B;USF3;SOX8;SMARCA2;BCL7C;HNRNPU;NR1H2;PKP2;MEIS1;ACTL6A;LDLRAD4;BAMBI;ZFP36L2;JAG1;REST;WNT5A;MYOCD;HDAC9;OXSR1;MEN1;TMEM64;MEIS2;SINHCAF
prerank,Intrinsic Apoptotic Signaling Pathway (GO:0097193),-0.41482826167673736,-0.9755890342261531,0.5020026702269693,1.0,1.0,19/101,9.56%,SCN2A;MLLT11;CDKN1A;MOAP1;HINT1;TMEM117;CYCS;BCL2L11;ZNF385B;DDIT3;ERN1;TNFRSF1B;CEBPB;STK24;PPP1R15A;PPM1F;DDX3X;ATF4;CASP4
prerank,Regulation Of Keratinocyte Migration (GO:0051547),0.5910276660717118,0.9755588147571429,0.5,1.0,1.0,3/11,10.58%,MAPRE2;ARF6;IQSEC1
prerank,Response To Axon Injury (GO:0048678),-0.5438002418710759,-0.9754038793373899,0.5033444816053512,1.0,1.0,7/18,16.02%,SOD1;GAP43;FLRT3;NREP;RTN4RL1;P2RX4;TYROBP
prerank,Nuclear-Transcribed mRNA Catabolic Process (GO:0000956),0.3833458171650479,0.9753983847071943,0.4645390070921986,1.0,1.0,26/82,10.73%,DCPS;NBAS;CNOT2;PATL1;PAN2;ZC3H12A;ATM;UPF3A;SAMD4A;EXOSC6;TUT7;DCP1B;TNKS1BP1;CNOT10;XRN2;CTIF;XRN1;DXO;CNOT3;SAMD4B;DCP2;UPF2;TUT4;CNOT6;NCBP2;UPF3B
prerank,Vasculature Development (GO:0001944),-0.5674111621358673,-0.9752546318783121,0.5062166962699822,1.0,1.0,2/15,7.49%,FBXW7;BMPR2
prerank,Calcium Ion Transmembrane Import Into Cytosol (GO:0097553),-0.4311557891377171,-0.9751362047068493,0.5013966480446927,1.0,1.0,22/75,16.44%,SCN2A;GRIN2B;CACNA1B;PLCH2;PLCB1;CACNA1E;CACNA1I;PLCG1;ATP2B4;CLU;SCN1A;JPH4;SCN8A;JPH3;GRIN2A;IBTK;PLCE1;HTR2A;SLC8A3;SLC8A2;RYR2;ERO1A
prerank,Eye Photoreceptor Cell Development (GO:0042462),-0.5786882309442432,-0.974999385350658,0.5107794361525705,1.0,1.0,2/13,4.84%,THY1;RORB
prerank,Organic Cyclic Compound Biosynthetic Process (GO:1901362),0.4650585531789868,0.9749918344523439,0.48737373737373735,1.0,1.0,8/26,14.84%,HSD17B1;DHRS11;NOXRED1;FDFT1;SCP2;LSS;FDXR;GPHN
prerank,Negative Regulation Of Leukocyte Activation (GO:0002695),-0.5642850097266592,-0.9747564847620828,0.5343915343915344,1.0,1.0,5/16,12.47%,CD300A;GRN;CD200;LRFN5;FN1
prerank,Establishment Or Maintenance Of Apical/Basal Cell Polarity (GO:0035088),-0.5137152189886595,-0.9746490019275341,0.5136876006441223,1.0,1.0,6/25,10.74%,OOEP;PRKCI;DLG3;LLGL2;PARD3B;PATJ
prerank,C4-dicarboxylate Transport (GO:0015740),-0.5914525197785077,-0.9745495822098631,0.5052816901408451,1.0,1.0,3/12,15.71%,SLC25A11;UCP2;SLC25A12
prerank,Monoatomic Ion Transport (GO:0006811),-0.40820622465602263,-0.9741692621278057,0.5287817938420348,1.0,1.0,30/106,19.68%,LASP1;SLC12A5;SLC15A3;LRRC8A;SLC26A4;ANO10;TRPM3;SLC39A1;SLC26A11;PANX1;CHRNA7;GLRB;ATP11B;SLC17A6;SLC17A7;VDAC2;GABRB1;SLC8A3;SLC8A2;ATP10D;PIEZO1;PANX2;SLC9A1;SLC9A9;SLC9A6;MCOLN1;SLC1A2;SLC9A3;VDAC1;P2RX1
prerank,Phosphatidylinositol Biosynthetic Process (GO:0006661),-0.4171076646956862,-0.9738734163962361,0.5169606512890095,1.0,1.0,19/91,11.91%,PMPCA;PI4K2A;DPM2;PGAP2;ITPKA;MTMR1;EFR3A;SOCS3;PIGG;PIP5K1A;PIGO;MTMR4;IP6K1;PIP5K1C;PIK3C2A;TTC7B;SACM1L;SOCS6;PITPNM2
prerank,Intracellular Potassium Ion Homeostasis (GO:0030007),-0.5922317340131183,-0.9737928993974939,0.503448275862069,1.0,1.0,3/12,11.89%,ATP1A1;ATP1B1;ATP1A2
prerank,Epidermal Growth Factor Receptor Signaling Pathway (GO:0007173),0.43107008349761994,0.9735890865989997,0.4838709677419355,1.0,1.0,10/43,10.29%,EGFR;PDPK1;CBL;GAB1;IQGAP1;SOS1;PIK3CA;BCAR1;ERBIN;REPS2
prerank,Positive Regulation Of Protein Localization To Cajal Body (GO:1904871),-0.6071724897324761,-0.9729535234881369,0.5268630849220104,1.0,1.0,2/10,2.66%,CCT5;DKC1
prerank,Regulation Of Protein Localization To Cajal Body (GO:1904869),-0.6071724897324761,-0.9729535234881369,0.5268630849220104,1.0,1.0,2/10,2.66%,CCT5;DKC1
prerank,Base Conversion Or Substitution Editing (GO:0016553),0.5470952068629982,0.9728369832750297,0.4750593824228028,1.0,1.0,3/14,5.24%,ADARB1;APOBEC3G;ADARB2
prerank,Negative Regulation Of Type II Interferon Production (GO:0032689),-0.5131843612213162,-0.9725323070429478,0.49920508744038156,1.0,1.0,9/24,19.77%,LAPTM5;DDIT3;CR1;HLA-DRB1;C1QBP;PRNP;VSIR;LGALS9;PDCD1LG2
prerank,Positive Regulation Of Endothelial Cell Proliferation (GO:0001938),-0.43447528577474653,-0.97251115625363,0.5164520743919886,1.0,1.0,12/69,11.57%,NELL1;NRAS;TGFBR1;CDH13;SIRT6;NELL2;MYDGF;PLCG1;BMPR2;PRKCA;CNTN1;EGFL7
prerank,Cytoplasmic Sequestering Of Protein (GO:0051220),0.5609762802211831,0.9724896347062308,0.47512437810945274,1.0,1.0,6/13,19.10%,NFKBIA;KEAP1;DBN1;SUFU;PTPRM;PKD2
prerank,Lipid Transport (GO:0006869),-0.41474544236795763,-0.9721696411523015,0.5337931034482759,1.0,1.0,22/97,13.39%,PITPNC1;PRELID1;LYPLA1;PLPPR4;PITPNA;SLCO2B1;VAPA;PPARD;ACSL1;OSBP;ABCC2;KDM5A;ABCA5;SLCO1C1;GM2A;SLC27A5;FABP7;APOL2;ABCD3;PLTP;SLC25A17;SLC27A4
prerank,Positive Regulation Of Epithelial To Mesenchymal Transition (GO:0010718),0.43022437951934445,0.9721692081615197,0.47774480712166173,1.0,1.0,12/44,14.45%,CTNNB1;TIAM1;EZH2;TGFB2;SMAD4;DAB2;BAMBI;JAG1;TGFBR2;CRB2;SDCBP;FERMT2
prerank,Neuron Projection Organization (GO:0106027),-0.565934175573745,-0.9721271380454067,0.4895470383275261,1.0,1.0,6/14,18.73%,PLS1;LGMN;CHRNA7;APP;PRNP;ARF1
prerank,Neuron Projection Guidance (GO:0097485),-0.40929389128129556,-0.9712189110064565,0.5502645502645502,1.0,1.0,34/119,13.99%,OPHN1;NELL1;SCN1B;PTPRO;CNTN5;DAG1;EPHA6;NRCAM;EFNA5;EPHA4;L1CAM;DCC;SEMA3E;NELL2;CYFIP2;SLIT1;KALRN;TNR;SEMA6B;EPHB1;CNTN4;SEMA4B;PRKCQ;NRXN1;CNTN1;LRTM1;CXCL12;ROBO2;LGI1;ARHGAP35;SEMA7A;FEZ2;ARHGEF25;KIF5A
prerank,Response To Glucocorticoid (GO:0051384),-0.5245079880141429,-0.9710305275665674,0.5016501650165016,1.0,1.0,7/22,12.25%,BCL2L11;FAM107A;UBE2L3;SLIT1;ZFP36;GOT1;ANXA1
prerank,Response To Metal Ion (GO:0010038),-0.43985293422255795,-0.9708240346610856,0.5213549337260678,1.0,1.0,18/60,17.62%,ITPKA;TRPC1;PAM;HVCN1;PPP1CA;AHCYL1;CALM3;CALM1;PPP3CA;TFR2;IL1A;HAMP;MT1X;HOMER1;TTN;SLC25A12;KCNMA1;MAPT
prerank,Protein Complex Oligomerization (GO:0051259),0.3671758403124875,0.9707625408204869,0.5310077519379846,1.0,1.0,25/97,10.26%,ZNF746;CPSF7;VSTM5;UPB1;MCU;ZC3H12A;RBMX;CPSF6;MAT2A;PRMT1;ZBTB1;TRMT61B;BOK;AQP11;BLM;RNF112;SNCA;LRRC8D;NACC2;ZNHIT6;ECT2;CUTC;KCNC3;TMEM120A;PDCD6IP
prerank,Positive Regulation Of Type I Interferon-Mediated Signaling Pathway (GO:0060340),0.5818816989750442,0.9706980093002453,0.4928571428571429,1.0,1.0,5/12,11.52%,RNF185;NLRC5;WNT5A;TRIM41;UBE2K
prerank,Cellular Response To BMP Stimulus (GO:0071773),0.39600118066305023,0.9703722388606797,0.4553846153846154,1.0,1.0,14/60,17.10%,SMAD5;TGFB2;SMAD4;RUNX2;ACVR2B;TGFBR3;SCX;USP9Y;USP15;HFE;MAPK3;MEGF8;SMURF1;SMAD6
prerank,Negative Regulation Of Macrophage Activation (GO:0043031),-0.5821115769777144,-0.9701825384614226,0.5158597662771286,1.0,1.0,4/13,8.52%,SYT11;GRN;CD200;LRFN5
prerank,Endocytosis (GO:0006897),-0.39035280545459733,-0.9699568725897006,0.5373134328358209,1.0,1.0,58/181,17.97%,MESD;TOM1;SYP;SLC11A1;MRC1;DNM1;CSNK1G1;NECAP2;CD14;ITGB1;AP1S1;PACSIN2;AP2A1;EHD3;IGF2R;RAB7A;HOOK2;PIP5K1A;EHD4;MERTK;RAB5A;PIP5K1C;PDLIM7;PIK3C2A;CSNK1E;TMEM108;STEAP2;ATP9A;BIN3;RHOJ;DENND1C;TFR2;BIN1;VLDLR;STAB1;WASF1;ANXA1;JMJD6;CD93;RHOQ;LRP3;APP;M6PR;EPS15;CLINT1;TM9SF4;SNX5;ADORA1;ASGR1;RAB5B;OCIAD1;RHOBTB2;CTTN;DNM2;AP3M1;AMPH;MIB1;LRP1B
prerank,Regulation Of Double-Strand Break Repair Via Nonhomologous End Joining (GO:2001032),0.47970134533481457,0.96992385262935,0.46174142480211083,1.0,1.0,8/25,10.80%,WRAP53;SMCHD1;POT1;NUDT16L1;KDM4D;USP51;SETMAR;ERCC6
prerank,Negative Regulation Of calcineurin-NFAT Signaling Cascade (GO:0070885),-0.5969543004694928,-0.9697314009179512,0.5176470588235295,1.0,1.0,4/11,15.81%,HOMER2;ATP2B4;RCAN1;PRNP
prerank,Negative Regulation Of Calcineurin-Mediated Signaling (GO:0106057),-0.5969543004694928,-0.9697314009179512,0.5176470588235295,1.0,1.0,4/11,15.81%,HOMER2;ATP2B4;RCAN1;PRNP
prerank,Adherens Junction Organization (GO:0034332),-0.4746244024988871,-0.9687821222693555,0.5039246467817896,1.0,1.0,9/34,7.36%,CDH22;CDH7;CDH18;CDH12;CDH13;ZNF703;CDH10;CDH9;PIP5K1C
prerank,Negative Regulation Of Bone Mineralization (GO:0030502),-0.590905573201516,-0.9687673595792858,0.5272727272727272,1.0,1.0,1/12,0.42%,CCR1
prerank,Establishment Or Maintenance Of Epithelial Cell Apical/Basal Polarity (GO:0045197),-0.47258740746676736,-0.9682372255885147,0.5037707390648567,1.0,1.0,11/38,13.74%,PRKCI;OPHN1;DLG3;LIN7A;PDZD11;LLGL2;PARD3B;PATJ;MSN;EZR;WDR1
prerank,Epithelial To Mesenchymal Transition (GO:0001837),0.42059426106539627,0.9675245546303577,0.49206349206349204,1.0,1.0,12/45,13.09%,CTNNB1;TRIM28;DDX17;TGFB2;SMAD4;CUL7;S100A4;WNT5A;TGFBR3;ROCK2;ROCK1;LIMS1
prerank,Regulation Of rRNA Processing (GO:2000232),-0.5592322189621552,-0.9674332049361336,0.5151515151515151,1.0,1.0,4/15,4.42%,YTHDF2;USP36;TRMT112;WDR75
prerank,Regulation Of Glycogen Metabolic Process (GO:0070873),0.5749559242163358,0.9673470161423494,0.5269320843091335,1.0,1.0,2/11,5.29%,PPP1R3B;PPP1R3F
prerank,Negative Regulation Of GTPase Activity (GO:0034260),0.5096229763428407,0.9672927555032336,0.46464646464646464,1.0,1.0,9/18,14.01%,BCAS3;CPEB2;WNK1;LRCH1;GMIP;RDX;RCC2;SH3BP4;LRRK2
prerank,miRNA Processing (GO:0035196),0.45131133021974884,0.9672619918128362,0.48010610079575594,1.0,1.0,12/31,12.70%,ZC3H7A;DGCR8;HNRNPA2B1;AGO4;AGO2;TUT7;TUT4;NCBP2;AGO3;SRSF3;SPOUT1;SRRT
prerank,Cellular Response To Type II Interferon (GO:0071346),-0.4493238759144642,-0.9668549369568736,0.5206738131699847,1.0,1.0,8/51,9.66%,CAMK2A;IRF1;GAPDH;SIRPA;IFNGR2;CALM1;SP100;DAPK1
prerank,Monocarboxylic Acid Transport (GO:0015718),-0.43411121694187205,-0.9663737729764588,0.5078236130867709,1.0,1.0,14/66,13.39%,SLC16A1;LYPLA1;SLCO2B1;PPARD;ACSL1;ABCC2;KDM5A;SLCO1C1;SLC27A5;FABP7;ABCD3;SLC25A17;SLC27A4;SLC16A3
prerank,Regulation Of Blood Coagulation (GO:0030193),-0.49284508753805206,-0.9661775004241244,0.5171849427168577,1.0,1.0,6/28,20.65%,ENPP4;NRG1;SERPINE2;DMTN;PLAUR;EPHB2
prerank,Late Endosome To Vacuole Transport (GO:0045324),-0.557586999887655,-0.9660287816442845,0.5184563758389261,1.0,1.0,7/16,18.74%,CHMP2A;CHMP3;CHMP7;TMEM50B;VPS4B;CHMP2B;PIK3R4
prerank,Regulation Of Cell Cycle Phase Transition (GO:1901987),-0.5054436833844497,-0.9659355906906271,0.5327102803738317,1.0,1.0,7/24,15.30%,CDKN1A;FBXW7;NEK11;ATP2B4;ERCC2;ERCC3;ZNF16
prerank,Negative Regulation Of Cell-Matrix Adhesion (GO:0001953),-0.47886682340529557,-0.9654911163774323,0.4899536321483771,1.0,1.0,8/30,8.31%,NF2;FAM107A;SEMA3E;ITGB1BP1;AJAP1;DYNLL1;CASK;CDKN2A
prerank,Positive Regulation Of Macromolecule Metabolic Process (GO:0010604),-0.3714507216423965,-0.9653655784702407,0.6078886310904872,1.0,1.0,84/322,18.04%,ID2;PRKAG1;PARK7;RIMS1;LAPTM5;SLC11A1;RAB29;MARK1;OLFM1;EIF2AK3;ZNF804A;BRAF;TGFBR1;NTRK3;TICAM1;TADA3;LAMTOR5;DHX36;PPARGC1A;HCFC1;ZBTB7B;EPB41L4B;TESC;MAP2K1;RAB27A;CITED2;BMPR2;FAM98A;SMAD3;PPM1F;CLU;OVOL2;DDX3X;ATF4;RBPJ;RPL5;CNTN1;CHRNA7;ETS1;DNMT1;ITCH;DTNBP1;HMGN5;MTPN;UXT;MSN;ERP29;RPS7;IL1A;FN1;EZR;ANK2;CUX2;ATF2;LRP3;BMPR1A;ACTG1;APP;KRAS;MED23;BMPR1B;CTSH;MAPK8;PRKAB1;PTPN1;TTN;RPS3;MAZ;DDRGK1;TYROBP;PID1;RELA;TFRC;FUBP3;RPL11;RGCC;VSIR;ADAM19;VSTM2A;CLEC7A;CD74;GSK3A;MBIP;CDH3
prerank,Fc-epsilon Receptor Signaling Pathway (GO:0038095),-0.5146127488700257,-0.9650922321816556,0.5180533751962323,1.0,1.0,10/22,15.27%,VAV3;IKBKB;MAP2K7;LYN;PLCG1;PRKCQ;FCER1G;MAPK10;MAPK8;VAV2
prerank,Vesicle Budding From Membrane (GO:0006900),-0.4785683313563688,-0.9643507166813783,0.5024711696869851,1.0,1.0,11/30,13.79%,VAPA;MYO18A;TRAPPC6B;CHMP7;SEC13;TRAPPC13;WASL;TRAPPC2L;FNBP1L;AP2M1;TRAPPC4
prerank,Protein Transport (GO:0015031),-0.373040375692214,-0.9640838849655217,0.570771001150748,1.0,1.0,102/289,18.73%,TOM1;ACD;LMTK2;SCG5;STX1A;PREB;LAPTM5;TMED2;RAB20;SURF4;RAB29;TMED4;RAB3A;SVBP;OLFM2;HERC2;SCAMP1;TVP23A;PDIA4;ARL5B;ARFIP2;CHMP2A;ARL6;TBC1D13;AP2A1;TMEM167A;NAPA;GGA1;RAB7A;SCAMP3;SAR1B;ARRDC3;CHMP3;RAB23;RAB5A;TIMM17A;RAB3GAP2;SEC13;TIMM21;ARL4A;KIF3B;STXBP2;SEC23IP;GRPEL1;WLS;CLU;RAB35;AP3D1;RAB6A;TFR2;RAB3D;STEAP3;VLDLR;RAB18;YWHAH;SNX17;VAMP5;ERP29;STXBP1;TMED5;HSP90B1;GPIHBP1;PREPL;SIL1;RAB21;RPGR;COG7;TSNARE1;STX10;ARCN1;STX1B;PRKCB;SEL1L;GGA2;COPZ1;VPS26C;TIMM50;RABL2A;RAB5B;RAB26;NECAB3;STX5;RAB31;TFRC;TVP23B;CTTN;STX2;BLZF1;DNM2;CD74;KIF3A;SCAMP2;LRP1B;RAB3C;MYH9;FAM91A1;TMED9;ARF5;VPS26B;CHMP2B;MCOLN1;ARF1
prerank,Intracellular Protein Transport (GO:0006886),-0.3739653083269813,-0.9640561411667699,0.5792540792540792,1.0,1.0,95/313,17.20%,HEATR3;XPO5;ACD;SCG5;STX1A;CACNG3;PREB;LAPTM5;CDC37;TMED2;RAB20;SURF4;RAB29;TMED4;IPO7;HERC2;NUP155;ARL5B;ARFIP2;RANBP6;ARL6;TBC1D13;AP2A1;NAPA;GGA1;AKIRIN2;RAB7A;VPS28;SAR1B;DESI1;RAB23;IPO9;XPO4;EIF4ENIF1;RAB5A;TIMM17A;RAB3GAP2;SEC13;RANBP17;TIMM21;CACNG8;ARL4A;PRICKLE1;STXBP2;SEC23IP;GRPEL1;WLS;APLP2;NUP85;RAN;RAB35;AP3D1;CALR;VPS37A;CACNG2;RAB6A;AP1S3;RAB18;YWHAH;SNX17;ERP29;STXBP1;TMED5;GPIHBP1;KPNA2;SIL1;RAB21;RPGR;COG7;TSNARE1;KPNA4;STX10;RANGRF;ARCN1;STX1B;GGA2;AP4B1;COPZ1;UBAP1;VPS26C;FAM53C;TIMM50;RABL2A;STK4;BCL3;RAB5B;STRADB;TRAK2;STX5;TNPO2;RAB31;RPL11;CTTN;TECPR2;STX2
prerank,Integrin-Mediated Signaling Pathway (GO:0007229),-0.4182566141845832,-0.9639554699584254,0.528169014084507,1.0,1.0,23/82,13.83%,ZYX;PLEK;NELL1;THY1;ITGB1;ITGA7;TXK;ITGB1BP1;ITGB5;ITGA9;PTPRA;ADAM11;ORC3;ITGA6;ITGA5;ITGB4;PLPP3;FN1;ISG15;SRC;ADAMTS13;SEMA7A;FERMT3
prerank,Activation Of Cysteine-Type Endopeptidase Activity Involved In Apoptotic Process (GO:0006919),-0.43518508376752735,-0.9637205263369468,0.5272206303724928,1.0,1.0,16/63,9.86%,MTCH1;LAPTM5;BEX3;EIF2AK3;CYCS;IFT57;VCP;DYNLL1;MUL1;ANP32B;FAM162A;S100A9;SMAD3;S100A8;BID;CNTN1
prerank,Positive Regulation Of Cell-Matrix Adhesion (GO:0001954),-0.46420491598901054,-0.963587278994462,0.5251908396946565,1.0,1.0,12/41,17.49%,NELL1;THY1;CDH13;NRG1;PPM1F;CIB1;ENC1;RAC1;PLEKHA2;TSC1;CX3CL1;SFRP1
prerank,Negative Regulation Of Phosphatase Activity (GO:0010923),-0.5441965167624839,-0.9634685542990024,0.5310457516339869,1.0,1.0,4/16,7.79%,TIPRL;PPP1R1B;PPP1R15A;PPP4R4
prerank,Negative Regulation Of Microtubule Depolymerization (GO:0007026),0.4960349114221665,0.9632925036516589,0.4763092269326683,1.0,1.0,10/19,10.92%,CAMSAP2;HDGFL3;ARHGEF2;NAV3;TTBK2;KATNB1;TAOK1;ATXN7;MID1IP1;CKAP2
prerank,Negative Regulation Of Transport (GO:0051051),-0.46822569600409314,-0.9628630987971404,0.5211038961038961,1.0,1.0,9/36,12.98%,NDFIP1;SYT11;MCTP1;RAB7A;NRG1;PPM1F;RUBCN;NDFIP2;HAMP
prerank,Negative Regulation Of Cellular Process (GO:0048523),-0.36301570001266603,-0.9620920905649473,0.6256860592755215,1.0,1.0,106/484,14.85%,SKI;TMEM109;ENO1;IRF1;PLXNA4;CDKN1A;PARK7;OPRM1;TMEM127;DLG3;NDUFS3;COPS8;FTH1;MALSU1;DNAJA3;PIN1;CDKN2D;SPEG;MYO1C;NF2;RNF167;EIF2AK3;EPHA4;EIF2AK2;TENM1;CDH13;CHMP2A;ADAMTS8;ZNF777;PLPP1;PLXNA2;ITGB1BP1;CHMP3;AZGP1;NRG1;THAP12;DCBLD2;ATP8A2;MYO16;DYNLL1;SLIT1;ESR2;MUL1;BRINP1;CHMP7;LYN;TESC;MAP2K1;BMPR2;GNG4;PTPN14;ANP32B;WNK2;TNFRSF21;TSPYL2;FHL1;SMAD3;ADGRB1;BTG2;CD200;CDKN2A;APLP2;CLU;DDX3X;LPCAT3;BTG3;BRINP2;HRAS;EI24;SPHK2;CIB1;BST2;TBRG1;GSDME;ETS1;DDAH1;TXNDC12;S100A11;SESN2;PACRG;ARHGDIG;TNS2;PTPN6;RAPGEF2;PPP2R1A;RRP8;TP53TG5;FABP7;IL1A;PDPN;SMARCD1;DNAJB2;VGLL4;PLXNC1;GPNMB;RNF2;CCAR2;ATF5;NEURL1;APP;GAS8;CCDC85B;PLXNB2;RIPOR2;OSGIN2;IFI35
prerank,Regulation Of Cellular Component Size (GO:0032535),-0.46515553247226715,-0.9618353676115954,0.5107361963190185,1.0,1.0,19/40,18.41%,VAV3;LAMTOR4;PPP1CA;SNAPIN;LAMTOR5;PPP1R15A;PEX11B;NEB;RAC1;MTPN;MSN;ARHGAP35;EZR;DNAJC16;BORCS6;VAV2;KXD1;VAV1;ATP13A2
prerank,Glycoprotein Metabolic Process (GO:0009100),-0.4465415602248429,-0.9616962192391934,0.5282442748091603,1.0,1.0,16/50,16.47%,FBXO44;PARK7;MAN1B1;B4GALT7;TNIP1;MAN2B1;ST8SIA5;B4GAT1;ERP44;ST8SIA3;ADAMTS13;ST3GAL2;LARGE1;B4GALT5;GAL3ST4;MAN1A1
prerank,mRNA Polyadenylation (GO:0006378),-0.5093515917646598,-0.9616263937704205,0.5131147540983606,1.0,1.0,7/22,10.75%,HEXIM1;MTPAP;GRSF1;SSU72;PNPT1;SYMPK;TENT4B
prerank,Prostaglandin Metabolic Process (GO:0006693),-0.5018392756106843,-0.9613239799162616,0.5167464114832536,1.0,1.0,6/25,18.33%,DAGLB;PLAA;PTGR1;PTGS1;CD74;PNPLA8
prerank,Positive Regulation By Host Of Viral Process (GO:0044794),-0.5432033539284953,-0.9611771512395569,0.5353535353535354,1.0,1.0,8/17,10.79%,KRT17;CFL1;VAPA;IGF2R;PPIB;ZDHHC8;ZFYVE1;TBC1D20
prerank,Nuclear Envelope Organization (GO:0006998),-0.5436293259038385,-0.9610346950674854,0.5366269165247018,1.0,1.0,5/17,8.41%,LEMD2;TOR1B;NUP155;TMEM43;EMD
prerank,Glycerophospholipid Metabolic Process (GO:0006650),-0.4419088164040679,-0.9607838689333711,0.5445103857566765,1.0,1.0,13/56,11.68%,PLEK;GDPD1;PGPEP1;PIGG;SERINC1;PLCB1;PIP5K1A;SMPD4;PLCG1;ACP6;ABHD12;PLA2G4C;PLA2G15
prerank,Transcription Initiation-Coupled Chromatin Remodeling (GO:0045815),0.44840746139442295,0.960713647601554,0.4871060171919771,1.0,1.0,13/31,14.58%,ARID1B;SMARCB1;USP21;SIRT7;KAT2B;KAT7;SGF29;KMT2A;RBBP5;MEN1;N6AMT1;PADI2;WBP2
prerank,Potassium Ion Homeostasis (GO:0055075),-0.5241170225343089,-0.9605780397206489,0.5248344370860927,1.0,1.0,3/21,3.43%,SLC12A5;ATP1A1;ATP1B1
prerank,Regulation Of Mesenchymal Cell Proliferation (GO:0010464),0.5842865073206159,0.9604318396881553,0.5156626506024097,1.0,1.0,7/11,21.80%,STAT1;WNT5A;TGFBR2;PHF14;FGFR2;MYC;PDGFA
prerank,Histone H2A Ubiquitination (GO:0033522),0.5932115913968908,0.9602132717664907,0.5045871559633027,1.0,1.0,5/10,15.41%,DEPDC1B;BARD1;RING1;BRCA2;UBR2
prerank,Regulation Of Interleukin-1 Beta Production (GO:0032651),0.3881477482380238,0.9599829567695781,0.5195729537366548,1.0,1.0,12/71,10.44%,MALT1;CARD8;ZC3H12A;SERPINB1;CASP8;LILRA2;P2RX7;FOXP1;WNT5A;STAT3;USP50;STMP1
prerank,Cardiac Conduction System Development (GO:0003161),0.47972445224482774,0.9597813727517458,0.5095367847411444,1.0,1.0,3/22,12.22%,SMAD5;SMAD4;GJA1
prerank,Cellular Response To Acid Chemical (GO:0071229),-0.4976231644270806,-0.9595196845169633,0.5158850226928896,1.0,1.0,12/26,21.10%,LAMTOR4;LAMTOR5;LAMTOR3;GLRA2;SESN2;XBP1;NEURL1;LAMTOR1;RRAGD;LAMTOR2;MTOR;RPTOR
prerank,Positive Regulation Of Protein Metabolic Process (GO:0051247),0.34141953872522746,0.9591987177808324,0.5915492957746479,1.0,1.0,41/185,11.78%,PLD1;PRKN;FAF1;GUF1;FXR1;DACT1;FOXO1;TIPARP;UHRF1;KLF4;NFKBIA;ABCB10;LARP6;AGO2;PRMT1;SLC25A37;UPF3A;SAMD4A;NSF;LDB1;NR1H2;TBC1D10A;EIF4G3;BARD1;CASP8;SEC22B;WFS1;LILRA2;RAB1B;SNF8;WNT5A;RPS6KB1;VIM;SORL1;UPF3B;CPEB3;ROCK2;OAZ2;IDE;RANBP9;EIF4G1
prerank,"Negative Regulation Of DNA-templated Transcription, Elongation (GO:0032785)",-0.5283035669874152,-0.9589816700197932,0.5187074829931972,1.0,1.0,8/18,17.59%,HEXIM1;NELFB;SIRT6;WDR82;RNF168;RNF8;RECQL5;TCERG1
prerank,Positive Regulation Of Protein Tyrosine Kinase Activity (GO:0061098),-0.4698189619263955,-0.9589736817959387,0.5304878048780488,1.0,1.0,12/36,15.81%,DLG3;FBXW7;EPHA4;IL34;FCGR1A;SRC;ADAM17;GRM5;TGFA;PTPN1;NCF1;PRNP
prerank,Positive Regulation Of Secretion (GO:0051047),-0.565304327462533,-0.9587350011724985,0.5189456342668863,1.0,1.0,3/14,11.44%,ACSL3;PPP3CA;XBP1
prerank,Glycosaminoglycan Biosynthetic Process (GO:0006024),-0.4322595499595964,-0.9581917038411403,0.521865889212828,1.0,1.0,19/57,18.11%,CHSY1;CHST15;B4GALT7;EXT2;CHST11;ST3GAL1;B3GALT6;B4GAT1;ST3GAL2;ST3GAL6;XYLT1;CSGALNACT2;UGDH;B3GAT3;PXYLP1;DSE;CHST12;CHSY3;CHST9
prerank,ncRNA Catabolic Process (GO:0034661),-0.4777823290204352,-0.9581885998187805,0.5232,1.0,1.0,13/31,16.72%,DIS3;WDR82;EXOSC4;TRIR;ELAC2;DIS3L;TENT4B;NUDT16;DEDD2;PARN;POP1;ZCCHC8;SND1
prerank,RNA Polyadenylation (GO:0043631),-0.5018106964429877,-0.9579501377392016,0.5350734094616639,1.0,1.0,7/23,10.75%,HEXIM1;MTPAP;GRSF1;SSU72;PNPT1;SYMPK;TENT4B
prerank,Fatty Acid Beta-Oxidation Using acyl-CoA Oxidase (GO:0033540),-0.5934466950502351,-0.9577704683424454,0.5656565656565656,1.0,1.0,1/11,0.46%,ACOX3
prerank,Regulation Of Protein Autophosphorylation (GO:0031952),-0.49105243193752013,-0.9577245018123156,0.5365853658536586,1.0,1.0,8/30,13.48%,NBN;TOM1L1;CALM3;CALM1;DDX3X;TAOK2;PDGFD;GPNMB
prerank,Regulation Of Tumor Necrosis Factor-Mediated Signaling Pathway (GO:0010803),0.40738577715606356,0.9572729409954875,0.4868804664723032,1.0,1.0,13/46,12.01%,PRKN;RFFL;CARD8;ULK1;OTULIN;CASP8;MAPKAPK2;PPP2CB;PELI3;MIB2;CYLD;UBE2K;GAS6
prerank,Zymogen Activation (GO:0031638),-0.4688127928618071,-0.9569690595382647,0.5419968304278923,1.0,1.0,9/39,17.19%,CTSL;CYCS;CYFIP2;LGMN;GRIN2A;CTSH;BAD;C1RL;VSIR
prerank,Myofibril Assembly (GO:0030239),0.4202808485077387,0.956842528632004,0.5492957746478874,1.0,1.0,9/44,9.99%,MYH3;PGM5;CFLAR;ACTN2;MYOM2;FLII;MYL9;TCAP;TMOD1
prerank,Negative Regulation Of Intrinsic Apoptotic Signaling Pathway By P53 Class Mediator (GO:1902254),0.5568747712102207,0.9568302212823113,0.5073170731707317,1.0,1.0,4/13,8.98%,PRKN;BCL2;ING2;MDM2
prerank,Nucleus Organization (GO:0006997),-0.4652845796416804,-0.956770341483401,0.5353846153846153,1.0,1.0,9/41,10.99%,USP36;LEMD2;NUP155;CHMP2A;CHMP3;CHMP7;SEH1L;BIN1;NUP35
prerank,Positive Regulation Of Voltage-Gated Potassium Channel Activity (GO:1903818),0.5897025912188021,0.9566762455283311,0.5284738041002278,1.0,1.0,2/10,18.51%,NOS1AP;ALG10B
prerank,Cellular Response To Xenobiotic Stimulus (GO:0071466),0.46568649123503086,0.9564920009660888,0.49606299212598426,1.0,1.0,8/25,19.98%,FBP1;REST;GAS6;RAP2A;RBM22;TP53;PDE4B;MYC
prerank,Positive Regulation Of Transcription By RNA Polymerase I (GO:0045943),-0.4812597009877011,-0.9558649352695413,0.5190839694656488,1.0,1.0,10/31,8.56%,IPPK;EIF2AK3;SMARCA5;WDR75;CARM1;DDX21;ASIC2;LYAR;PWP1;ATF4
prerank,Positive Regulation Of Response To External Stimulus (GO:0032103),-0.39597507435682494,-0.9557329735488771,0.5855855855855856,1.0,1.0,34/138,19.01%,RIOK3;MYO1C;LY86;TLR7;TNFRSF1A;GRN;AKIRIN2;TNIP1;POLR3F;NRG1;PRKCA;S100A9;S100A8;PPM1F;TRIM56;LGALS1;POLR3B;CASP4;ETS1;CYBA;IL17RA;SCIMP;APP;AIF1;IFI35;CX3CL1;TRADD;NFKBIZ;LCP1;SERPINF2;PLA2G7;SETD4;NINJ1;NLRP3
prerank,Canonical Wnt Signaling Pathway (GO:0060070),0.39356807300931984,0.9555780509196351,0.5490196078431373,1.0,1.0,12/63,14.56%,CTNNB1;SIAH1;WNT10B;RYK;DVL1;WNT5B;DIXDC1;FRAT1;WNT5A;LRRK2;JUP;FZD2
prerank,Regulation Of Protein Kinase Activity (GO:0045859),-0.40295399463420134,-0.955454071875067,0.5536423841059602,1.0,1.0,30/109,13.16%,PRKAG1;SOD1;CDKN1A;PARK7;XRCC6;THY1;ALS2;LRP6;TRIM27;UBASH3B;DDR2;ITGB1BP1;RTRAF;PPM1E;TSPYL2;PPM1F;SPRED1;SMCR8;CCNYL1;CAMKK2;MRNIP;YWHAG;ORC3;LCP2;MMD;DTNBP1;XRCC5;RAPGEF2;C5AR1;PLCE1
prerank,Actin Filament Organization (GO:0007015),0.3499042018540688,0.9552018273085157,0.5508474576271186,1.0,1.0,37/138,13.63%,MYO1E;WIPF1;RND1;GAS2L1;CD2AP;SH3KBP1;TPM4;MCU;ARHGEF2;ELMO1;MYO6;ARHGAP12;NEDD9;CASS4;VILL;WHAMM;HIP1;CDC42;BCAR1;GSN;COBL;FLII;HCLS1;GAS2L3;CAPG;SHROOM2;TCAP;DLG1;PROX1;MARCKSL1;INPPL1;CORO6;DBN1;SPIRE1;RUFY3;EPS8;CDC42EP2
prerank,Negative Regulation Of Blood Pressure (GO:0045776),-0.5542595099357351,-0.9550869677171335,0.5286415711947627,1.0,1.0,5/14,20.25%,BMPR2;GPR37L1;SCPEP1;RNLS;PRCP
prerank,Sister Chromatid Segregation (GO:0000819),0.44146486479341723,0.954999059136588,0.5073313782991202,1.0,1.0,9/33,14.89%,DSN1;MIS12;NUSAP1;CHAMP1;CENPK;TOP2B;NSL1;KNTC1;SMC1A
prerank,Negative Regulation Of Ossification (GO:0030279),-0.5109413102670226,-0.9547113063776942,0.5311526479750779,1.0,1.0,3/22,9.08%,CCR1;CHSY1;RBPJ
prerank,Protein K63-linked Ubiquitination (GO:0070534),0.40774822283288176,0.9545842090858115,0.5408805031446541,1.0,1.0,6/48,7.32%,RNF152;PRKN;TRAF4;UBE2G1;TRAF1;PELI3
prerank,Regulation Of Receptor Signaling Pathway Via JAK-STAT (GO:0046425),-0.45166708051455495,-0.95427196501557,0.542319749216301,1.0,1.0,8/44,15.84%,CAMK2A;NF2;SOCS3;CALM1;GPI;CENPJ;BCL3;OCIAD1
prerank,Negative Regulation Of Insulin Secretion (GO:0046676),0.527204485105195,0.9542503899399489,0.4951219512195122,1.0,1.0,5/15,8.41%,KLF7;PRKN;FOXO1;PIM3;REST
prerank,Positive Regulation Of Peptide Hormone Secretion (GO:0090277),-0.4581831754237833,-0.9542267904549065,0.532608695652174,1.0,1.0,8/38,11.28%,MYRIP;LRRC8A;SIRT6;FFAR4;NNAT;POLR2D;TFR2;TM7SF3
prerank,Regulation Of Interleukin-8 Production (GO:0032677),-0.42016650603421835,-0.9542134790697877,0.548936170212766,1.0,1.0,18/74,17.78%,PARK7;CD14;TLR7;DDIT3;LAMTOR5;ANXA4;TMSB4X;CNTN1;ANXA1;TLR5;AFAP1L2;CD58;BCL3;RELA;PRKD2;CLEC7A;CD74;CACTIN
prerank,Retinoid Metabolic Process (GO:0001523),0.4251890818877323,0.9538020437911258,0.5156695156695157,1.0,1.0,5/38,12.94%,BCO2;ARID4A;CYP4V2;LRP2;RDH13
prerank,Positive Regulation Of Ion Transmembrane Transporter Activity (GO:0032414),-0.4814265770767322,-0.9535581305407703,0.5218093699515347,1.0,1.0,9/31,13.31%,NDUFA4;ATP1B1;TCAF1;CTSS;WNK2;CFTR;DMD;ANK2;WNK3
prerank,Negative Regulation Of Response To Biotic Stimulus (GO:0002832),-0.454484341955536,-0.9535271850018942,0.5555555555555556,1.0,1.0,12/42,13.76%,YWHAZ;NFKBIL1;MYO1C;RNF26;ATG5;MUL1;ZDHHC18;LYAR;BANF1;ITCH;CARD16;C1QBP
prerank,Response To Hexose (GO:0009746),-0.5073469682333261,-0.9533382793216046,0.5389830508474577,1.0,1.0,5/21,17.23%,EIF2B4;SELENOS;ZBED3;EIF2B3;LCP1
prerank,Histone Modification (GO:0016570),0.3755134093923095,0.9532428967006416,0.5431654676258992,1.0,1.0,20/79,8.81%,CREBBP;GATAD2B;JADE2;KAT2B;KAT7;BRMS1;JADE3;MBD2;TBL1X;YEATS4;ING3;MORF4L1;TAF12;JADE1;ACTL6A;RUVBL2;SUPT3H;BRMS1L;HDAC1;EPC1
prerank,Negative Regulation Of Protein-Containing Complex Assembly (GO:0031333),0.40281956838631267,0.9528112949297168,0.5565476190476191,1.0,1.0,17/53,14.95%,TRIM11;PRKCZ;CARD8;DACT1;PTGER4;PMEPA1;ULK1;KIF14;CDC42;LDLRAD4;SORL1;THRA;PEX5;HMGB1;JAM3;ZDHHC12;NLRC3
prerank,Receptor-Mediated Endocytosis Of Virus By Host Cell (GO:0019065),-0.6047226356100228,-0.952715833817092,0.5559440559440559,1.0,1.0,3/10,16.81%,CTSL;EPS15;TPCN2
prerank,Negative Regulation Of Microtubule Polymerization Or Depolymerization (GO:0031111),0.4413953998188131,0.952340276599025,0.5416666666666666,1.0,1.0,12/30,10.92%,DYRK1A;CAMSAP2;HDGFL3;ARHGEF2;NAV3;TTBK2;SNCA;KATNB1;TAOK1;ATXN7;MID1IP1;CKAP2
prerank,Positive Regulation Of Insulin Secretion (GO:0032024),-0.46382689746176653,-0.952227407389608,0.5402124430955993,1.0,1.0,11/36,15.18%,MYRIP;LRRC8A;SIRT6;NNAT;POLR2D;TM7SF3;CFTR;PPP3CB;HLA-DRB1;ADCY8;BAD
prerank,Positive Regulation Of Peptidyl-Tyrosine Phosphorylation (GO:0050731),-0.40267657733660484,-0.9520862859060384,0.5857519788918206,1.0,1.0,21/113,15.81%,CRLF1;DLG3;NELL1;IL6R;EFNA5;EPHA4;CD40;TNFRSF1A;HGF;CD44;LYN;IL34;ITGA5;FCGR1A;PARP14;SRC;HAX1;PIBF1;GRM5;PTPN1;PRNP
prerank,Regulation Of Stress Fiber Assembly (GO:0051492),-0.42092134113620255,-0.9520180198233369,0.5418439716312057,1.0,1.0,25/72,18.69%,NELL1;NF2;CARMIL1;TGFBR1;STMN1;TPM1;ITGB1BP1;SORBS3;DYNLL1;PAK1;PPM1E;PPM1F;RAC1;FHOD1;ACTG1;LIMK1;EVL;PXN;TSC1;ASAP3;SLC9A1;RGCC;SFRP1;GPR65;SERPINF2
prerank,Positive Regulation Of Syncytium Formation By Plasma Membrane Fusion (GO:0060143),0.5344663177728848,0.951516450397327,0.5210918114143921,1.0,1.0,4/14,11.08%,MAPK14;RAPGEF3;EHD2;CAMK1
prerank,Positive Regulation Of Substrate Adhesion-Dependent Cell Spreading (GO:1900026),-0.4746690717452037,-0.9514696450673485,0.5235920852359208,1.0,1.0,12/32,19.31%,NELL1;CARMIL1;CSPG5;CIB1;CALR;RAC1;C1QBP;TRIOBP;DMTN;RAC3;FLNA;ARHGEF7
prerank,Negative Regulation Of Potassium Ion Transport (GO:0043267),0.5576660170457128,0.9507607568500188,0.4891566265060241,1.0,1.0,3/12,12.11%,NEDD4L;NOS1;STK39
prerank,Negative Regulation Of Blood Vessel Endothelial Cell Migration (GO:0043537),-0.4785395524638981,-0.9507185494042882,0.5486443381180224,1.0,1.0,4/31,7.61%,MECP2;ITGB1BP1;NRG1;ATP2B4
prerank,NIK/NF-kappaB Signaling (GO:0038061),0.44927054539822087,0.9503800443518221,0.48863636363636365,1.0,1.0,18/30,19.32%,MALT1;CREBBP;NFKBIA;TAB3;CHI3L1;TAB2;CARD14;MAP3K14;TRAF2;TLR3;MAP3K7;DICER1;CHUK;IRAK1;TNFRSF10B;NFKB1;AMFR;REL
prerank,Positive Regulation Of Mitotic Cell Cycle (GO:0045931),-0.49236028764579964,-0.9498035947412525,0.5482866043613707,1.0,1.0,8/26,10.20%,EIF4EBP1;CCDC57;USP22;PRKCA;CDC25B;LGMN;KLHL18;ASNS
prerank,Regulation Of Ubiquitin-Dependent Protein Catabolic Process (GO:2000058),-0.4566781336337734,-0.9496973268489204,0.5718701700154559,1.0,1.0,12/41,9.63%,COMMD1;UBE3A;GNA12;LAPTM5;NUB1;FBXW7;UFL1;SGTA;DESI1;CCDC22;CLU;RPL5
prerank,Positive Regulation Of Sodium Ion Transmembrane Transporter Activity (GO:2000651),-0.5734265425416425,-0.9495451751711197,0.5376884422110553,1.0,1.0,6/12,16.84%,ATP1B1;TESC;WNK2;DMD;WNK3;SLC9A1
prerank,Melanosome Organization (GO:0032438),-0.47408570426551416,-0.9493013896482312,0.546875,1.0,1.0,12/34,12.07%,HPS5;RAB29;SNAPIN;AP1S1;AP1S2;AP3S2;HPS1;AP3S1;AP3D1;AP1S3;DTNBP1;AP1M1
prerank,Protein O-linked Glycosylation (GO:0006493),-0.4093470740070731,-0.9492398154055808,0.5724431818181818,1.0,1.0,17/86,10.84%,DPM2;POFUT2;B3GNTL1;POMT1;POMGNT2;MGAT5B;GALNTL6;TMTC1;GALNT18;XXYLT1;PLOD3;GALNT8;ST6GAL1;GALNT17;ST3GAL1;B3GALT6;B4GAT1
prerank,Regulation Of Type I Interferon-Mediated Signaling Pathway (GO:0060338),-0.480213329495763,-0.9490604126893384,0.5458786936236392,1.0,1.0,17/31,20.89%,YTHDF2;CDC37;METTL3;RBM47;MUL1;TRIM56;TTLL12;PTPN6;ISG15;PTPN1;YTHDF3;SAMHD1;CNOT7;FADD;PTPN2;OAS3;OAS1
prerank,"RNA Phosphodiester Bond Hydrolysis, Endonucleolytic (GO:0090502)",-0.570219633762574,-0.9489224332940451,0.5434782608695652,1.0,1.0,7/13,18.26%,ZC3H12B;ZC3H12D;NUDT16;POP7;POP1;RPP30;ZC3H12C
prerank,Chaperone-Mediated Protein Complex Assembly (GO:0051131),-0.522258848229919,-0.9488295653872277,0.5501618122977346,1.0,1.0,7/20,11.09%,PFDN6;TMEM35A;CCT2;HSPA4;CLU;HSP90AA1;HSP90AB1
prerank,Adaptive Immune Response Based On Somatic Recombination Of Immune Receptors Built From Immunoglobulin Superfamily Domains (GO:0002460),-0.5093330804268494,-0.9480056672682552,0.548922056384743,1.0,1.0,5/20,13.08%,EBI3;GNL1;CR1;MSH2;HLA-DRB1
prerank,Ceramide Metabolic Process (GO:0006672),-0.4421230309782242,-0.9478947610591447,0.5333333333333333,1.0,1.0,12/49,16.67%,CERS6;PLPP1;SAMD8;SMPD4;SPTLC1;ORMDL2;PLA2G15;PPP2R1A;PLPP3;NSMAF;ACER3;TM9SF2
prerank,Nicotinamide Nucleotide Metabolic Process (GO:0046496),-0.5348983990210341,-0.9477940365503869,0.5432937181663837,1.0,1.0,6/17,12.07%,MDH1;KRT17;IDH1;NAXE;TP53I3;IDH2
prerank,Purine Ribonucleoside Monophosphate Metabolic Process (GO:0009167),0.58776924478755,0.9477371566359579,0.5152941176470588,1.0,1.0,6/10,14.83%,AMPD2;AK4;PFAS;AMPD3;AMPD1;GART
prerank,Visual Learning (GO:0008542),-0.5848198587481727,-0.9476947711045105,0.56,1.0,1.0,1/10,0.25%,NETO1
prerank,Microtubule Polymerization Or Depolymerization (GO:0031109),-0.4863611011096215,-0.9476067648093455,0.5499207606973059,1.0,1.0,11/26,17.82%,STMN2;PIN1;STMN1;CKAP5;MAP7D3;FGF13;STMN3;MAP4;ZNF207;MAPT;STMN4
prerank,Double-Strand Break Repair (GO:0006302),0.3420674840601831,0.9475028658677274,0.5702127659574469,1.0,1.0,41/158,13.01%,DEPDC1B;SMC5;PPP5C;ACTR8;SMARCAD1;MMS22L;NABP2;POLA1;ZGRF1;RAD51B;ATM;RECQL;HELQ;SFR1;MORF4L1;REV3L;MCM9;XRCC2;KDM4D;TNKS1BP1;TONSL;RFWD3;BLM;SPIDR;DTX3L;RECQL4;SFPQ;EPC1;FBH1;MEIOB;SETMAR;MRE11;FSCN1;DNA2;SWSAP1;BRCA2;CHEK2;NSMCE1;HMGB1;HMGB2;SETX
prerank,Post-Translational Protein Modification (GO:0043687),-0.447967185212203,-0.947316934092601,0.5716417910447761,1.0,1.0,10/47,13.79%,RNF7;PARP11;RHBDD1;FN3K;PRKCA;RBX1;PARP8;UCHL3;FAM20C;PRKCB
prerank,Membrane Assembly (GO:0071709),-0.4604058608324315,-0.9472526328413065,0.5557275541795665,1.0,1.0,11/37,18.60%,CHMP2A;CHMP3;CHMP7;NRXN1;NSFL1C;NRXN2;UBXN2A;STX2;VPS4B;UBXN2B;CHMP2B
prerank,Response To Cholesterol (GO:0070723),-0.5328148649586699,-0.9470133150797692,0.5450081833060556,1.0,1.0,3/17,8.11%,TGFBR1;LRP6;GRAMD1A
prerank,Carboxylic Acid Transport (GO:0046942),-0.4381252700150703,-0.9469713933721772,0.5672082717872969,1.0,1.0,6/51,4.89%,SLC3A2;SLC16A1;SLC7A1;PSAP;SLC7A5;SLC7A14
prerank,Semaphorin-Plexin Signaling Pathway (GO:0071526),-0.46522720602771134,-0.9469669654373125,0.5562403697996918,1.0,1.0,10/33,14.41%,PLXNA4;NELL1;SEMA3E;PLXNA2;NELL2;SEMA6B;SEMA4B;RAC1;SEMA7A;PLXNB2
prerank,Internal Peptidyl-Lysine Acetylation (GO:0018393),0.42934056701859097,0.9468826699267306,0.5,1.0,1.0,13/36,8.81%,CREBBP;KAT2B;KAT7;KAT2A;YEATS4;ING3;MORF4L1;TAF12;ACTL6A;RUVBL2;SUPT3H;BAG6;EPC1
prerank,Heterophilic Cell-Cell Adhesion Via Plasma Membrane Cell Adhesion Molecules (GO:0007157),0.41296979872486395,0.9467371725798764,0.5341246290801187,1.0,1.0,8/44,9.69%,ALCAM;GRID2;NECTIN3;CRB1;NECTIN1;ITGAL;FAT4;CADM1
prerank,Regulation Of Protein Binding (GO:0043393),-0.39641119627119975,-0.9456752108047328,0.5862068965517241,1.0,1.0,28/111,15.03%,MARK3;PRMT8;CDKN1A;PARK7;LRPAP1;PIN1;BTBD1;PPP1CA;SNAPIN;PRMT7;NMD3;FLOT1;ITGB1BP1;CSNK1E;AKTIP;RAN;ADD2;SYMPK;RAPGEF2;CARD16;DNAJB2;SUB1;GOLGA2;APP;GAS8;CTNNBIP1;MAPK8;STK4
prerank,"Protein Localization To Chromosome, Centromeric Region (GO:0071459)",0.5309865588032433,0.9456532317842746,0.5301837270341208,1.0,1.0,7/14,13.64%,SPDL1;ZWILCH;MTBP;CHAMP1;KNL1;BUB3;CTCF
prerank,Platelet Dense Granule Organization (GO:0060155),-0.5153593353335364,-0.9454122178148222,0.5588235294117647,1.0,1.0,10/20,12.07%,HPS5;AP1S1;AP1S2;AP3S2;HPS1;AP3S1;AP3D1;AP1S3;DTNBP1;AP1M1
prerank,Non-Membrane-Bounded Organelle Assembly (GO:0140694),0.3541969334220377,0.9448972511354637,0.5867158671586716,1.0,1.0,25/120,10.58%,LIMD1;MAPRE2;LSM14A;NCOR1;PATL1;FXR1;FARP2;GOLGA8A;PGM5;GOLGA8N;CENPE;MAPRE3;MIS12;TUBGCP2;FLII;E2F4;MYL9;SAC3D1;G3BP1;DHX37;HAUS2;PRRC2C;TMOD1;HAUS5;DDX6
prerank,Positive Regulation Of Protein Exit From Endoplasmic Reticulum (GO:0070863),-0.5983027918418928,-0.9448965978859,0.5632582322357019,1.0,1.0,6/11,21.08%,EDEM2;SAR1B;TM9SF4;TMEM30A;CD81;SEC16B
prerank,Negative Regulation Of Stem Cell Differentiation (GO:2000737),-0.5730280991792852,-0.9446606449853029,0.565068493150685,1.0,1.0,2/12,1.79%,YTHDF2;NELFB
prerank,Positive Regulation Of Glucose Metabolic Process (GO:0010907),0.5137505303412028,0.9445851291700742,0.515970515970516,1.0,1.0,5/15,9.76%,SIRT7;FOXO1;NNMT;IRS2;AKT2
prerank,Cilium Movement (GO:0003341),0.40998141616066525,0.9445021789028378,0.5482093663911846,1.0,1.0,11/44,14.10%,CCDC40;TTLL3;CAMSAP3;CABYR;SPEF2;DNAAF4;TEKT1;DNAH7;DNAAF2;DNAH17;DNAH11
prerank,Positive Regulation Of Translation (GO:0045727),-0.4055425937642004,-0.9444603264846249,0.5928473177441541,1.0,1.0,31/100,15.97%,FASTKD2;YTHDF2;RMND1;PKM;PRR16;POLR2G;METTL3;NAT10;DHX36;USP16;MRPS27;RPS4X;METTL14;DDX3X;YBX3;RCC1L;RBM3;COA3;RPL5;PCIF1;CIRBP;EIF3E;LARP4;C1QBP;METTL8;PLXNB2;METTL5;BCL3;YTHDF1;EIF5A;YTHDF3
prerank,Supramolecular Fiber Organization (GO:0097435),0.32507951083106157,0.9433129224721184,0.7124183006535948,1.0,1.0,59/276,12.24%,KLHL24;MYO1E;RND1;PRKN;COL18A1;CD2AP;SH3KBP1;ADAMTS14;TPM4;CAMSAP2;SIAH1;HDGFL3;ARHGEF2;ELMO1;PGM5;NF1;MYO6;ARHGAP12;CCDC88A;TGFB2;KIF14;HOOK3;MTM1;KIF2A;DNAJB6;WHAMM;HIP1;TUBGCP2;CCDC88B;KATNAL1;CDC42;BCAR1;CHP1;GSN;FLII;HCLS1;MYL9;SNCA;NCKAP5L;SHROOM2;KATNB1;MDM2;DLG1;BMP1;MARCKSL1;SLAIN1;VIM;TMOD1;SCX;KIF24;CRTAP;INPPL1;KRT10;SLAIN2;TPPP;BAX;CORO6;CRIPT;DBN1
prerank,Positive Regulation Of Cell Motility (GO:2000147),-0.37455106950106,-0.9432501976924798,0.6236162361623616,1.0,1.0,52/209,17.85%,CCR1;PHPT1;MYO1C;ITGB1;CARMIL1;TGFBR1;EPHA4;NTRK3;FAM107A;CDH13;ELP3;GRN;HGF;SEMA3E;ZNF703;HSPA5;PAK1;SEMA6B;PRKCA;UBE2I;PPM1F;SEMA4B;HRAS;CIB1;PPP3CA;ELP6;CNTN1;MYLK;ITGA6;MIEN1;CXCL12;XBP1;PDGFD;PDPN;ADAM17;SEMA7A;GPNMB;ROR2;FERMT3;AIF1;CTSH;ELP5;MAZ;DDRGK1;APC;RIPOR1;TRADD;VSIR;CLEC7A;ZNF268;ADAM9;MGAT5
prerank,Negative Regulation Of Ras Protein Signal Transduction (GO:0046580),0.43874967073729604,0.943226700774394,0.5596590909090909,1.0,1.0,5/33,3.98%,FBP1;RASAL3;TNFAIP1;ITGA3;TGFB2
prerank,Positive Regulation Of Stress-Activated MAPK Cascade (GO:0032874),0.3626264615629782,0.9431728243775037,0.5886792452830188,1.0,1.0,36/99,19.57%,DUSP19;TRAF4;MAP3K4;ZC3H12A;TGFB2;MAPK8IP1;PRMT1;TRAF1;GADD45G;MINK1;MAP4K2;KLHDC10;TAOK1;SH3RF1;STK25;TRAF2;STK39;TLR3;HMGB1;SDCBP;RASSF2;LTBR;MAPK8IP3;XIAP;TRAF3;TAOK3;SPI1;SASH1;SEMA3A;IGFBP6;FCGR2B;SORD;NAIP;MAPKBP1;HIPK2;RELL1
prerank,Positive Regulation Of Translational Initiation (GO:0045948),-0.5316061332102611,-0.9429576913481642,0.5693548387096774,1.0,1.0,9/17,20.04%,YTHDF2;POLR2G;DDX3X;YTHDF1;YTHDF3;HABP4;SH3BGRL;LARP1;MTOR
prerank,Cellular Response To Molecule Of Bacterial Origin (GO:0071219),-0.4027687935132836,-0.9424931616129973,0.5897079276773296,1.0,1.0,34/99,21.78%,SIRPA;NFKBIL1;CD14;TICAM1;LILRB2;SELENOS;TNFRSF1B;TNIP1;PPM1E;UPF1;ZFP36;CTR9;XBP1;UXT;IL1A;CARD16;PLAA;TNIP2;MAPK8;SBNO2;RELA;GIT1;ADAM9;CACTIN;NR1D1;NLRP3;MEF2C;PDCD1LG2;CX3CR1;LDOC1;CD68;TNFAIP3;PYCARD;CHMP5
prerank,"Synaptic Transmission, Cholinergic (GO:0007271)",-0.5319190383896023,-0.9424721981243233,0.5339130434782609,1.0,1.0,2/16,10.04%,RIC3;CHRNA7
prerank,Regulation Of DNA Strand Elongation (GO:0060382),0.5181823599563872,0.9423935870190481,0.5146726862302483,1.0,1.0,7/16,16.05%,ACTR8;POT1;TFPT;RUVBL2;NFRKB;INO80D;YY1
prerank,Lytic Vacuole Organization (GO:0080171),-0.46935756160154696,-0.9422081642067968,0.555045871559633,1.0,1.0,8/30,8.72%,ZFYVE26;SNAPIN;GRN;HOOK2;TPP1;HPS1;AKTIP;HOOK1
prerank,Regulation Of Interleukin-1 Production (GO:0032652),-0.5638787667114157,-0.9421995096546005,0.5467128027681661,1.0,1.0,1/13,1.11%,SIRPA
prerank,Positive Regulation Of Cell Differentiation (GO:0045597),0.32134775504778545,0.9420683617385852,0.7777777777777778,1.0,1.0,52/251,12.95%,ZBTB16;MAPK14;XKR8;ARID1B;ARID2;ASXL2;SMARCB1;ADIRF;CTNNB1;WDFY2;TIAM1;RRAS;PRKCH;RIN2;ZC3H12A;EZH2;ARHGEF2;ZC4H2;TGFB2;SMAD4;NPNT;SMARCA2;PKDCC;HIF1AN;RAP1A;DAB2;ACTL6A;IL6ST;SMARCC2;BAMBI;RUNX2;RPS6KA3;FBXO5;LAMA2;ACVR2B;REST;GPRC5B;ECT2;SYAP1;LAMB2;TMEM64;CAMK1;BTG1;PTN;TGFBR2;GJA1;ADRA2C;ASCL1;CREBL2;CRB2;MMD2;ALOX15B
prerank,Lymphocyte Migration (GO:0072676),0.4508542905367211,0.9419855763647186,0.5489130434782609,1.0,1.0,1/28,4.87%,NEDD9
prerank,Anaphase-Promoting Complex-Dependent Catabolic Process (GO:0031145),0.47087142979205143,0.9418824833028951,0.5112219451371571,1.0,1.0,3/20,3.29%,ANAPC2;FZR1;ANAPC10
prerank,Cellular Response To Increased Oxygen Levels (GO:0036295),-0.5886727555211598,-0.9417494474305823,0.5529622980251346,1.0,1.0,3/10,8.09%,ATP6V1G1;ATP6V1A;ATP6V0D1
prerank,Positive Regulation Of Cell Growth (GO:0030307),-0.40411935086537143,-0.9415280700475727,0.5968379446640316,1.0,1.0,35/95,17.90%,RIMS1;MAP3K13;CPNE9;UNC13A;RIMS2;SYT1;TGFBR1;PSMD10;L1CAM;SYT2;EXOSC4;S100A9;S100A8;DDX3X;CIB1;RNF157;MTPN;LGI1;INO80;SYT4;ADAM17;SEMA7A;PLAA;LIMK1;TEAD1;MAPKAP1;CSNK2A1;MLST8;EIF4G2;CPNE5;RASAL1;KLHL22;SFRP1;MAPT;ZNF639
prerank,Negative Regulation Of Receptor Internalization (GO:0002091),-0.5682888563369688,-0.9415262597610542,0.5531197301854974,1.0,1.0,3/12,15.32%,LRPAP1;UBQLN2;ATXN2
prerank,Negative Regulation Of Biosynthetic Process (GO:0009890),-0.5682062150451479,-0.9412989087898652,0.534965034965035,1.0,1.0,2/12,4.88%,PARK7;ASXL3
prerank,Regulation Of Transmembrane Receptor Protein Serine/Threonine Kinase Signaling Pathway (GO:0090092),-0.4821670399998123,-0.9412525346380243,0.5648148148148148,1.0,1.0,10/29,15.05%,FSTL3;FSTL4;ZNF703;DKK3;NREP;SMAD3;FSTL1;FSTL5;LATS2;LATS1
prerank,Calcium Ion Transmembrane Transport (GO:0070588),-0.41164931063248134,-0.9411733386786035,0.592032967032967,1.0,1.0,20/79,15.87%,ATP2B3;TRPC5;TRPC1;GRIN2B;SLC25A23;MCUR1;TRPM3;ATP2A2;GHITM;ATP2B4;ATP2B1;TRPM2;CLU;CACNA2D4;SMDT1;GRIN2A;TMCO1;SLC8A3;P2RX4;SLC8A2
prerank,Positive Regulation Of Cysteine-Type Endopeptidase Activity (GO:2001056),-0.42476893144231004,-0.9408730129192084,0.5851528384279476,1.0,1.0,11/63,11.49%,GRAMD4;BCAP31;GRIN2B;CYCS;CYFIP2;FIS1;PPM1F;DDX3X;LGMN;DAPK1;GRIN2A
prerank,Positive Regulation Of Histone Methylation (GO:0031062),0.5042313166186295,0.940733115758302,0.5672043010752689,1.0,1.0,6/19,5.63%,KAT8;CTNNB1;SMAD4;KANSL2;KANSL1;BAZ2A
prerank,Spinal Cord Development (GO:0021510),0.5423689603120709,0.9406117273496533,0.5255474452554745,1.0,1.0,4/12,19.31%,NF1;SOX12;PKD2;ZPR1
prerank,Positive Regulation Of Peptidase Activity (GO:0010952),-0.5040635776105217,-0.9404128811279092,0.5833333333333334,1.0,1.0,10/23,17.19%,PRELID1;CTSL;GRN;PSME1;VCP;CTSS;CTSH;APH1B;DDRGK1;VSIR
prerank,Negative Regulation Of Cell Growth (GO:0030308),-0.39634590662827907,-0.9404064298668435,0.5863013698630137,1.0,1.0,33/116,14.76%,ENO1;CDKN1A;NDUFS3;CDKN2D;KIAA0319;DCC;NRG1;DCBLD2;SLIT1;ESR2;MUL1;BMPR2;GNG4;PTPRS;TSPYL2;FHL1;SMAD3;MAP2;CDKN2A;DDX3X;FGF13;EI24;SPHK2;CDKL3;BST2;SESN2;PPP2R1A;TP53TG5;DNAJB2;VGLL4;CCAR2;CCDC85B;OSGIN2
prerank,Nitrogen Compound Transport (GO:0071705),-0.3819369686450215,-0.9403839879049798,0.6072772898368883,1.0,1.0,27/151,12.49%,SLC3A2;TOM1;SLC7A1;SLC11A1;HBB;SLC15A3;SLC7A5;SCAMP1;SLC23A2;SFXN5;CHMP2A;SLC26A4;SLC7A14;RAB7A;SLC25A11;SCAMP3;ARRDC3;CHMP3;NRG1;SLC26A11;ABCC2;SLC35F3;SLC48A1;SLC19A2;ATP11B;PDPN;HSP90B1
prerank,Negative Regulation Of Immune Response (GO:0050777),-0.4265730478704806,-0.9399464282177086,0.5838235294117647,1.0,1.0,16/63,13.08%,YWHAZ;MYO1C;WDR41;CD300A;TRIM27;ATG5;MUL1;LYN;ZDHHC18;LYAR;PLCG1;SMCR8;BANF1;CR1;SRC;HLA-DRB1
prerank,Cardiac Muscle Cell Contraction (GO:0086003),-0.5298969306402844,-0.9399415248259547,0.5695581014729951,1.0,1.0,5/18,10.62%,SCN2B;SCN1B;SCN3B;SCN1A;FGF12
prerank,Regulation Of Leukocyte Chemotaxis (GO:0002688),-0.5510943822854277,-0.9398853149747398,0.5484949832775919,1.0,1.0,2/16,7.19%,IL6R;LYN
prerank,Ubiquitin-Dependent ERAD Pathway (GO:0030433),-0.41822193706934824,-0.9397705896045931,0.5876577840112202,1.0,1.0,22/69,14.18%,FBXO44;YOD1;ERLEC1;EDEM2;MAN1B1;UBE2J1;SGTA;SELENOS;HSPA5;VCP;USP19;PSMC6;CALR;STUB1;UBXN8;UBQLN2;HSP90B1;DNAJB2;UBE2G2;SEL1L;SEC61B;FAF2
prerank,Protein Insertion Into Membrane (GO:0051205),0.5227345901818945,0.9397388058120233,0.5193798449612403,1.0,1.0,5/15,11.65%,EGFR;COX18;TRAM2;TRAM1L1;MAIP1
prerank,Cellular Response To Osmotic Stress (GO:0071470),-0.4756848481275885,-0.9397194082888719,0.5594512195121951,1.0,1.0,16/28,23.28%,SCN2A;DDX3X;YBX3;MYLK;WNK3;NFAT5;MLST8;CAB39;NLRP3;ZFP36L1;MTOR;RPTOR;PYCARD;SERPINB6;ZFAND1;CASP1
prerank,Ventricular Cardiac Muscle Cell Action Potential (GO:0086005),0.5165943707332203,0.9395812973678972,0.549367088607595,1.0,1.0,4/16,11.20%,NEDD4L;GPD1L;PKP2;KCNE3
prerank,Regulation Of Rho Protein Signal Transduction (GO:0035023),-0.419612602778795,-0.9395690616871422,0.5631349782293179,1.0,1.0,13/68,15.49%,OPHN1;NELL1;PRAG1;SCAI;STMN1;RIT2;DYNLL1;LPAR6;RAC1;ARHGAP35;BCR;RIPOR2;ABL2
prerank,Regulation Of Protein Localization (GO:0032880),-0.4059087027809284,-0.9393285961289083,0.576043068640646,1.0,1.0,29/88,17.62%,ATCAY;OOEP;KCNAB2;FBXW7;PIN1;RSL1D1;UFL1;SLC26A4;VCPIP1;VCP;CSNK1E;MAP2;PPM1F;GBF1;PRKAA2;HSP90AA1;MMD;HSP90AB1;USP8;GPC1;STX10;MAPK8;SUMO1;TRIM38;PLEKHM2;SETD2;TRIM25;WDPCP;MAPT
prerank,Gamma-Delta T Cell Activation (GO:0046629),-0.5618131169779702,-0.9392708244678493,0.5631578947368421,1.0,1.0,1/12,3.25%,CXADR
prerank,Positive Regulation Of Small GTPase Mediated Signal Transduction (GO:0051057),-0.5379610656887802,-0.9392494438798042,0.5798045602605864,1.0,1.0,7/17,20.04%,STK19;RASGEF1A;SRC;RASGRP1;RASGRF1;NOTCH2;RELN
prerank,Regulation Of Protein Modification By Small Protein Conjugation Or Removal (GO:1903320),-0.482863474752525,-0.9390697191048972,0.5476923076923077,1.0,1.0,10/28,12.67%,DCUN1D2;COPS8;TGFBR1;GPS1;HSP90AA1;ITCH;COPS6;HSP90AB1;COPS7B;DNAJB2
prerank,Myeloid Cell Activation Involved In Immune Response (GO:0002275),-0.545165561339501,-0.9390201979241938,0.5423728813559322,1.0,1.0,5/15,16.02%,MYO1C;FCER1G;IFI35;SBNO2;TYROBP
prerank,Positive Regulation Of Epithelial Cell Differentiation (GO:0030858),0.504981911356212,0.9389518302718763,0.556930693069307,1.0,1.0,3/17,11.16%,VEZF1;RFX3;BTG1
prerank,Regulation Of Nitric Oxide Biosynthetic Process (GO:0045428),-0.468870004974664,-0.9381621167227704,0.5739268680445151,1.0,1.0,9/34,11.40%,SIRPA;HBB;ATP2B4;SMAD3;CLU;HSP90AA1;DDAH1;HSP90AB1;RAC1
prerank,Protein Localization To Organelle (GO:0033365),-0.3902614417270897,-0.937829324173236,0.6176853055916776,1.0,1.0,45/129,16.97%,TOR1B;BICD1;IFT122;WDR35;PAQR3;VAPA;ARL6;PACSIN2;RAB11A;OBSCN;PPP1R15A;DNAJA1;PAK1;RPA2;TUB;DDX3X;CEP250;RAB35;DDX1;CALR;TOLLIP;UBAC2;RAB6A;GBF1;PRKAA2;ATP6V1D;ARL3;CNEP1R1;IFT20;TRAM1;LAMP1;OBSL1;SNX10;ISG15;ANK2;COG7;YWHAE;FSIP2;TTC26;BANP;TMEM30A;DDRGK1;RIPOR1;CAMLG;RPL11
prerank,Regulation Of NLRP3 Inflammasome Complex Assembly (GO:1900225),0.4445650982250489,0.9377886324614765,0.5163934426229508,1.0,1.0,9/29,15.96%,DEPDC1B;CARD8;USP50;STMP1;ZDHHC12;NLRC3;MYD88;PRKD1;MARK4
prerank,Positive Regulation Of TOR Signaling (GO:0032008),-0.43893319115029267,-0.9377229897750906,0.5516739446870451,1.0,1.0,12/43,11.19%,GPR137B;PIP4P1;RNF167;LAMTOR4;LAMTOR5;SEC13;LAMTOR3;SMCR8;SEH1L;GPR137C;MIOS;SESN2
prerank,Intestinal Lipid Absorption (GO:0098856),-0.5888775897743939,-0.9374478636820167,0.5827586206896552,1.0,1.0,1/10,15.30%,LIMA1
prerank,Ubiquitin-Dependent Protein Catabolic Process (GO:0006511),0.3159864344345338,0.9373545454214197,0.7786885245901639,1.0,1.0,76/347,10.82%,FBXO10;UBE2D2;FBXL4;ZRANB1;RNF146;UBQLN4;RNF185;PRKN;MVB12B;UBR3;RNF125;WDR81;HERC5;RFFL;RNF217;FAF1;CTNNB1;UBA1;KLHL20;UBE2H;FBXW4;WDR91;FBXO8;CBL;NEDD4L;SPOPL;SIAH1;ATE1;UHRF1;NFE2L2;PPP2R5C;HERC3;KBTBD7;TNFAIP1;UBE3D;RMND5A;WWP1;TRIP12;FEM1B;KIF14;UBXN7;RNF166;PSMA1;TBL1X;UBE2G1;MVB12A;HECTD3;ARMC8;CCAR1;TSG101;FBXO9;UBE4B;TAF1;PML;TOPORS;KCTD21;RNF122;DTX3L;RNF13;BAG6;USP33;NTAN1;FEM1A;OTUD7A;MDM2;RHOBTB3;UBE2L6;KEAP1;UBE2R2;CDC23;ZSWIM8;RNF130;FBXO11;SPSB1;OTUD7B;ATXN3
prerank,Alpha-Amino Acid Catabolic Process (GO:1901606),0.4527853624177317,0.9371734173178436,0.5618279569892473,1.0,1.0,7/26,7.85%,DDO;IVD;GOT2;ALDH6A1;HIBCH;THNSL2;KYNU
prerank,Positive Regulation Of Protein Phosphorylation (GO:0001934),-0.3608068803908819,-0.9371672515896944,0.6875,1.0,1.0,67/350,13.56%,PRKAG1;CDKN1A;NBN;PARK7;XRCC6;NELL1;IL6R;PIN1;TXN;CCND2;DOCK7;ALS2;BRAF;EFNA5;TGFBR1;CD40;NTRK3;TENM1;HGF;TOM1L1;CALM3;CD44;FLOT1;DDR2;LIMK2;MYDGF;PAK1;ACVR2A;LYN;CALM1;BMPR2;ATP2B4;AKTIP;DDX3X;HRAS;CIB1;TNIK;CAMKK2;MRNIP;CHRNA7;GDF11;ORC3;LCP2;HSP90AA1;ARAF;MMD;HSP90AB1;TAOK2;IL34;ITGA5;RAC1;PDGFD;XRCC5;RAPGEF2;ERP29;CCND1;SRC;FAM20A;RASGRP1;HLA-DRB1;ADAM17;HAX1;WNK3;RBPMS;GPNMB;AGER;BMPR1A
prerank,Cell-Cell Junction Assembly (GO:0007043),-0.4177379275249736,-0.9371513236187012,0.5822603719599427,1.0,1.0,16/67,14.45%,CDH22;CDH7;CNTNAP1;CDH18;CDH12;CDH13;ZNF703;CDH10;CDH9;PIP5K1C;PRKCA;PATJ;CDH2;WDR1;ACTG1;CTNNA1
prerank,Positive Regulation Of Small Molecule Metabolic Process (GO:0062013),0.44016215710816425,0.9367766586166689,0.5360230547550432,1.0,1.0,8/30,10.57%,ZBTB20;PRKAA1;P2RX7;IRS2;ARNT;AKT2;INSR;MLXIPL
prerank,Negative Regulation Of Protein Transport (GO:0051224),-0.49426501740861656,-0.9365104442547765,0.5691573926868044,1.0,1.0,8/22,20.00%,NDFIP1;PPM1F;ERP29;NDFIP2;SERGEF;SNX3;SNX12;WWP2
prerank,Establishment Of Mitotic Spindle Orientation (GO:0000132),-0.47410204274997075,-0.9362967346743198,0.5490506329113924,1.0,1.0,12/29,21.47%,ITGB1;FBXW11;KAT5;HTT;NSFL1C;DYNLT1;NDEL1;PAFAH1B1;UBXN2B;ZW10;HDAC3;MAPRE1
prerank,Negative Regulation Of Neurogenesis (GO:0050768),0.45794628646903585,0.9360074181058825,0.5300261096605744,1.0,1.0,9/26,12.79%,GORASP1;NF1;HOOK3;REST;SORL1;DPYSL5;PTN;LRP4;RUFY3
prerank,Establishment Of Protein Localization To Organelle (GO:0072594),-0.40852120684040183,-0.9357933418888913,0.5782967032967034,1.0,1.0,31/82,20.68%,HEATR3;IPO7;NUP155;RANBP6;RALA;RAB11A;IPO9;EIF4ENIF1;SEC13;RANBP17;PRICKLE1;APLP2;NUP85;RAN;LAMP1;KPNA2;KPNA4;RANGRF;FAM53C;STK4;BCL3;TNPO2;RYR2;HK2;RPAIN;LRRC7;PINK1;PTTG1IP;CSE1L;HK1;NUP98
prerank,Ras Protein Signal Transduction (GO:0007265),-0.3863459159019605,-0.9356853143725727,0.6202046035805626,1.0,1.0,51/141,17.12%,RRAS2;CDKN1A;PARK7;GNA12;DOK3;NRAS;RHOG;ARHGAP4;CFL1;CDH13;TNFRSF25;RAPGEFL1;RALA;RIT2;GDI1;RASGEF1A;KSR1;RAPGEF4;CDKN2A;HRAS;NCKAP1;ARHGAP29;ORC3;MAPKAPK5;USP8;ARHGDIG;RAC1;RAPGEF2;GRB2;CNKSR2;ARHGAP35;WASF1;PDPN;DOK6;TAX1BP3;RASGRP1;PLCE1;G3BP2;KRAS;AIF1;LIMK1;HACE1;MRAS;RGL1;RB1;RGL3;RALGPS1;RIPOR1;NKIRAS2;RAC3;RAPGEF1
prerank,Positive Regulation Of Gene Expression (GO:0010628),-0.35551744864650564,-0.9354856739669408,0.6869469026548672,1.0,1.0,113/434,17.56%,ID2;AGPAT2;DPY30;PRKAG1;SOD1;GAPDH;PARK7;RIMS1;SLC11A1;PRR16;MARK1;METTL3;POLR2A;TMIGD2;OLFM1;EIF2AK3;ZNF804A;BRAF;TGFBR1;NTRK3;EIF2AK2;NAT10;TRMT112;TICAM1;TADA3;ERN1;LAMTOR5;DHX36;TXK;NOC2L;FLOT1;PPARGC1A;HCFC1;ZBTB7B;EPB41L4B;TESC;MAP2K1;RAB27A;CITED2;BMPR2;RPS4X;FAM98A;SMAD3;PPM1F;METTL14;CLU;OVOL2;DDX3X;ATF4;RBM3;RBPJ;SPHK2;LURAP1;RPL5;CNTN1;TFR2;ETS1;DNMT1;PCIF1;TENT4B;DTNBP1;VPS72;CIRBP;HMGN5;UXT;MSN;ERP29;S100A13;RPS7;IL1A;EIF3E;SMARCD1;FN1;EZR;ANK2;CUX2;ATF2;LARP4;LRP3;BMPR1A;ACTG1;APP;PLXNB2;HILPDA;METTL5;KRAS;MED23;BMPR1B;CTSH;MAPK8;PRKAB1;BCL3;TTN;RPS3;YTHDF1;MAZ;DDRGK1;YTHDF3;TYROBP;PID1;RELA;TFRC;FUBP3;RPL11;RGCC;TENT4A;ZCCHC4;VSIR;ADAM19;VSTM2A;CLEC7A;CD74;EIF4A3
prerank,Negative Regulation Of G2/M Transition Of Mitotic Cell Cycle (GO:0010972),0.44511897096272696,0.9351099018908369,0.5394736842105263,1.0,1.0,5/26,10.06%,DEPDC1B;NABP2;BARD1;PINX1;MRE11
prerank,Cellular Response To Calcium Ion (GO:0071277),-0.41958765744547377,-0.9336089544095002,0.5957446808510638,1.0,1.0,25/66,17.04%,KCNH1;ITPKA;CPNE9;NEUROD2;SYT11;SYT1;BRAF;CPNE8;CPNE4;SYT13;SYT2;CLU;LGMN;SYT5;PRKAA2;CPNE1;SYT10;SYT4;ADCY8;ALOX5AP;SLC25A24;ADGRV1;DMTN;CPNE5;ADCY1
prerank,Positive Regulation Of Collagen Metabolic Process (GO:0010714),0.4936604585771057,0.9333345242165977,0.5544303797468354,1.0,1.0,3/16,10.28%,LARP6;VIM;SCX
prerank,Phospholipase C-activating G Protein-Coupled Receptor Signaling Pathway (GO:0007200),-0.40927714672881155,-0.9332101236200657,0.6130434782608696,1.0,1.0,13/75,14.98%,OPRM1;FPR1;LTB4R;GRM1;LPAR6;GNA14;ESR1;C5AR1;PLCE1;HTR2A;OPRL1;GRM5;HOMER1
prerank,Positive Regulation Of Voltage-Gated Calcium Channel Activity (GO:1901387),-0.5914508900861218,-0.9331377252622923,0.5664939550949913,1.0,1.0,5/10,13.78%,NIPSNAP2;CACNB2;PPP3CA;PPP3CB;STAC2
prerank,Calcium Ion Homeostasis (GO:0055074),-0.39859293385336797,-0.9331217588491442,0.5978112175102599,1.0,1.0,20/92,16.81%,CCR1;RMDN3;ATP1B1;CD40;ATP2A2;ATP13A3;ATP2B4;CALR;CHRNA7;TPT1;CXCL12;ANK2;FAM20A;ZNHIT1;HTR2A;SLC8A3;SLC8A2;RYR2;NPTN;TPCN2
prerank,Regulation Of DNA Biosynthetic Process (GO:2000278),0.4274259175728693,0.9331075065354061,0.56,1.0,1.0,11/32,9.50%,JADE2;KAT7;NABP2;POT1;HMBOX1;JADE3;ATM;PARP4;JADE1;PINX1;PDGFB
prerank,Regulation Of Immunoglobulin Production (GO:0002637),-0.48448655608794855,-0.9330840541343917,0.5671641791044776,1.0,1.0,7/24,20.65%,GPI;POLR2D;CR1;XBP1;SUPT6H;HLA-E;EPHB2
prerank,Positive Regulation Of Cell Population Proliferation (GO:0008284),-0.3536136342252503,-0.9328186659617919,0.711453744493392,1.0,1.0,96/432,17.67%,CRLF1;ID2;PRKCI;MECP2;CDKN1A;SLC25A5;MATK;IL6R;FOLR2;RHOG;BMI1;CCND2;TGFBR1;EPHA4;SHANK2;NTRK3;CDH13;SIRT6;UFL1;GRN;RPS9;ZNF703;CLEC11A;LAMC1;EAPP;DDR2;ITGB1BP1;NRG1;PAK1;S100B;ASIC2;CNOT8;LYN;EPOR;RPS6;RPS4X;IL7;CDC25B;FAM98A;LGMN;HRAS;CAPN1;RBPJ;CIB1;CALR;KITLG;CHRNA7;BST2;NAMPT;SOX15;CR1;HMGN5;IL34;CCDC117;XBP1;PDGFD;PTPN6;S100A13;TSC22D1;SMARCD1;FN1;C5AR1;ADAM17;SSR1;BMPR1A;RPS15A;CAPNS1;HILPDA;KRAS;AIF1;CTSH;TGFA;TSPAN31;BAD;ZNF16;GAREM1;CSNK2A1;IL11RA;MAZ;DDRGK1;HCK;PID1;HMOX1;RELA;CIAO1;GRK5;CX3CL1;ACER3;PIM1;SS18;CLEC7A;HDAC2;SFRP1;ZNF268;CD74;SIRT1
prerank,"Positive Regulation Of Synaptic Transmission, Glutamatergic (GO:0051968)",-0.5030556171151308,-0.9325983204063232,0.552755905511811,1.0,1.0,5/21,11.49%,CACNG3;GRIN2B;CACNG8;NRXN1;GRIN2A
prerank,Regulation Of Vascular Endothelial Growth Factor Receptor Signaling Pathway (GO:0030947),-0.508775682992266,-0.9323240598325014,0.5509554140127388,1.0,1.0,5/20,16.25%,NELL1;ITGA5;PRKCB;PTPN1;PRKD2
prerank,Protein Depolymerization (GO:0051261),-0.4760254138941348,-0.9322563631931358,0.5560897435897436,1.0,1.0,6/27,9.85%,STMN2;DSTN;MICAL2;STMN1;CKAP5;STMN3
prerank,Positive Regulation Of Protein Localization To Cell Surface (GO:2000010),-0.5613560626705466,-0.9322139112736274,0.5719626168224299,1.0,1.0,6/12,16.02%,RIC3;TMEM35A;HSP90AB1;RANGRF;TM9SF4;TYROBP
prerank,Negative Regulation Of Organelle Assembly (GO:1902116),0.4212343280332709,0.9321712160901482,0.5936599423631124,1.0,1.0,18/35,18.51%,KAT2B;EVI5L;KAT2A;SMAD4;MTM1;CDK10;SEC22B;KIF24;SCFD1;TCHP;CEP97;YAP1;LRRK2;CCP110;MPHOSPH9;NUPR1;GDI2;CDK5RAP2
prerank,Transmembrane Receptor Protein Tyrosine Kinase Signaling Pathway (GO:0007169),0.32103336064975974,0.932170712319716,0.7777777777777778,1.0,1.0,55/264,13.08%,MAPK14;PHIP;EGFR;DDR1;MPZL1;SORT1;TIAM1;FER;GHR;DOK4;EFNA1;GAB1;FOXO1;FGF23;SOGA1;TIE1;CNKSR1;GIGYF2;RYK;CEP57;NEDD9;EFNB2;YES1;CASS4;PIK3CA;MAPKAPK2;DDIT4;RAB14;BCAR1;FRK;PAK2;IRS2;FGFR3;STAT3;PDGFB;AKT2;INSR;APPL1;ZNF106;PLAT;GALNT3;PDGFC;MUSK;FGF1;CD7;RASA1;AXL;IDE;SULF1;RASGRP4;GIGYF1;PDK4;MAPK1;SETX;COL4A2
prerank,RNA-templated DNA Biosynthetic Process (GO:0006278),0.4769945943137551,0.9320182544138074,0.5564304461942258,1.0,1.0,7/19,10.06%,WRAP53;RFC1;POT1;TELO2;TNKS1BP1;PINX1;MRE11
prerank,Telomere Maintenance Via Telomerase (GO:0007004),0.4769945943137551,0.9320182544138074,0.5564304461942258,1.0,1.0,7/19,10.06%,WRAP53;RFC1;POT1;TELO2;TNKS1BP1;PINX1;MRE11
prerank,Defense Response To Symbiont (GO:0140546),0.34553065239604497,0.9316215510418671,0.6746987951807228,1.0,1.0,29/129,13.09%,MOV10;RNF185;APOBEC3G;IFIH1;CARD8;IFNLR1;DDX60;IFIT2;TANK;BCL2;TLR2;DDIT4;NLRC5;IRF2;LYST;NCBP3;ZMYND11;G3BP1;STAT1;STAT2;MAP3K14;IFI44L;TRIM41;DHX15;BNIP3L;GBP2;TLR3;IFIT1;RAB2B
prerank,Cell Cycle G1/S Phase Transition (GO:0044843),-0.42925655905629223,-0.9312821127758708,0.5722543352601156,1.0,1.0,6/52,2.86%,USP37;CAMK2A;CDKN1A;MAP3K11;EIF4EBP1;CCND2
prerank,Monoubiquitinated Histone H2A Deubiquitination (GO:0035522),0.4590745468266893,0.931268984431532,0.5488126649076517,1.0,1.0,13/26,13.19%,TAF4;KAT2B;KAT2A;SGF29;TAF5;TAF12;TMEM98;SUPT3H;TAF7;TAF6;ATXN7;TADA2B;TAF10
prerank,Monoubiquitinated Histone Deubiquitination (GO:0035521),0.4590745468266893,0.931268984431532,0.5488126649076517,1.0,1.0,13/26,13.19%,TAF4;KAT2B;KAT2A;SGF29;TAF5;TAF12;TMEM98;SUPT3H;TAF7;TAF6;ATXN7;TADA2B;TAF10
prerank,Regulation Of Centriole Replication (GO:0046599),0.5116989278264797,0.9311525502048043,0.5373134328358209,1.0,1.0,5/15,7.78%,KAT2B;KAT2A;SASS6;SPICE1;CEP76
prerank,Phosphate Ion Homeostasis (GO:0055062),0.5889033208275708,0.9308849560681243,0.5614457831325301,1.0,1.0,2/10,13.57%,FGF23;XPR1
prerank,Hemopoiesis (GO:0030097),-0.3965599137677669,-0.9304755699925388,0.6079234972677595,1.0,1.0,15/94,9.87%,YJEFN3;FSTL3;YTHDF2;PLEK;BMI1;HIPK1;ETV6;PRKX;ARIH2;CEBPB;ZNF160;LYN;EPOR;ATF4;KITLG
prerank,tRNA 5'-End Processing (GO:0099116),0.5402985580813784,0.9303394376449161,0.5532879818594104,1.0,1.0,1/13,0.04%,RPP25L
prerank,DNA Repair-Dependent Chromatin Remodeling (GO:0140861),0.516258144833442,0.9303314894983096,0.5380952380952381,1.0,1.0,5/15,8.21%,DEPDC1B;SIRT7;TRIP12;UBR5;DTX3L
prerank,"Negative Regulation Of mRNA Splicing, Via Spliceosome (GO:0048025)",0.5308610244324562,0.9303039017126679,0.5452261306532663,1.0,1.0,4/14,7.85%,SFSWAP;RBMX;SRSF6;SRSF12
prerank,Regulation Of Viral Transcription (GO:0046782),-0.5295159314269878,-0.9300121723825324,0.567741935483871,1.0,1.0,5/16,10.45%,HEXIM1;TRIM27;ZFP36;IFITM3;UBP1
prerank,B Cell Differentiation (GO:0030183),-0.42665031511667617,-0.929929112318115,0.5737951807228916,1.0,1.0,3/52,3.17%,SLC25A5;KLF6;ITGB1
prerank,Cytosolic Transport (GO:0016482),0.3482787675447878,0.9297947854533087,0.6194331983805668,1.0,1.0,33/117,11.35%,TMEM87A;DENND5A;WDR81;KLHL20;SORT1;WDR91;TBC1D5;HEATR5A;VPS26A;MON2;WASHC2C;PIK3C3;HOOK3;HEATR5B;TBC1D10A;RAB14;SPAG9;YKT6;SNF8;STX8;VPS13A;RAB9A;AP1G1;PIP4K2A;RHOBTB3;STX6;VPS54;GCC2;RAB9B;ANKFY1;ANKRD27;PIKFYVE;DENND2A
prerank,Regulation Of Potassium Ion Transmembrane Transporter Activity (GO:1901016),-0.4935570391838487,-0.9292735103104602,0.5828220858895705,1.0,1.0,6/25,13.39%,NETO1;ITGB1;ATP1B1;FHL1;ANK2;YWHAE
prerank,Sulfate Transport (GO:0008272),-0.5874637179117616,-0.9292531816947793,0.5906735751295337,1.0,1.0,3/11,7.94%,SLC26A4;SLC25A11;SLC26A11
prerank,Neutrophil Migration (GO:1990266),-0.419159781697586,-0.9291165920482997,0.5888399412628488,1.0,1.0,7/59,10.99%,CXADR;PIP5K1C;S100A9;S100A8;PPIB;GBF1;FCER1G
prerank,Negative Regulation Of Secretion (GO:0051048),-0.5944252695626548,-0.9289338100697655,0.5827464788732394,1.0,1.0,1/10,6.40%,NRG1
prerank,Negative Regulation Of Substrate Adhesion-Dependent Cell Spreading (GO:1900025),-0.5640373235782422,-0.928899993047181,0.5996649916247906,1.0,1.0,2/12,6.13%,EFNA5;ITGB1BP1
prerank,Organelle Organization (GO:0006996),-0.3550902179548633,-0.928876208786298,0.7227833894500562,1.0,1.0,119/384,17.82%,PI4K2A;YTHDF2;PRKCI;HAT1;ATAD3B;PARK7;TOR1B;MSTO1;CNTNAP1;THY1;DNAJA3;ARMC2;TMED2;SURF4;RAB29;TMED4;GORASP2;MARK1;ZMYM4;YME1L1;ARHGAP4;EIF2AK3;CXADR;MICAL2;IQCG;SYNE3;CFL1;VAPA;MYO18A;KIFAP3;SIRT5;CHMP2A;CEP78;CHGA;PACSIN2;NIPSNAP2;WASF3;PLD2;RAB7A;CSPG5;FAM161A;TMEM135;TPM1;ATL1;SAR1B;PPARGC1A;CHMP3;HTT;SMPD4;PEX11B;RANBP10;CHMP7;JAGN1;CENPT;CLUH;SEC23IP;MAST1;NECTIN2;REEP5;HSD17B10;CHCHD2;TNIK;DYNC2H1;GBF1;WASL;DIAPH1;ATL3;TBC1D20;BIN1;CAPZB;RAB18;OBSL1;LETMD1;NSFL1C;TOR1AIP2;FNBP1L;COG1;DNM1L;SNX10;ZFYVE16;MAST4;ABCD3;COG7;PLCE1;HAX1;LARP4;CHCHD10;GOLGA2;DYM;FAF2;EPS15;ADCK1;LNPK;HACE1;VPS51;MAPKAP1;RB1;YTHDF1;SYNE1;YTHDF3;MLST8;KIF5C;DMTN;WDR73;PLEKHM2;RAB31;ABCD4;VPS11;PACSIN1;SIPA1;COG6;UBXN2A;RHOT2;BLZF1;VPS4B;WDPCP;FAM174B;BNIP1;KIF3A
prerank,Positive Regulation Of Myeloid Leukocyte Mediated Immunity (GO:0002888),-0.5894629202748363,-0.9288346252438281,0.5960854092526691,1.0,1.0,5/10,19.30%,TICAM1;UXT;TYROBP;ITGAM;ITGB2
prerank,Transcription Elongation By RNA Polymerase II (GO:0006368),-0.4833686540964967,-0.9286836324080868,0.5769828926905132,1.0,1.0,10/26,18.46%,ELOF1;ELP4;CTR9;ERCC3;SUPT6H;RTF1;SETD2;SART3;ELP2;PBRM1
prerank,DNA Integrity Checkpoint Signaling (GO:0031570),-0.45235403031937216,-0.9284052553020471,0.5897035881435257,1.0,1.0,8/38,10.85%,TIPRL;NBN;INTS7;UFL1;MRPL36;MAP3K20;ATR;ERCC4
prerank,Regulation Of Peptidyl-Tyrosine Phosphorylation (GO:0050730),0.36648241886036137,0.9283135475977091,0.6401515151515151,1.0,1.0,15/85,11.94%,EGFR;THBS4;PRKCZ;GHR;BANK1;EFNA1;ARHGEF2;TNFRSF14;PECAM1;PAK2;HCLS1;PRKCD;PDGFB;TNK2;RAP2B
prerank,Response To Glucose (GO:0009749),-0.43885916984293716,-0.9282519218399401,0.5745682888540031,1.0,1.0,9/43,11.44%,KCNB1;EIF2B4;ZNF236;ERN1;SELENOS;UCP2;ZBED3;PRKAA2;XBP1
prerank,Regulation Of Chromatin Organization (GO:1902275),0.45418754027267394,0.928240404756065,0.5603015075376885,1.0,1.0,7/26,7.47%,KAT8;SETD1A;KANSL2;KANSL1;HNRNPU;MSL2;MSL1
prerank,Proteasome-Mediated Ubiquitin-Dependent Protein Catabolic Process (GO:0043161),-0.3602454132491227,-0.928068888025423,0.6998841251448435,1.0,1.0,131/306,20.66%,FBXO44;YOD1;PSMD8;AMBRA1;UCHL1;ERLEC1;BIRC2;PSMB6;FBXW7;FBXL13;RMND5B;PJA2;TRIM9;APPBP2;ANAPC15;KLHDC3;PSMA5;UBXN11;MAN1B1;KCTD5;SKP1;ZFAND2B;LTN1;DDIT3;CDC26;UBE2J1;ANAPC11;PSMD2;FBXW11;SGTA;SELENOS;AKIRIN2;KAT5;PSMB7;FBXL15;HSPA5;VCP;USP19;PSMC1;FBXL2;ASCC2;PSMA7;RBX1;PSMC5;UBE2D3;PSMC6;PSMD7;CALR;DCAF12;KCTD2;STUB1;KCTD17;ITCH;UBXN8;UBXN1;TRIM3;APC2;BTRC;NSFL1C;UBQLN2;PSMD12;PSMD13;PSMD4;PSMB2;HSP90B1;DNAJB2;PCNP;ANAPC1;RAD23A;FBXO31;PLAA;PSMC4;PSMA4;UBE2G2;FBXL5;SEL1L;SEC61B;ZFAND2A;RNF216;FAF2;CRBN;RNF10;TRIP4;FBXO7;CDC16;ASCC3;PSMA3;APC;BFAR;MAN1A1;RNF5;RNF34;SIAH2;TBL1XR1;UBXN2A;KLHL22;ZNRF1;TRPC4AP;TRIM25;AGAP3;SIRT1;FBXL3;KLHL15;SIRT2;UBE4A;GSK3A;UBXN2B;AXIN1;GID4;SH3BGRL;FEM1C;ANKRD9;DERL2;PSMD1;ANAPC16;DDB1;NHLRC3;DNAJC10;KLHL42;PSMB4;TMEM67;PSMC3;WWP2;COP1;CUL4A;PSMB1;FBXO3;ANAPC13;TNFSF13B;HECTD1;CUL2
prerank,Positive Regulation Of Cytoplasmic Transport (GO:1903651),-0.5686963792140952,-0.9280524568651335,0.5706806282722513,1.0,1.0,5/11,13.01%,EIPR1;NF2;MSN;EZR;RAB21
prerank,Regulation Of Plasma Membrane Bounded Cell Projection Assembly (GO:0120032),0.36504985250819605,0.9278671461037741,0.6226415094339622,1.0,1.0,22/70,16.30%,PLD1;FER;FXR1;TBC1D5;CDKL1;ARF6;TWF1;TBC1D10A;SDCCAG8;CDC42;DYNC2LI1;TBC1D1;CYLD;FSCN1;RDX;SH3YL1;IFT140;TBC1D22A;IFT88;CDKL5;WAS;TBC1D22B
prerank,Response To cAMP (GO:0051591),0.41141127604714356,0.9277974409380029,0.5892857142857143,1.0,1.0,10/37,15.19%,RAPGEF3;AKAP9;RAP1A;SLC26A6;STAT1;AQP1;AHR;NDUFS4;PDE2A;SLC26A3
prerank,Vacuolar Transport (GO:0007034),-0.4416435718301139,-0.9275763611269587,0.5796460176991151,1.0,1.0,21/43,20.80%,VPS53;PSAP;CHMP2A;GRN;IGF2R;CHMP3;CHMP7;ATP6V0D1;AP3D1;VPS37A;M6PR;VPS51;BECN1;VPS52;VPS37C;ATP13A2;CHMP2B;PIK3R4;VTI1B;USE1;VPS37B
prerank,Regulation Of RNA Splicing (GO:0043484),0.35302866368937,0.9273297772663578,0.6338028169014085,1.0,1.0,29/98,13.48%,ZNF638;SLC38A2;CELF1;DYRK1A;MBNL1;KAT2B;QKI;YTHDC1;CLK1;KAT2A;SGF29;HNRNPF;TAF12;TMBIM6;TMEM98;SUPT3H;HNRNPK;HNRNPL;RBM39;SRSF1;ATXN7;SRSF3;HNRNPH2;FASTK;PTBP3;SETX;TADA2B;TAF10;MBNL2
prerank,Transcription Preinitiation Complex Assembly (GO:0070897),0.39622926621948584,0.9267227305760746,0.5828025477707006,1.0,1.0,18/48,16.32%,TAF8;TAF4;TAF1B;TAF5;TAF13;POLR1E;TAF12;TAF1;MED22;TAF7;TAF6;TAF11;TAF3;TAF10;MED15;MED1;GTF2B;GTF2A2
prerank,Nucleotide Metabolic Process (GO:0009117),-0.564372882490803,-0.9266013514590264,0.5929054054054054,1.0,1.0,4/12,9.67%,GUK1;PARK7;NMNAT2;NMNAT3
prerank,Response To Muscle Stretch (GO:0035994),0.5210109639924073,0.9264182460625258,0.5380952380952381,1.0,1.0,4/14,8.93%,CTNNB1;PIK3CA;GSN;TCAP
prerank,Regulation Of Epithelial Cell Migration (GO:0010632),-0.43576849002745394,-0.9263509959286967,0.5818452380952381,1.0,1.0,11/48,15.35%,MCC;RAB11A;PLCG1;BMPR2;BMPER;PPM1F;PTPRR;RHOJ;SRC;CTSH;EVL
prerank,Purine Ribonucleotide Metabolic Process (GO:0009150),-0.4049856923712311,-0.926243227726489,0.6204081632653061,1.0,1.0,18/79,13.64%,SULT1A1;HINT1;ACOT7;ACOT9;ATP1B1;ACOT2;GNAI3;RAB23;OLA1;FIGNL1;RAN;HPRT1;ACSM5;GMPR2;ATP1A2;TPST1;RHOQ;GIMAP7
prerank,Regulation Of Vascular Endothelial Growth Factor Production (GO:0010574),-0.48683940770229095,-0.9261212745326296,0.5953125,1.0,1.0,4/24,12.23%,EIF2AK3;RORA;ATF4;IL1A
prerank,Negative Regulation Of Response To External Stimulus (GO:0032102),-0.37910955207581176,-0.925985241092332,0.6452476572958501,1.0,1.0,22/129,9.12%,YWHAZ;SIRPA;NFKBIL1;MYO1C;EPHA4;TNFRSF1A;RNF26;SELENOS;PPARD;ATG5;FFAR4;RORA;AJAP1;MUL1;ZDHHC18;LYAR;PTPRS;FNDC4;CASK;LPCAT3;LRFN5;BANF1
prerank,Lipid Droplet Formation (GO:0140042),-0.5819822301883014,-0.9259088128234125,0.5888501742160279,1.0,1.0,5/10,22.39%,ZFYVE1;PLA2G4C;SQLE;SFI1;CDS2
prerank,NLS-bearing Protein Import Into Nucleus (GO:0006607),-0.5282854134916042,-0.9257935300869103,0.5693069306930693,1.0,1.0,4/17,14.56%,NUP35;KPNA2;KPNA4;RGPD8
prerank,Negative Regulation Of Viral Process (GO:0048525),-0.4283141998093483,-0.9254055459047658,0.5963581183611533,1.0,1.0,15/53,12.55%,HEXIM1;ZNFX1;EIF2AK2;TRIM27;TNIP1;IFIT5;SRPK1;ZFP36;BANF1;IFITM2;IFITM3;BST2;UBP1;MX1;ISG15
prerank,Defense Response To Bacterium (GO:0042742),-0.3821331021039258,-0.9253436687623747,0.6321989528795812,1.0,1.0,17/136,12.55%,IL6R;ZNFX1;SLC11A1;RPL30;CHGA;AKIRIN2;FAU;CEBPB;S100A9;S100A8;ADGRB1;CASP4;COLEC12;FCER1G;RNASE1;STAB1;ISG15
prerank,Cell Migration Involved In Sprouting Angiogenesis (GO:0002042),-0.5265786114775147,-0.9251317575795277,0.5739130434782609,1.0,1.0,2/17,9.91%,NELL1;SRF
prerank,Negative Regulation Of Protein Secretion (GO:0050709),-0.45014872818551,-0.9250817729010165,0.5666666666666667,1.0,1.0,8/35,14.11%,OPRM1;MIDN;KCNB1;CHGA;CD200;RAB11FIP1;ERP29;SERGEF
prerank,Cellular Response To Oxygen-Containing Compound (GO:1901701),-0.3546503848593927,-0.9247688251308342,0.7190635451505016,1.0,1.0,100/375,17.92%,KCNH1;SIRPA;JUN;ADCY6;ITPKA;NFKBIL1;CPNE9;NEUROD2;CD14;LAMTOR4;PTK7;SYT11;SYT1;BRAF;TICAM1;RORB;CPNE8;PEX13;LILRB2;SELENOS;ZNF703;LAMTOR5;DHX36;TNFRSF1B;KAT5;TPM1;TNIP1;HCN1;CPNE4;SYT13;RORA;VCP;SYT2;LYN;TESC;KCNC2;ATP2B4;PPM1E;CLU;LAMTOR3;UPF1;ZFP36;LGMN;FES;GLRA2;CAMKK2;DAPK1;SYT5;KCNK4;PRKAA2;GUCY1B1;SESN2;CTR9;XBP1;UXT;ESR1;RAPGEF2;PRDX5;CFTR;CPNE1;IGFBP5;IL1A;CARD16;EZR;HSP90B1;SYT10;SYT4;PLAA;ADCY8;NEURL1;TNIP2;PDK2;ALOX5AP;MAPK8;SLC25A24;ADGRV1;ZNF16;SBNO2;RPS3;ABL2;NCF1;PXN;P2RX4;LAMTOR1;PID1;RELA;DMTN;RRAGD;CPNE5;ADCY1;RAPGEF1;LCP1;GIT1;SFRP1;AGAP3;MAPT;ADAM9;CACTIN;NR1D1;LAMTOR2
prerank,Regulation Of G Protein-Coupled Receptor Signaling Pathway (GO:0008277),-0.40903899555038326,-0.9246500550329315,0.613314447592068,1.0,1.0,14/69,13.16%,CAMK2A;PLEK;RGS4;SYP;LRPAP1;KCTD16;RGS11;PLCB1;RGS7;GNG4;RGS16;USP20;DYNLT1;PLCE1
prerank,Golgi To Plasma Membrane Protein Transport (GO:0043001),0.4492793516668143,0.9246116512937492,0.5746835443037974,1.0,1.0,11/25,16.93%,GOLPH3L;MACF1;NSF;GOLPH3;GCC2;BBS2;GOLGA7;OPTN;ARFRP1;ANK3;KIF13A
prerank,Nucleic Acid-Templated Transcription (GO:0097659),0.4057087403115719,0.9245097619097457,0.5739130434782609,1.0,1.0,10/39,12.59%,PPP5C;TAF1B;TCEANC2;SMAD4;TOPORS;DIDO1;EPC1;PHF3;SCX;CREBL2
prerank,Regulation Of Leukocyte Tethering Or Rolling (GO:1903236),-0.5804135917201025,-0.9244651261560454,0.5636363636363636,1.0,1.0,2/10,11.38%,ENC1;CXCL12
prerank,Regulation Of Cell-Substrate Junction Assembly (GO:0090109),0.47139649958790086,0.9236738856393787,0.5403225806451613,1.0,1.0,8/21,12.21%,MACF1;LDB1;DUSP3;CAMSAP3;ROCK2;ROCK1;LIMCH1;GPM6B
prerank,Negative Regulation Of Activated T Cell Proliferation (GO:0046007),-0.5820133761473354,-0.923586817582248,0.6120996441281139,1.0,1.0,4/10,19.77%,PRNP;PRKAR1A;LGALS9;PDCD1LG2
prerank,Regulation Of Transcription By RNA Polymerase I (GO:0006356),-0.4670060830480829,-0.9233770956534668,0.5840840840840841,1.0,1.0,11/30,12.15%,POLR2L;EIF2AK3;SMARCA5;WDR75;CARM1;DDX21;ASIC2;LYAR;ATF4;POLR2K;PRR7
prerank,Positive Regulation Of Smoothened Signaling Pathway (GO:0045880),-0.5032421840675506,-0.9231710085511008,0.5850891410048622,1.0,1.0,8/20,22.72%,TXNDC15;UCHL5;STK36;GAS8;SFRP1;DLG5;ULK3;TTC23
prerank,Central Nervous System Development (GO:0007417),-0.360322102168817,-0.9230195483618698,0.6970414201183432,1.0,1.0,62/262,16.29%,ZNF335;TAGLN3;ADAM23;GRIK1;MAP1S;UBE3A;SHC3;CNTN5;GRIN2B;ATP6AP2;NPAS1;COX7B;SMG9;NRCAM;DCLK1;SLC23A2;ELP3;ADGRL2;SH3GL2;SLC6A17;TPP1;CA10;S100B;ASIC2;SEMA6B;ANKLE2;MAST1;CNTN4;NDRG4;APLP2;NNAT;RTN3;NCKAP1;IL1RAPL2;SERPINI1;CNTN1;BTD;FOXG1;DNAJC30;CNTNAP2;RAB18;ROBO2;GRIN2A;CDK5;CDH2;SNTG2;PBX3;POU6F2;MOG;APP;RTN1;PLXNB2;SLC8A3;CDK5R2;AHI1;DCX;ATXN1;ZFHX2;NPTX1;LOXL3;CNTN6;UFC1
prerank,Regulation Of Microtubule Polymerization (GO:0031113),0.40572867504835225,0.9228977213532348,0.5870206489675516,1.0,1.0,12/40,11.39%,CAMSAP1;DYRK1A;CAMSAP2;NAV3;AKAP9;MAPRE3;OCLN;CAMSAP3;TOGARAM1;SNCA;SLAIN1;SLAIN2
prerank,Positive Regulation Of Ubiquitin-Protein Transferase Activity (GO:0051443),-0.4812227706710553,-0.9228039256309876,0.5585443037974683,1.0,1.0,8/24,11.43%,DCUN1D2;FBXW7;PIN1;BMI1;SKP1;UBE2L3;UBE2N;BTRC
prerank,Mesonephric Tubule Development (GO:0072164),0.5203108674091588,0.922614484822395,0.5550351288056206,1.0,1.0,5/15,19.10%,NPNT;OXSR1;SLIT2;FGFR2;PKD2
prerank,Negative Regulation Of Peptide Hormone Secretion (GO:0090278),-0.5193989929003925,-0.9225404174276831,0.5853242320819113,1.0,1.0,4/16,6.31%,MIDN;KCNB1;CHGA;FFAR4
prerank,Cellular Response To Light Stimulus (GO:0071482),-0.4262345261236084,-0.9223820497646981,0.6008708272859217,1.0,1.0,12/57,12.74%,METTL3;EIF2S1;RHBDD1;DHX36;NOC2L;ATF4;RBX1;ATR;ERCC4;PCNA;INO80;CUL4B
prerank,Stem Cell Differentiation (GO:0048863),-0.45036525162791097,-0.9222332175562209,0.5988023952095808,1.0,1.0,10/39,19.49%,NELFB;GPM6A;UFL1;LRP6;METTL5;PUM1;SETD2;SFRP1;SETD6;MEF2C
prerank,Negative Regulation Of Tumor Necrosis Factor Superfamily Cytokine Production (GO:1903556),-0.4403977945803624,-0.9221595285632435,0.6156156156156156,1.0,1.0,8/42,12.36%,SIRPA;NFKBIL1;SYT11;TRIM27;SELENOS;CHRNA7;PTPN6;ARG2
prerank,Regulation Of Cytokine Production Involved In Inflammatory Response (GO:1900015),0.3969040365665973,0.9215787210110994,0.5795454545454546,1.0,1.0,7/41,10.10%,MAPK14;PER1;PPARA;ZC3H12A;STAT3;ADCY7;APPL1
prerank,Negative Regulation Of Cell Cycle (GO:0045786),-0.39610963427138024,-0.9215247073364018,0.6220689655172413,1.0,1.0,18/80,17.67%,CDKN1A;HEXIM1;IPO7;RNF167;BRINP1;TSPYL2;BTG2;CDKN2A;BTG3;BRINP2;ANGEL2;RRP8;LATS2;LATS1;RB1;APC;SIPA1;SIRT1
prerank,Regulation Of Double-Strand Break Repair Via Homologous Recombination (GO:0010569),-0.4067620547272195,-0.9215130620085812,0.6203059805285118,1.0,1.0,21/68,13.53%,OOEP;MORF4L2;PPP4C;ACTR2;PIAS4;MEAF6;SIRT6;KAT5;RPA2;FIGNL1;TRAPPC13;SHLD2;MRNIP;DMAP1;VPS72;SHLD1;KMT5A;EP400;EPC2;BRD8;FUS
prerank,Clathrin-Dependent Endocytosis (GO:0072583),-0.47859528431461934,-0.9212625836629883,0.5921259842519685,1.0,1.0,8/26,16.53%,AP2S1;SNAP91;AP2A2;PIP5K1C;FNBP1L;AP2M1;ITSN1;GPR107
prerank,Lipid Biosynthetic Process (GO:0008610),0.36501843172148585,0.9205654091616265,0.6133333333333333,1.0,1.0,16/69,13.71%,AGPAT5;HSD17B1;PRKAA1;GPAT4;CBR4;DHRS11;FDFT1;OXSM;PDSS2;SCP2;MLXIPL;LSS;MVK;AGPS;FDXR;LPCAT1
prerank,Regulation Of Protein Deacetylation (GO:0090311),0.5065490273090831,0.9205171517999858,0.5700712589073634,1.0,1.0,5/16,5.27%,DYRK1A;KAT2B;KAT2A;SGF29;NNMT
prerank,Regulation Of Neuroinflammatory Response (GO:0150077),-0.5191184608884832,-0.9204792017485848,0.5905383360522023,1.0,1.0,4/17,22.24%,TNFRSF1B;NR1D1;TREM2;PLCG2
prerank,Peptidyl-Lysine Modification (GO:0018205),-0.40180051826755825,-0.9202385882795245,0.6315049226441631,1.0,1.0,17/82,8.41%,BCL11A;PARK7;STX1A;HINT1;SENP5;SIRT3;PIAS4;NDUFAB1;SIRT5;TRIM27;KAT5;UBA2;SAE1;SLF2;PLOD3;UBE2I;NNAT
prerank,Positive Regulation Of Ras Protein Signal Transduction (GO:0046579),0.3914487205249956,0.9199031474751921,0.5572755417956656,1.0,1.0,9/50,12.86%,AUTS2;MAPRE2;ARHGEF3;PIK3CG;AKAP13;LPAR1;P2RY8;RASGRP4;MMD2
prerank,Protein Localization To Cell Surface (GO:0034394),-0.48246200485461904,-0.9198564996842411,0.6167471819645732,1.0,1.0,8/26,14.13%,MESD;RIC3;GGA1;PRRT1;UNC50;ANK2;GPIHBP1;GGA2
prerank,Leukocyte Cell-Cell Adhesion (GO:0007159),-0.4733142311716482,-0.9195584882311084,0.6101973684210527,1.0,1.0,8/27,14.73%,ITGB1;TNIP1;OLR1;MSN;EZR;SELL;FERMT3;ICAM1
prerank,Protein Import Into Nucleus (GO:0006606),-0.40857297978562696,-0.9192827531117157,0.6073446327683616,1.0,1.0,20/75,15.22%,HEATR3;IPO7;NUP155;RANBP6;IPO9;EIF4ENIF1;SEC13;RANBP17;PRICKLE1;APLP2;NUP85;RAN;NUP35;KPNA2;KPNA4;RANGRF;RGPD8;FAM53C;STK4;BCL3
prerank,Negative Regulation Of Protein Modification By Small Protein Conjugation Or Removal (GO:1903321),0.38752701462498496,0.9191163369815892,0.6413373860182371,1.0,1.0,13/50,9.80%,SMAD7;CTNNB1;SIRT7;SPOPL;PRMT3;PIAS3;USP4;CRY1;CHP1;PINX1;IVNS1ABP;NXN;BAG5
prerank,Regulation Of Long-Term Synaptic Potentiation (GO:1900271),-0.47568006579297534,-0.9190406734846216,0.5959752321981424,1.0,1.0,18/29,21.64%,CYP46A1;EPHA4;FAM107A;LILRB2;LGMN;CHRNA7;AGER;ADCY8;APP;NSG1;YTHDF1;TYROBP;ADCY1;EIF2AK4;RELN;EPHB2;SHISA7;AKAP5
prerank,Positive Regulation Of Leukocyte Adhesion To Vascular Endothelial Cell (GO:1904996),-0.5166826050423119,-0.9188570624882925,0.5972222222222222,1.0,1.0,4/16,19.30%,ETS1;NFAT5;RELA;ITGB2
prerank,Male Meiosis I (GO:0007141),-0.5397327494159343,-0.9187359853269257,0.6110154905335629,1.0,1.0,1/15,1.12%,FOXJ2
prerank,Blood Vessel Endothelial Cell Migration (GO:0043534),-0.4933193991648977,-0.9185888378592403,0.5812395309882747,1.0,1.0,2/22,9.91%,NELL1;SRF
prerank,Nuclear RNA Surveillance (GO:0071027),-0.5806854031455206,-0.9185275929749039,0.6147260273972602,1.0,1.0,3/10,7.13%,EXOSC8;WDR82;EXOSC4
prerank,Modulation By Host Of Symbiont Process (GO:0051851),0.40496406660311085,0.9184750937319229,0.5821325648414986,1.0,1.0,10/40,11.62%,SMARCB1;TFAP4;CHD1;SAP30;CDC42;REST;HDAC1;ROCK2;CTDP1;TAF11
prerank,Negative Regulation Of Phagocytosis (GO:0050765),-0.534062849971878,-0.9184738998167139,0.5977382875605816,1.0,1.0,3/15,4.72%,SIRPA;SYT11;CD300A
prerank,Regulation Of Programmed Cell Death (GO:0043067),-0.3720310863688741,-0.9183361124310495,0.6683354192740926,1.0,1.0,39/165,13.81%,TMEM109;RBM25;USP36;MOAP1;MORF4L2;BIRC2;RSL1D1;NF2;BCL2L11;TOMM70;BEX1;MEAF6;TNFRSF25;IFT57;KAT5;VCP;ACTN1;MAGED1;ANP32B;HS1BP3;CLU;LGALS1;PSMC5;MAP3K20;CALR;DAPK1;DMAP1;HSP90AA1;TPT1;VPS72;TM7SF3;PTPN6;USP42;EP400;EPC2;CDK5;HAX1;BRD8;NAE1
prerank,Regulation Of Calcium-Mediated Signaling (GO:0050848),-0.47150913089114516,-0.9183278897085826,0.5876132930513596,1.0,1.0,5/29,6.34%,PLEK;NEUROD2;CDH13;RIT2;HTT
prerank,Regulation Of Nuclear Division (GO:0051783),-0.5044232351866232,-0.9182907420398944,0.5970394736842105,1.0,1.0,8/19,21.48%,PIN1;CUL9;OBSL1;DAPK3;L3MBTL1;RCC1;KIF20B;PRMT5
prerank,Negative Regulation Of Interleukin-1 Beta Production (GO:0032691),0.4648684197364284,0.9182450334715855,0.574025974025974,1.0,1.0,3/22,4.16%,CARD8;ZC3H12A;SERPINB1
prerank,Positive Regulation Of TORC1 Signaling (GO:1904263),-0.47952808406571557,-0.9181246937105559,0.6044303797468354,1.0,1.0,9/25,11.19%,GPR137B;PIP4P1;RNF167;LAMTOR5;SEC13;SEH1L;GPR137C;MIOS;SESN2
prerank,Regulation Of Execution Phase Of Apoptosis (GO:1900117),0.4837395309895711,0.9179518872631451,0.5813333333333334,1.0,1.0,3/18,6.35%,ZC3H12A;TP53BP2;BOK
prerank,Signal Transduction By P53 Class Mediator (GO:0072331),0.4221031048863658,0.9178757584464167,0.5686274509803921,1.0,1.0,8/31,8.74%,ATRX;MDM4;MYO6;NDRG1;TP53BP2;BOK;STK11;FHIT
prerank,Regulation Of Vasoconstriction (GO:0019229),-0.5049052226037442,-0.9178584608001882,0.5894736842105263,1.0,1.0,3/20,9.94%,BMPR2;ATP2B1;CHRM3
prerank,Response To Molecule Of Bacterial Origin (GO:0002237),0.37240757957746135,0.9178263502083365,0.6121794871794872,1.0,1.0,22/65,19.48%,FER;IRAK3;MAPKAPK2;TAB2;RPS6KA3;FOXP1;SNCA;ERBIN;NOS1;AHR;TNFRSF11A;HMGB2;SRR;PELI1;IRF5;HNRNPA0;IRAK1;PRDX3;SMAD6;JAK2;FCGR2B;IFNAR1
prerank,Positive Regulation Of Plasma Membrane Bounded Cell Projection Assembly (GO:0120034),-0.39942487651092634,-0.9176142203928734,0.6439499304589708,1.0,1.0,27/83,14.57%,NELL1;TENM2;ACTR2;AVIL;TENM1;GPM6A;RALA;ARPC2;HTT;AGRN;FAM98A;HRAS;NCKAP1;KCTD17;WASL;MIEN1;IFT20;PLPPR5;RAC1;FNBP1L;ARHGAP35;PALM;PLCE1;NDEL1;RHOQ;NEURL1;RIPOR2
prerank,Recombinational Repair (GO:0000725),0.3627994101280758,0.9175777286855364,0.6425992779783394,1.0,1.0,26/86,12.32%,SMC5;MMS22L;NABP2;RAD51B;RECQL;HELQ;SFR1;MORF4L1;REV3L;MCM9;XRCC2;KDM4D;TONSL;RFWD3;BLM;SPIDR;RECQL4;SFPQ;EPC1;FBH1;MEIOB;MRE11;FSCN1;SWSAP1;BRCA2;NSMCE1
prerank,T Cell Migration (GO:0072678),0.5088322242534686,0.9175329942739477,0.5463659147869674,1.0,1.0,2/16,12.92%,PIK3CG;SLC12A2
prerank,Microtubule Polymerization (GO:0046785),-0.45000450999042485,-0.9174187379110386,0.6006191950464397,1.0,1.0,16/34,17.98%,CCDC57;PIN1;CKAP5;MAP7D3;FGF13;SSNA1;TUBGCP6;CENPJ;NDEL1;GOLGA2;MAP4;TUBG2;ZNF207;NEDD1;MAPT;TUBG1
prerank,Regulation Of Cysteine-Type Endopeptidase Activity Involved In Apoptotic Process (GO:0043281),-0.39857060278653084,-0.9166393748076678,0.6310013717421125,1.0,1.0,15/80,12.66%,GRAMD4;BCAP31;CDKN2D;CYCS;HGF;LAMTOR5;CD44;FIS1;PPM1F;DDX3X;SOX2;DAPK1;IGBP1;CARD16;SRC
prerank,Positive Regulation Of Receptor-Mediated Endocytosis (GO:0048260),0.41925648214238537,0.916385248414352,0.5659340659340659,1.0,1.0,12/37,15.16%,CBL;TBC1D5;DAB2;HIP1;HNRNPK;SERPINE1;INSR;ATAD1;HFE;ARRB2;ANGPT1;ANXA2
prerank,Positive Regulation Of Viral Life Cycle (GO:1903902),0.4464412267654352,0.9149326231207638,0.5662337662337662,1.0,1.0,5/22,13.12%,TRIM11;TMPRSS4;TSG101;HMGB1;SMPD1
prerank,Regulation Of Cellular Senescence (GO:2000772),0.42650910391780866,0.914707662095369,0.5912806539509536,1.0,1.0,13/32,17.79%,FZR1;AKT3;NEK4;FBXO5;ING2;ZKSCAN3;VASH1;CDK6;RBL1;TERF2;CGAS;NUAK1;TP53
prerank,Digestive Tract Morphogenesis (GO:0048546),-0.5551792800781836,-0.9146589934724254,0.5834767641996558,1.0,1.0,2/12,9.67%,ID2;BBS7
prerank,Negative Regulation Of Fat Cell Differentiation (GO:0045599),0.42999676248164537,0.9146376729647305,0.5555555555555556,1.0,1.0,8/28,14.96%,FOXO1;TRIO;WNT10B;ZFP36L2;WNT5A;YAP1;FERMT2;ANKRD26
prerank,Response To Ionizing Radiation (GO:0010212),0.377093905523029,0.9146142183246472,0.5760517799352751,1.0,1.0,18/67,11.76%,MAPK14;DEPDC1B;NABP2;ATM;TANK;PRKAA1;RAD9B;BARD1;KDM4D;STK11;TNKS1BP1;RFWD3;BLM;SPIDR;ECT2;MEN1;BRCA2;BRAT1
prerank,Endoplasmic Reticulum To Golgi Vesicle-Mediated Transport (GO:0006888),-0.38788494689745007,-0.9144738121112905,0.6478076379066479,1.0,1.0,27/104,13.79%,CNIH4;BCAP31;PREB;TMED2;RAB29;TMED4;LMAN2;VAPA;BCAP29;TFG;YIF1B;TRAPPC6B;SAR1B;SEC13;TRAPPC13;KLHL12;ERGIC1;GBF1;ATL3;TBC1D20;COPE;TRAPPC2L;TMED5;RANGRF;GOLGA2;ARCN1;TRAPPC4
prerank,Extracellular Structure Organization (GO:0043062),-0.39102165221044194,-0.9144212042617801,0.6542056074766355,1.0,1.0,10/101,7.05%,GFOD2;MMP17;TGFBR1;COL23A1;COL5A2;COL5A1;ADAMTS8;COL24A1;COL11A1;MMP28
prerank,Cardiac Muscle Cell Membrane Repolarization (GO:0099622),-0.5834741617661605,-0.9142245767901402,0.6070826306913997,1.0,1.0,3/10,13.39%,ATP1B1;KCNJ5;YWHAE
prerank,Myoblast Fusion (GO:0007520),-0.5253101162436978,-0.9141697504690351,0.5963756177924218,1.0,1.0,2/16,3.17%,KCNH1;ITGB1
prerank,Adult Locomotory Behavior (GO:0008344),0.5637782621890424,0.9141283871995036,0.5802752293577982,1.0,1.0,2/10,9.14%,PRKN;DRD1
prerank,Establishment Of Protein Localization To Plasma Membrane (GO:0061951),0.4183280711637321,0.913884569131571,0.5863013698630137,1.0,1.0,13/34,14.99%,GORASP1;NECTIN3;GOLPH3L;MACF1;NSF;GOLPH3;GCC2;BBS2;GOLGA7;RDX;OPTN;ARFRP1;ANK3
prerank,Kinetochore Organization (GO:0051383),0.5635935040138795,0.913529924517959,0.55125284738041,1.0,1.0,3/10,10.74%,CENPE;MIS12;NUF2
prerank,Response To BMP (GO:0071772),-0.491933187466219,-0.9134104339821327,0.6135593220338983,1.0,1.0,7/21,17.79%,ACVR2A;BMPR2;BMPR1A;BMPR1B;VSTM2A;SFRP1;SMAD9
prerank,Cellular Response To Cytokine Stimulus (GO:0071345),-0.35601535356037606,-0.9130721722813038,0.7302709069493521,1.0,1.0,59/260,17.95%,CRLF1;NUMBL;CCR1;CAMK2A;IRF1;GAPDH;SIRPA;IL6R;STAT4;ZFAND6;CD40;TNFRSF1A;IKBKB;LILRB2;EBI3;IL4R;IL21R;SMPD4;EPOR;CALM1;IL7;TNFRSF21;UPF1;PTPRT;ZFP36;YBX3;PNPT1;CIB1;IFITM2;DAPK1;GSDME;CXCL12;XBP1;PTPN6;LILRA1;IL1A;ST3GAL6;HAX1;MT1X;UBE2G2;NFAT5;RIPOR2;AIF1;CD58;SBNO2;RPS3;IL11RA;HCK;PID1;RELA;CX3CL1;USP10;TRADD;RPL13A;SFRP1;SIRT1;CACTIN;NR1D1;GSK3A
prerank,Organelle Fusion (GO:0048284),0.44028623809142803,0.913038822086374,0.6204188481675392,1.0,1.0,9/26,15.68%,USP30;CHCHD3;MFN1;PLD6;STX4;STX3;MCL1;VPS18;MIEF1
prerank,Positive Regulation Of B Cell Activation (GO:0050871),-0.4252124061100165,-0.91300705790823,0.6439169139465876,1.0,1.0,17/50,20.65%,VAV3;CD40;HMCES;IL7;TRAPPC13;SHLD2;PAXIP1;KMT5B;SHLD1;XBP1;TNIP2;TFRC;CD74;CD81;MEF2C;TNFSF13B;EPHB2
prerank,Positive Regulation Of Vascular Endothelial Growth Factor Production (GO:0010575),-0.48684403655072067,-0.9129295688940425,0.6218354430379747,1.0,1.0,4/23,12.23%,EIF2AK3;RORA;ATF4;IL1A
prerank,"Chemical Synaptic Transmission, Postsynaptic (GO:0099565)",0.469504353277129,0.912662758108563,0.5826771653543307,1.0,1.0,6/21,14.01%,GRID2;RAB3GAP1;GRIN2D;NLGN3;ARRB2;LRRK2
prerank,Branching Involved In Blood Vessel Morphogenesis (GO:0001569),-0.5539162710807454,-0.9124469101629648,0.6325503355704698,1.0,1.0,2/12,5.39%,NELL1;SEMA3E
prerank,Cellular Response To Steroid Hormone Stimulus (GO:0071383),-0.47493783089696684,-0.9124456889981789,0.6,1.0,1.0,5/25,15.79%,ATP1A1;UBE2L3;ATP1A2;SRC;TRERF1
prerank,Steroid Biosynthetic Process (GO:0006694),0.39370858703100453,0.9124023764280141,0.6390532544378699,1.0,1.0,14/48,14.37%,HSD17B1;CYP7B1;DHRS11;FDFT1;HSD3B7;PRKAG2;SCP2;OSBPL1A;LSS;OSBPL9;OSBPL3;ACOT8;FDXR;FAXDC2
prerank,Intracellular Calcium Ion Homeostasis (GO:0006874),-0.38056272681271247,-0.9123726232351106,0.6745098039215687,1.0,1.0,29/127,16.81%,ATP2B2;CCR1;AFG3L2;ATP2B3;TRPC5;TRPC1;RMDN3;ATP1B1;CD40;ATP2A2;ATP13A3;ATP2B4;ATP2B1;TRPM2;CALR;KCTD17;CHRNA7;TPT1;SMDT1;CXCL12;ANK2;TMCO1;YWHAE;HTR2A;SLC8A3;SLC8A2;RYR2;NPTN;TPCN2
prerank,Formation Of Extrachromosomal Circular DNA (GO:0001325),-0.5826097013716565,-0.9123323281030616,0.6114754098360655,1.0,1.0,3/10,16.55%,NBN;SMARCAL1;WRN
prerank,Telomere Maintenance Via Telomere Trimming (GO:0090737),-0.5826097013716565,-0.9123323281030616,0.6114754098360655,1.0,1.0,3/10,16.55%,NBN;SMARCAL1;WRN
prerank,T-Circle Formation (GO:0090656),-0.5826097013716565,-0.9123323281030616,0.6114754098360655,1.0,1.0,3/10,16.55%,NBN;SMARCAL1;WRN
prerank,3'-UTR-mediated mRNA Destabilization (GO:0061158),0.5059792740573933,0.9121661133617979,0.550251256281407,1.0,1.0,4/15,9.27%,MOV10;ZC3H12A;ZFP36L2;KHSRP
prerank,Positive Regulation Of Defense Response (GO:0031349),-0.38633049416415777,-0.9116993911957605,0.6688829787234043,1.0,1.0,32/109,20.89%,RIOK3;MYO1C;TLR7;TNFRSF1A;GRN;AKIRIN2;TNIP1;POLR3F;S100A9;S100A8;TRIM56;LGALS1;POLR3B;CASP4;ETS1;CYBA;IL17RA;APP;IFI35;CX3CL1;TRADD;NFKBIZ;LCP1;PLA2G7;SETD4;NINJ1;NLRP3;MEF2C;FADD;NLRP1;NPAS2;ZP3
prerank,Negative Regulation Of Tumor Necrosis Factor Production (GO:0032720),-0.44040715651585327,-0.9116318706496956,0.6288343558282209,1.0,1.0,8/40,12.36%,SIRPA;NFKBIL1;SYT11;TRIM27;SELENOS;CHRNA7;PTPN6;ARG2
prerank,Positive Regulation Of Metabolic Process (GO:0009893),0.3534650121957884,0.911150206858638,0.6642599277978339,1.0,1.0,35/96,18.53%,ADIPOR2;EHMT1;KDM3A;STAT6;PRKAB2;PRDM16;GATM;GADD45G;HCRT;PPARGC1B;CAMK1D;CNOT3;INSR;TRPV2;PDGFC;THRA;FH;GJA1;ZNF516;KDM6B;SCD;TSHR;DECR1;OGT;ELOVL6;IGF1R;IL18;ALMS1;SYK;HSF1;GHRL;MFN2;CXCR4;GRB10;JAK2
prerank,Regulation Of Cellular Catabolic Process (GO:0031329),0.3787671483222823,0.910885276144115,0.6282894736842105,1.0,1.0,17/61,11.15%,ITPR1;RAB8A;PRKN;KAT8;UVRAG;SOGA1;DRAM2;ATM;PIK3C3;WAC;BOK;DEPP1;USP33;PIP4K2A;KEAP1;PIP4K2B;ROCK1
prerank,Phospholipid Transport (GO:0015914),0.38786070946951207,0.9108590067656269,0.6426332288401254,1.0,1.0,15/53,11.58%,SCARB1;ATP8B2;MTTP;PCTP;SCARB2;ABCG1;ATP10A;ABCB1;PITPNM1;ATP8B3;SCP2;OSBPL5;ATP11A;ABCC1;ATP8A1
prerank,Catecholamine Biosynthetic Process (GO:0042423),0.5642337049370478,0.9107588315636678,0.6009174311926605,1.0,1.0,2/10,8.40%,TGFB2;SNCA
prerank,NAD Metabolic Process (GO:0019674),-0.4884256731949135,-0.9105718534833015,0.6013071895424836,1.0,1.0,7/22,10.40%,MDH1;KRT17;NMNAT2;VCP;NUDT12;NMNAT3;NAMPT
prerank,Regulation Of Microtubule-Based Process (GO:0032886),0.4016095722902238,0.9104639960545104,0.6379821958456974,1.0,1.0,19/40,18.93%,BICD2;AURKA;MACF1;PRKAA1;CAMSAP3;CYLD;TAOK1;ROCK1;TPPP;MPDZ;PHLDB1;MEMO1;CCNL2;MARK4;MARK2;CLASP2;GSK3B;HDAC6;CDK2AP2
prerank,Mitochondrial Fusion (GO:0008053),0.4756681110337101,0.9104538433710183,0.5788177339901478,1.0,1.0,4/18,3.43%,USP30;CHCHD3;MFN1;PLD6
prerank,Myeloid Leukocyte Differentiation (GO:0002573),0.37414223178664996,0.910070154444836,0.6214285714285714,1.0,1.0,13/65,16.57%,MAPK14;FARP2;GAB2;CASP8;CDC42;FOXP1;CBFA2T3;TGFBR2;THOC5;TNFRSF11A;CASP10;PARP1;SPI1
prerank,Apoptotic Mitochondrial Changes (GO:0008637),-0.44777298967035695,-0.9098297294898905,0.6152694610778443,1.0,1.0,12/34,17.72%,CAMK2A;FIS1;CLU;BID;THEM4;DNM1L;MFF;CCAR2;TIMM50;BAD;HSPD1;HK2
prerank,Activin Receptor Signaling Pathway (GO:0032924),-0.5322427156425262,-0.9096947452922038,0.5899653979238755,1.0,1.0,3/14,8.09%,TGFBR1;ACVR2A;SMAD3
prerank,Phospholipid Metabolic Process (GO:0006644),-0.4139490477021273,-0.9094906725611457,0.6424418604651163,1.0,1.0,17/57,13.55%,AGPAT2;GPX4;PIP4P1;PLPPR4;PGPEP1;PLPP1;PLD2;PIP5K1A;ACP6;ABHD12;PLA2G4C;PLPPR5;PLA2G15;PLPP3;PLB1;PLBD2;PLAA
prerank,Cellular Component Maintenance (GO:0043954),0.5379256110662138,0.9090855530361901,0.5683453237410072,1.0,1.0,7/12,19.34%,ITGA3;INSR;IGF1R;TPRN;PICK1;MTMR2;FYN
prerank,Protein Tetramerization (GO:0051262),-0.4087337569597716,-0.9089519121803343,0.645021645021645,1.0,1.0,20/71,14.98%,ACOT13;GRIN2B;ALDH9A1;THG1L;HCN1;USP16;APLP2;CLU;HSD17B10;SHMT2;HPRT1;GLS;NUDT21;FARSB;FARSA;KCNC1;CBY1;HLA-DRB1;GOLGA2;HOMER1
prerank,Regulation Of Signal Transduction (GO:0009966),-0.36733220232922037,-0.9088779258166156,0.7204030226700252,1.0,1.0,53/187,18.21%,YJEFN3;MTCH1;RGS4;NELL1;PRAG1;KCTD16;RGS11;ZFAND2B;UBASH3B;PLCB1;RGS7;ITGB1BP1;RORA;LLGL2;GNG4;TSPYL2;TMEM108;CLU;SP100;INTU;YWHAG;SREBF2;CHRNA7;LURAP1L;DTNBP1;RGS16;PPP2R1A;IGFBP5;USP20;DYNLT1;SRC;FRRS1L;PLCE1;APP;NCLN;SLC8A3;HOMER1;PTPN1;NCK2;TMEM237;PXN;SUMO1;PRNP;SLC8A2;GRK5;CX3CL1;GIT1;SNX3;RIC8B;SIRT1;RGS6;CD63;PPIA
prerank,Negative Regulation Of Intracellular Protein Transport (GO:0090317),-0.49219283901367705,-0.9086791101861688,0.6168521462639109,1.0,1.0,6/22,8.78%,PARK7;SIRT6;GDI1;ITGB1BP1;RAB23;SP100
prerank,Activation Of NF-kappaB-inducing Kinase Activity (GO:0007250),0.5218431381840039,0.9085274328520283,0.5868544600938967,1.0,1.0,8/13,17.16%,MALT1;CHI3L1;CARD14;TRAF2;TLR3;MAP3K7;IRAK1;TNFRSF10B
prerank,Cellular Defense Response (GO:0006968),-0.4350979489431137,-0.9083550844691425,0.5996835443037974,1.0,1.0,9/40,16.14%,CLEC5A;ITGB1;LILRB2;RAB23;C5AR1;NCF1;BECN1;TYROBP;RELA
prerank,Oligosaccharide Metabolic Process (GO:0009311),-0.43627290478083275,-0.9083205750448742,0.6296851574212894,1.0,1.0,8/41,15.70%,ST6GALNAC5;MAN1B1;ST8SIA5;ST8SIA3;ST6GAL2;ST3GAL2;ST3GAL6;GAL3ST4
prerank,Negative Regulation Of Blood Vessel Morphogenesis (GO:2000181),-0.4118193130953398,-0.9081521009319958,0.6556195965417867,1.0,1.0,17/65,17.08%,YJEFN3;MECP2;AGO1;FOXJ2;SEMA3E;NRG1;ATP2B4;ADGRB1;SPRED1;NAXE;KRIT1;STAB1;ATF2;SERPINF1;COL4A3;EFNA3;RGCC
prerank,Regulation Of Clathrin-Dependent Endocytosis (GO:2000369),-0.5529245912788259,-0.9080013186959134,0.61,1.0,1.0,5/12,12.29%,SNAP91;DGKD;WASL;UBQLN2;UNC45A
prerank,Endoplasmic Reticulum Organization (GO:0007029),-0.4207640439734007,-0.9079489550497793,0.6325925925925926,1.0,1.0,21/50,18.31%,TOR1B;EIF2AK3;VAPA;REEP1;VCPIP1;SMPD4;JAGN1;LPCAT3;REEP5;RTN3;ATL3;TRAM1;RAB18;TOR1AIP2;DNM1L;LNPK;STX18;CAMLG;BNIP1;TMEM33;RETREG3
prerank,Negative Regulation Of Intracellular Signal Transduction (GO:1902532),0.32021020918931187,0.9076164821871298,0.844311377245509,1.0,1.0,38/211,9.97%,MAPK14;DUSP16;LIMD1;ITPR1;PER1;DEPTOR;RFFL;PDE3A;PIK3IP1;SLC24A4;CD2AP;PBLD;PPARA;CARD8;BANK1;ZC3H12A;URI1;NF1;ARHGAP12;UACA;TANK;GPD1L;PRKAA1;BCL2;CASP8;EPM2A;DDIT4;DUSP3;P2RX7;ZMYND11;CD22;SLC9A3R1;DUSP7;MDM2;STAT1;CYLD;HDAC9;NUAK2
prerank,Cholesterol Transport (GO:0030301),0.3945682054280344,0.9074707032228589,0.6545961002785515,1.0,1.0,13/44,20.63%,SCARB1;ABCG1;STARD3;LIPG;OSBPL5;STX12;APOC1;STARD4;NPC2;SOAT1;VPS4A;NPC1;OSBPL2
prerank,Positive Regulation Of Neuron Differentiation (GO:0045666),-0.4408478907493652,-0.9073100149831198,0.6253687315634219,1.0,1.0,8/38,11.91%,NBL1;PCP4;NEUROD2;NRCAM;BRINP2;MMD;VWC2;CPNE1
prerank,Carbohydrate Derivative Catabolic Process (GO:1901136),0.5071343499095134,0.907264568584628,0.5788177339901478,1.0,1.0,6/15,10.38%,DERA;NGLY1;STT3B;BPGM;OGA;FBXO6
prerank,Negative Regulation Of Synaptic Transmission (GO:0050805),-0.5185898673556975,-0.9070240317273194,0.5915254237288136,1.0,1.0,4/15,11.93%,SHANK2;HCN1;PRRT1;STXBP1
prerank,Pharyngeal System Development (GO:0060037),-0.5439254314989177,-0.9069676953440718,0.6153846153846154,1.0,1.0,3/13,13.56%,TGFBR1;BMPR2;BMPR1A
prerank,Positive Regulation Of Protein Localization To Membrane (GO:1905477),-0.39605452086792947,-0.9068901662899596,0.6454802259887006,1.0,1.0,22/77,14.90%,PRKCI;DPP10;KCNB1;RHOG;MYO1C;ITGB1;SORBS1;TCAF1;ITGB1BP1;PLS1;FIS1;ATP2B4;HRAS;ZDHHC8;CIB1;MFF;WNK3;RANGRF;STAC2;ZDHHC5;EFCAB7;MAPK8
prerank,Positive Regulation Of T Cell Proliferation (GO:0042102),-0.41076350138203965,-0.9068169295169715,0.6497890295358649,1.0,1.0,15/57,20.89%,SLC7A1;TMIGD2;LILRB2;EBI3;CD276;PPP3CA;ANXA1;AIF1;RPS3;NCK2;TFRC;FADD;PDCD1LG2;HLA-DPA1;ZP3
prerank,Antiviral Innate Immune Response (GO:0140374),0.41823876310824015,0.9064891947751145,0.6057971014492753,1.0,1.0,4/37,3.61%,SENP7;IFIH1;CARD8;IFIT2
prerank,Negative Regulation Of Viral Genome Replication (GO:0045071),-0.42849642255058756,-0.9062758870007793,0.6158536585365854,1.0,1.0,12/43,12.55%,ZNFX1;EIF2AK2;TNIP1;SETDB1;IFIT5;SRPK1;BANF1;IFITM2;IFITM3;BST2;MX1;ISG15
prerank,Positive Regulation Of Transmembrane Transport (GO:0034764),0.5087937224724663,0.9062436948448892,0.5555555555555556,1.0,1.0,4/14,7.75%,CA2;C2CD5;P2RX7;SLC26A6
prerank,Protein Heterooligomerization (GO:0051291),0.47734488032057376,0.9057703689475182,0.6086956521739131,1.0,1.0,7/19,11.18%,ZNF746;CPSF7;CPSF6;MAT2A;CBR4;TMEM120A;KRT10
prerank,Negative Regulation Of Interleukin-1 Production (GO:0032692),0.43518905873916713,0.9054769652670207,0.5725593667546174,1.0,1.0,3/26,4.16%,CARD8;ZC3H12A;SERPINB1
prerank,Regulation Of Myeloid Cell Differentiation (GO:0045637),0.4576611532911472,0.9053543446720961,0.5879120879120879,1.0,1.0,6/22,13.58%,ZBTB16;PRMT1;MEIS1;MEIS2;CDK6;PURB
prerank,Negative Regulation Of Cell Migration (GO:0030336),0.3296727456878911,0.9048218083004435,0.8133333333333334,1.0,1.0,40/150,15.03%,ADARB1;SMAD7;ARID2;BRMS1;NF1;ARID4A;NAV3;NEDD9;TP53INP1;DUSP22;SAP30;ARID4B;DUSP3;ING1;LDLRAD4;JAG1;SERPINE1;BRMS1L;HDAC1;ING2;CDH1;CDH11;TMEFF2;SINHCAF;SUDS3;RAP2B;SULF1;LIMCH1;KANK1;GJA1;MITF;ALOX15B;SAP30L;RBBP7;CLIC4;PTPRU;OGT;RHOB;FOXO3;RAP2A
prerank,Negative Regulation Of Protein Ubiquitination (GO:0031397),0.3838676983572433,0.9044786817936992,0.6221498371335505,1.0,1.0,15/51,10.04%,SMAD7;SIRT7;SPOPL;PRMT3;USP4;CRY1;CHP1;TAF1;FBXO5;DTX3L;PINX1;IVNS1ABP;NXN;BAG5;BUB3
prerank,Positive Regulation Of Apoptotic Process (GO:0043065),-0.3545059196235626,-0.9040753076186901,0.7491166077738516,1.0,1.0,73/253,17.88%,SOD1;MLLT11;MTCH1;STPG1;MOAP1;JUN;MAP3K11;CTSL;PTRH2;ITGB1;OLFM1;TGFBR1;BCL2L11;DDIT3;GRN;CARM1;TCTN3;HTT;AIFM2;NRG1;DYNLL1;DNAJA1;RNPS1;CSRNP3;RPS6;CTSS;FAM162A;CLU;DDX3X;ATF4;LGALS1;MAP3K20;SPHK2;APBB1;BID;DAPK1;MAP3K10;ITGA6;BIN1;PNMA1;DNM1L;PRR7;CDK5;CALHM2;PAWR;SLC27A4;CCAR2;C1QBP;ERCC3;NEURL1;ATG7;QRICH1;LATS2;CTSH;MAPK8;STK4;LATS1;BAD;RPS3;PRNP;HSPD1;APC;TNFRSF10A;TRADD;SAP18;DNM2;SFRP1;ZNF268;KCNMA1;SIRT1;UNC13B;SIRT2;BCLAF1
prerank,snRNA Metabolic Process (GO:0016073),0.46419328897545015,0.9040608407584454,0.5552763819095478,1.0,1.0,8/20,13.42%,INTS6;INTS2;INTS13;INTS14;INTS12;USPL1;INTS11;INTS4
prerank,DNA-templated Transcription (GO:0006351),0.31840807604830335,0.903954671203848,0.8907103825136612,1.0,1.0,52/184,13.19%,ZNF141;GTF2H2;PPP5C;TAF4;GTF2H1;TAF1B;TRIP11;RBMX;TCEANC2;POLRMT;PKNOX1;COPS2;TAF5;MNT;SMAD4;TAF13;HIPK3;TCFL5;GTF2E2;NFIX;NFIC;NAT14;BAZ2A;TFAM;TAF12;UBTF;ZFP36L2;TAF1;TOPORS;TAF7;ZNF345;TAF6;GTF3C3;MAF;DEK;IVNS1ABP;DIDO1;EPC1;SLC25A33;PHF3;MTERF1;SCX;POLR2I;ERCC6;THRA;TAF11;CCNK;CREBL2;GTF3A;SETX;POLR3G;TAF10
prerank,Positive Regulation Of Cell-Cell Adhesion (GO:0022409),-0.4313872151025991,-0.903761626149531,0.6262924667651403,1.0,1.0,12/40,18.84%,FSTL3;THY1;CD44;FLOT1;CITED2;PLPP3;AGER;RNASE10;PIEZO1;CX3CL1;SERPINF2;PLAUR
prerank,Regulation Of Metal Ion Transport (GO:0010959),0.41277991911395906,0.9037035792420458,0.6296296296296297,1.0,1.0,11/34,14.99%,PER1;BCL2;NKAIN3;WNK1;P2RX7;EPB41;NOS1;IL16;NKAIN1;HFE;ANK3
prerank,Facultative Heterochromatin Formation (GO:0140718),0.5241155115495262,0.9032849157264633,0.5278450363196125,1.0,1.0,3/12,8.55%,HELLS;MBD2;HDAC1
prerank,Secretory Granule Organization (GO:0033363),-0.483377868844166,-0.9029396168386169,0.6225490196078431,1.0,1.0,10/22,12.07%,HPS5;AP1S1;AP1S2;AP3S2;HPS1;AP3S1;AP3D1;AP1S3;DTNBP1;AP1M1
prerank,Transforming Growth Factor Beta Receptor Signaling Pathway (GO:0007179),-0.4074367277974706,-0.9028318941389913,0.6734104046242775,1.0,1.0,12/69,10.23%,SKI;ZYX;JUN;FNTA;ITGB1;TGFBR1;ITGB5;TGFBRAP1;SMAD3;APLP2;GPI;ZMIZ2
prerank,Steroid Metabolic Process (GO:0008202),0.3546392619927063,0.9028113780130097,0.6915584415584416,1.0,1.0,14/78,13.49%,HSD17B1;CYP7B1;DHRS11;FDFT1;STARD3;CYP4V2;HSD11B1;CYP2R1;HSD17B6;SCP2;LSS;LRP2;DHCR24;FDXR
prerank,Nuclear Pore Organization (GO:0006999),0.495210820831841,0.9023267111370695,0.5775656324582339,1.0,1.0,4/14,10.76%,FXR1;NUP133;NUP153;NUP205
prerank,Regulation Of Extracellular Matrix Organization (GO:1903053),0.4530213544827474,0.9023199307301747,0.5902061855670103,1.0,1.0,4/23,10.81%,DDR1;TIE1;LAMA2;LAMB2
prerank,Lysosomal Transport (GO:0007041),-0.3833482418166019,-0.9022913397230914,0.6885474860335196,1.0,1.0,36/97,18.79%,LAPTM5;VPS53;PSAP;ALS2;SNAPIN;NCOA4;CHMP2A;EHD3;GRN;IGF2R;RAB7A;HOOK2;HMGXB4;CHMP3;DENND3;CHMP7;TGFBRAP1;AKTIP;HOOK1;BIN1;LAMP1;ZFYVE16;NAGPA;RBSN;M6PR;VPS16;VPS51;GPRASP1;BECN1;VPS52;VPS11;AP3M1;ATP13A2;CHMP2B;PIK3R4;CLEC16A
prerank,Peroxisome Organization (GO:0007031),-0.47584946830202074,-0.901830061327406,0.6210691823899371,1.0,1.0,11/23,21.56%,TMEM135;FIS1;PEX11B;DNM1L;ABCD3;MFF;ABCD4;PEX6;PEX10;SEC16B;PEX3
prerank,Positive Regulation Of Immune Response (GO:0050778),-0.4027708463036584,-0.9014185395466285,0.664364640883978,1.0,1.0,22/71,19.65%,RIOK3;MYO1C;AKIRIN2;POLR3F;NRG1;TRIM56;POLR3B;SPHK2;GSDME;XBP1;HLA-DRB1;IFI35;HLA-DRA;CD74;SIRT1;EIF2AK4;ITGAM;CD81;NLRP3;LGALS9;ITGB2;FADD
prerank,Lipoprotein Biosynthetic Process (GO:0042158),0.506365357898838,0.901173687417607,0.5861182519280206,1.0,1.0,6/14,15.38%,ATG16L2;ATG12;PIK3C3;WIPI2;WDR45;WIPI1
prerank,Negative Regulation Of Multicellular Organismal Process (GO:0051241),0.3147602209037555,0.9010801834334924,0.9247311827956989,1.0,1.0,52/208,16.02%,KLF7;SMAD7;EGFR;RPS6KA5;RPS6KA4;PCTP;EFNA1;PTGER4;BRMS1;WNT10B;RAB11FIP3;USF3;ARID4A;NR1H2;SAP30;ARID4B;SRSF6;SFMBT1;STK11;ING1;LDLRAD4;PGAM5;PLCL1;ACVR2B;BRMS1L;HDAC1;ING2;MYOCD;HDAC9;BBS2;SINHCAF;BRCA2;TWSG1;SUDS3;WWC3;GAS6;LRP4;GJA1;SAP30L;RBBP7;OGT;N4BP1;PTCH1;MAP2K6;IFNGR1;NFIB;PHF14;TFE3;BTN2A2;IL17D;HPN;PARP1
prerank,Dephosphorylation (GO:0016311),0.3285570190243783,0.9008266085986062,0.8434782608695652,1.0,1.0,23/136,8.27%,FBP1;PDPR;PLPP6;DUSP16;PPP5C;PLPPR3;PPM1D;PPP2R5C;CTDSP1;PTPN9;MTM1;SSH2;DUSP22;PTPRB;PLPPR1;PTPN13;PPP2CB;DUSP3;STK11;TPTE2;THNSL2;PPP2R3B;PPP1R12A
prerank,Mitochondrial RNA Metabolic Process (GO:0000959),-0.5068405468555054,-0.9005860153829274,0.6220095693779905,1.0,1.0,5/18,11.44%,FASTKD2;MTERF3;TFB1M;PNPT1;MTERF4
prerank,Modified Amino Acid Transport (GO:0072337),-0.46694483939314335,-0.9005080382476603,0.6229508196721312,1.0,1.0,3/27,2.32%,SLC7A1;SLC7A6;FOLR2
prerank,Negative Regulation Of Interleukin-6 Production (GO:0032715),-0.4583459836741857,-0.9001355788697952,0.6317460317460317,1.0,1.0,5/28,11.72%,SIRPA;SYT11;SELENOS;CD200;PTPN6
prerank,Negative Regulation Of Immune System Process (GO:0002683),-0.43723869394549225,-0.9000952564439946,0.6671619613670133,1.0,1.0,14/41,21.50%,NFKBIL1;WDR41;LILRB2;LYN;CD200;SMCR8;HMOX1;CACTIN;NR1D1;LGR4;FADD;TREM2;SOX9;TNFAIP3
prerank,L-glutamate Import (GO:0051938),-0.5260258105670792,-0.9000252082089112,0.6056572379367721,1.0,1.0,5/15,19.06%,PRAF2;SLC17A6;SLC17A7;SLC25A12;SLC1A2
prerank,Regulation Of Cytoskeleton Organization (GO:0051493),-0.3777688303966691,-0.9000016588308279,0.6959459459459459,1.0,1.0,37/109,17.77%,BAIAP2L1;BICD1;RHOG;EFNA5;PAK3;FAM107A;RALA;ARHGAP44;SORBS3;NRG1;DYNLL1;PAK1;BAIAP2;S100A9;S100A8;HRAS;IQCJ-SCHIP1;STMN3;DIAPH1;BST2;PRKAA2;PATJ;TAOK2;RAC1;ARHGAP35;EZR;RHOQ;MAP6;NEXN;MID1;HCK;ARHGAP18;MLST8;DMTN;RAC3;MAPT;EPHA5
prerank,Positive Regulation Of Phospholipase C Activity (GO:0010863),0.4193276073049861,0.8997992579146673,0.6177215189873417,1.0,1.0,11/33,18.97%,EGFR;PLCB2;GNAQ;ARHGAP6;LPAR1;RASGRP4;CD86;PHB2;P2RY12;FGFR1;GNA15
prerank,Circulatory System Development (GO:0072359),-0.3730701101945925,-0.8997689033886461,0.6937669376693767,1.0,1.0,17/123,10.62%,ID2;PCSK5;CDKN1A;FBXW7;SMG9;CXADR;MICAL2;SRI;TGFBR1;NTRK3;ADAP2;FLRT3;CITED2;PDLIM7;POLR2D;SRF;FGF12
prerank,Proteolysis (GO:0006508),0.3072586127587344,0.8996046437813915,0.9758064516129032,1.0,1.0,65/299,16.13%,CPOX;UFSP2;MALT1;ADAM10;CASP2;ATG4C;ERAP2;ADAMTS14;CARD8;ADAM12;SPG7;PITRM1;NCSTN;CAPN12;ADAMTS15;CUL7;CAPN10;TBL1X;CAPN15;TMPRSS5;XPNPEP3;TMPRSS4;CASP8;KLKB1;CTSK;FAM111A;CPM;SENP1;SPPL3;PSEN2;ERMP1;THOP1;MDM2;PEPD;BMP1;SPRTN;PLAT;FBXO6;RSPRY1;CTSF;ADAMTS9;CASP7;HTRA1;IDE;ADAM33;DDI2;VASH1;RNPEPL1;CPB2;ADAMTS6;OGT;ADAMTS17;PTCH1;PSEN1;DPP8;CASP3;HTRA2;SENP6;LONP1;FOLH1;ADAM22;ADAM28;HPN;PCSK6;KEL
prerank,Spliceosomal Complex Assembly (GO:0000245),-0.40659235775189767,-0.8995750729625781,0.6535087719298246,1.0,1.0,18/60,12.93%,SNRPD3;KHDC4;SNRPB;SNRPE;SNRPD2;LUC7L2;SNIP1;SNRPB2;SNRPD1;SRPK1;CELF4;SNRPA1;DDX1;CELF3;CELF5;SF3A3;TXNL4A;SNRPG
prerank,Cytoskeleton Organization (GO:0007010),-0.380670276857219,-0.8994848038097553,0.7001338688085676,1.0,1.0,27/101,13.52%,PRKCI;CNTNAP1;THY1;RHOG;MARK1;ZMYM4;ARHGAP4;MICAL2;SYNE3;CFL1;PACSIN2;WASF3;PLD2;CSPG5;TPM1;RANBP10;MAST1;NECTIN2;TNIK;DIAPH1;BIN1;CAPZB;RAC1;OBSL1;MAST4;PLCE1;LARP4
prerank,Protein Autophosphorylation (GO:0046777),-0.3678670673920841,-0.8991945120208654,0.7271573604060914,1.0,1.0,35/158,13.44%,MARK3;CAMK2A;LMTK2;MAP3K11;MAP3K13;MKNK1;EIF2AK3;EPHA4;EIF2AK2;PRKX;ERN1;TXK;DDR2;STK24;CAMK4;PAK1;LYN;EPHB1;WNK2;MAP3K20;FES;TNIK;CAMKK2;DAPK1;MAP3K10;MAPKAPK5;STK10;ATR;MAPKAPK3;TAOK2;CLK2;SRC;EEF2K;WNK3;FAM20C
prerank,Negative Regulation Of Epidermal Growth Factor-Activated Receptor Activity (GO:0007175),0.537771626046463,0.8991616524616214,0.6009280742459396,1.0,1.0,3/12,15.40%,SOCS5;TSG101;CBLB
prerank,Protein Catabolic Process (GO:0030163),0.3455180883043197,0.8991251116187279,0.7290836653386454,1.0,1.0,26/94,12.26%,MALT1;PRKN;AFG1L;TCIRG1;UTP25;SIAH1;ATE1;NGLY1;RAB12;STT3B;CASP8;CTSK;DTX4;BAG6;MDM2;OGA;LAMP2;FBXO6;RSPRY1;CTSF;CASP7;IDE;CHEK2;DDI2;LRSAM1;BNIP3L
prerank,Response To Exogenous dsRNA (GO:0043330),-0.4947666587343402,-0.8990877705158364,0.6415410385259631,1.0,1.0,5/19,10.96%,SLC3A2;TICAM1;FLOT1;MUL1;COLEC12
prerank,Negative Regulation Of Natural Killer Cell Mediated Cytotoxicity (GO:0045953),-0.522726604658913,-0.8990450823648158,0.6020066889632107,1.0,1.0,4/14,19.16%,SERPINB9;KLRD1;HLA-E;LGALS9
prerank,Muscle Organ Development (GO:0007517),0.3851849300798366,0.8990318911321776,0.6139817629179332,1.0,1.0,9/55,8.82%,TAGLN;CHD2;FXR1;MYH3;UTRN;SGCG;LAMA2;EVC;SMTN
prerank,Positive Regulation Of Endothelial Cell Migration (GO:0010595),0.3514696585125419,0.8989751993202567,0.7137931034482758,1.0,1.0,17/82,10.96%,MAPK14;SCARB1;PDPK1;RRAS;AKT3;RIN2;ZC3H12A;BCAS3;PIK3CG;EMC10;BCAR1;FOXP1;WNT5A;PROX1;PDGFB;FGF1;ROCK2
prerank,Regulation Of Monocyte Differentiation (GO:0045655),-0.5415056026188271,-0.8987117885465454,0.6099656357388317,1.0,1.0,8/13,19.83%,FES;IL34;HLA-DRB1;IRF7;CTNNBIP1;CD74;ZFP36L1;CD4
prerank,Resolution Of Meiotic Recombination Intermediates (GO:0000712),-0.5474917391431646,-0.8986793724430029,0.62478184991274,1.0,1.0,4/12,14.69%,CENPX;HFM1;ERCC4;FANCM
prerank,Regulation Of Angiogenesis (GO:0045765),-0.3631359694569864,-0.8984815524027712,0.7393422655298416,1.0,1.0,46/187,17.80%,YJEFN3;MECP2;AGO1;FOXJ2;TMIGD2;CEMIP2;ITGB1;RNH1;HIPK1;CD40;GRN;SEMA3E;NRG1;MYDGF;PLCG1;BMPER;PRKCA;ATP2B4;ADGRB1;SPRED1;MTDH;SP100;NAXE;CNTN1;RHOJ;CHRNA7;ETS1;KRIT1;XBP1;STAB1;IL1A;ATF2;GPNMB;PRKCB;SERPINF1;CTSH;COL4A3;HMOX1;PRKD2;EFNA3;RGCC;SFRP1;ANGPTL4;SIRT1;HK2;HSPB1
prerank,Signal Transduction In Response To DNA Damage (GO:0042770),0.38204554652176814,0.8984693359793622,0.6392405063291139,1.0,1.0,13/53,11.61%,ATRX;MAPK14;HINFP;MDM4;ATM;MYO6;DONSON;NDRG1;CRY1;DTX3L;FBXO6;ERCC6;CHEK2
prerank,Regulation Of Mitotic Cell Cycle (GO:0007346),0.332977292715147,0.8982977249785582,0.7869565217391304,1.0,1.0,28/122,11.86%,ANAPC2;FZR1;AURKA;IQGAP1;INTS13;ANAPC10;TFAP4;TRIM35;CKS2;CUL7;HNRNPU;BORA;PKN2;CDK10;HECA;PIM3;DUSP3;FBXO5;SLC9A3R1;MDM2;CYLD;TTC28;RPS6KB1;CDC23;MEIS2;BTG1;GMNN;CKS1B
prerank,T Cell Homeostasis (GO:0043029),-0.5363439511736507,-0.8980591558909444,0.6044905008635578,1.0,1.0,4/13,19.65%,ZC3H8;PPP2R1A;FAS;FADD
prerank,Cellular Response To Chemokine (GO:1990869),0.39432097695944196,0.8979975946791399,0.641399416909621,1.0,1.0,9/42,15.88%,ZC3H12A;DOCK8;WNK1;LRCH1;OXSR1;STK39;SLC12A2;DUSP1;SH2B3
prerank,Glucosamine-Containing Compound Metabolic Process (GO:1901071),0.5086133859450075,0.8979609387880505,0.5841121495327103,1.0,1.0,4/13,15.96%,PGM3;OGA;CHST7;CHST1
prerank,Positive Regulation Of Lipid Catabolic Process (GO:0050996),0.5039321711540413,0.897955478476336,0.5857142857142857,1.0,1.0,5/14,10.95%,PPARA;IRS2;PRKCD;AKT2;FLNB
prerank,Positive Regulation Of Protein Localization (GO:1903829),-0.3858652599842877,-0.8979471405909385,0.7008547008547008,1.0,1.0,26/81,16.71%,GPR137B;PARK7;BICD1;RIC3;EIF2AK3;SYT11;TMEM35A;SIRT6;LAMTOR5;CEP295;LIMK2;CEP250;PRKAA2;GNL3;HSP90AB1;SESN2;PPP3CB;CENPJ;RANGRF;GAS8;TM9SF4;DDRGK1;GNL3L;TYROBP;APC;TFRC
prerank,Negative Regulation Of Double-Strand Break Repair (GO:2000780),0.42347011013876695,0.8977841397018951,0.5849056603773585,1.0,1.0,11/31,17.16%,UBQLN4;SMCHD1;NUDT16L1;OGG1;FBH1;ERCC6;PARPBP;FANCB;RNF169;CGAS;HSF1
prerank,Positive Chemotaxis (GO:0050918),-0.5103980957612483,-0.897754619622278,0.6266447368421053,1.0,1.0,5/16,21.98%,NELL1;GPNMB;CX3CL1;SEMA5A;TSC2
prerank,L-alpha-amino Acid Transmembrane Transport (GO:1902475),-0.4383362444276117,-0.8977228034407354,0.6448170731707317,1.0,1.0,4/38,3.16%,SLC3A2;SLC7A1;SLC7A6;SLC7A5
prerank,Positive Regulation Of Viral Process (GO:0048524),0.40358979954235263,0.8973918344438883,0.6438746438746439,1.0,1.0,10/41,13.20%,ADARB1;PPARA;ATG12;PKN2;DHX9;AXL;PPID;VAPB;IFIT1;HACD3
prerank,Negative Regulation Of Wnt Signaling Pathway (GO:0030178),0.3314180648350239,0.8971109483336522,0.7851239669421488,1.0,1.0,22/131,11.27%,CXXC4;LIMD1;DACT3;PRKN;WWOX;DACT1;LZTS2;RBMS3;FRMD8;DAB2;JADE1;STK11;RUVBL2;HDAC1;NXN;SLC9A3R1;WNT5A;CYLD;TLE4;AMER2;TMEM64;DKK2
prerank,Regulation Of Transcription Initiation By RNA Polymerase II (GO:0060260),0.38182634969514523,0.8967763256631931,0.6763636363636364,1.0,1.0,18/54,13.36%,TAF8;TAF4;PPM1D;MED13;ZNF451;TAF5;TAF13;TAF12;TAF1;MED22;TAF7;TAF6;PCID2;TAF11;TAF3;CDK4;TAF10;MED15
prerank,ERAD Pathway (GO:0036503),-0.3884575600401433,-0.8964939301270589,0.6936572199730094,1.0,1.0,25/85,14.18%,FBXO44;YOD1;ERLEC1;RHBDD1;MAN1B1;UBE2J1;SGTA;SELENOS;HSPA5;VCP;USP19;DNAJB12;PSMC6;UBXN6;CALR;STUB1;UBXN8;XBP1;UBQLN2;HSP90B1;DNAJB2;UBE2G2;SEL1L;SEC61B;FAF2
prerank,Negative Regulation Of Binding (GO:0051100),-0.39270354757824116,-0.8963501281370213,0.6902404526166902,1.0,1.0,21/77,15.86%,CDKN1A;PARK7;JUN;LRPAP1;PIN1;PPP1CA;ITGB1BP1;BTAF1;CSNK1E;SP100;SYMPK;WAPL;CPNE1;CARD16;DNAJB2;GOLGA2;CTNNBIP1;MAPK8;GTPBP4;SUMO1;GNL3L
prerank,Toll-Like Receptor 4 Signaling Pathway (GO:0034142),-0.5189919679377037,-0.8962778839254221,0.6082644628099173,1.0,1.0,5/15,20.89%,MYO1C;PIK3AP1;SCIMP;LGALS9;OAS1
prerank,Skeletal Muscle Organ Development (GO:0060538),0.4267313314765098,0.8959545055132786,0.6464891041162227,1.0,1.0,5/28,13.10%,MYH7B;FXR1;CFLAR;DISP1;MYL6B
prerank,Establishment Of Endothelial Barrier (GO:0061028),0.42896017548607146,0.8958959304058258,0.6041055718475073,1.0,1.0,8/28,14.12%,RAPGEF3;PECAM1;RAP1A;RAB1B;TJP1;RAP2B;RDX;PDE2A
prerank,Positive Regulation Of Oxidoreductase Activity (GO:0051353),-0.5012685253397178,-0.8958842296855986,0.6351351351351351,1.0,1.0,6/18,15.56%,PARK7;SIRT3;RFK;PDP1;ABL2;FDX1
prerank,Retina Homeostasis (GO:0001895),-0.44283702309296746,-0.8958509300240116,0.654434250764526,1.0,1.0,3/33,6.34%,SOD1;PRDX1;AZGP1
prerank,Negative Regulation Of Protein Kinase Activity (GO:0006469),-0.3893811831896929,-0.8956657607178163,0.6936813186813187,1.0,1.0,19/80,10.77%,CDKN1A;PARK7;ADAR;THY1;PTPRO;LRP6;TRIM27;UBASH3B;ITGB1BP1;RTRAF;PPM1E;PPM1F;SPRED1;PTPRT;SMCR8;SH3BP5;PTPRR;YWHAG;DTNBP1
prerank,Regulation Of Androgen Receptor Signaling Pathway (GO:0060765),0.430493064503313,0.8956259488216249,0.5853658536585366,1.0,1.0,13/25,20.97%,NCOR1;SAFB2;FOXP1;HDAC1;TRIM68;ZBTB7A;PKN1;KDM4C;HDAC6;KDM1A;NCOR2;PIAS2;EP300
prerank,ERBB Signaling Pathway (GO:0038127),0.38178737587953626,0.8955865023474757,0.6846846846846847,1.0,1.0,12/52,10.29%,EGFR;PDPK1;CBL;GAB1;IQGAP1;SOS1;PIK3CA;CUL5;BCAR1;CPNE3;ERBIN;REPS2
prerank,Positive Regulation Of Pattern Recognition Receptor Signaling Pathway (GO:0062208),-0.4423245301858217,-0.8955535834461651,0.6546003016591252,1.0,1.0,10/35,16.51%,PJA2;CD14;FLOT1;DDX3X;TRIM3;CYBA;ZDHHC5;TLR5;IFI35;PUM1
prerank,Artery Morphogenesis (GO:0048844),0.42674042678656393,0.8955122451347161,0.5949008498583569,1.0,1.0,6/27,12.21%,SMAD7;NF1;TGFB2;JAG1;TGFBR2;LRP2
prerank,Cytokine-Mediated Signaling Pathway (GO:0019221),-0.3547793825604673,-0.8955029479533854,0.7424789410348978,1.0,1.0,41/210,16.63%,CRLF1;NUMBL;CCR1;BIRC2;IL6R;STAT4;TNFRSF1A;IKBKB;LILRB2;EBI3;PLCB1;IL17RC;TNFRSF1B;IL4R;IL21R;LYN;EPOR;JAGN1;IL7;APLP2;CNTFR;TMSB4X;TOLLIP;FCER1G;IL34;CTR9;CXCL12;PTPN6;LILRA1;MX1;IL1A;SRC;IL17RA;TNIP2;IL11RA;EIF5A;HCK;RELA;IL15RA;CX3CL1;TRADD
prerank,I-kappaB kinase/NF-kappaB Signaling (GO:0007249),-0.4248013333080646,-0.8953573797955194,0.6502242152466368,1.0,1.0,15/44,20.17%,BIRC2;NFKBIL1;TLR7;IKBKB;RELB;IKBKG;IRAK1BP1;PRDX4;BCL3;RELA;NKIRAS2;NKIRAS1;AZI2;ZNF675;IRAK2
prerank,Mitotic G2 DNA Damage Checkpoint Signaling (GO:0007095),0.4230290142266042,0.8949839171080033,0.6155988857938719,1.0,1.0,7/29,10.06%,DEPDC1B;FZR1;ATM;DONSON;BLM;TAOK1;MRE11
prerank,Nucleosome Assembly (GO:0006334),-0.4405875709478898,-0.8948649860064414,0.6416275430359938,1.0,1.0,8/34,5.36%,UBN1;HAT1;NAP1L3;NAA60;SPTY2D1;SMARCA5;NAP1L2;HIRA
prerank,"Endonucleolytic Cleavage Of Tricistronic rRNA Transcript (SSU-rRNA, 5.8S rRNA, LSU-rRNA) (GO:0000479)",-0.5353095277696386,-0.8946862818153446,0.6245847176079734,1.0,1.0,4/13,17.64%,NOP14;TSR1;NOL9;RPS21
prerank,Positive Regulation Of DNA-binding Transcription Factor Activity (GO:0051091),-0.354665916563805,-0.8943662995799019,0.7751196172248804,1.0,1.0,58/223,17.77%,CAMK2A;PRKCI;PARK7;MAP3K13;FLOT2;NEUROD2;CD40;EIF2AK2;IKBKB;BEX1;TICAM1;DDIT3;LRP6;TRIM27;LAMTOR5;FLOT1;PPARGC1A;DDR2;IKBKG;ESR2;S100A9;SMAD3;S100A8;CD200;CLU;MTDH;PRKCQ;RNF25;UBE2N;ANKRD42;CIB1;SRF;MTPN;ESR1;PLPP3;CARD16;ATF2;AGER;ADCY8;PRKCB;STK36;APP;RPS3;DDRGK1;USP14;TRIM38;RELA;PRKD2;CX3CL1;TRADD;TFRC;ADCY1;RGCC;EDA;CLEC7A;ROR1;TRIM25;EPHA5
prerank,protein-DNA Complex Assembly (GO:0065004),-0.43335607325661846,-0.8942952527183265,0.659375,1.0,1.0,8/38,5.36%,UBN1;HAT1;NAP1L3;NAA60;SPTY2D1;SMARCA5;NAP1L2;HIRA
prerank,Dendritic Cell Chemotaxis (GO:0002407),-0.5362466769522534,-0.8941781259179703,0.6275510204081632,1.0,1.0,2/13,8.33%,CCR1;CLU
prerank,Outer Dynein Arm Assembly (GO:0036158),0.5179578392684708,0.8940508965219923,0.5989974937343359,1.0,1.0,4/13,17.84%,DNAH8;DNAAF4;DNAH17;DNAL1
prerank,Positive Regulation Of Ubiquitin-Dependent Protein Catabolic Process (GO:2000060),-0.3830150978195781,-0.8937799106346194,0.6949384404924761,1.0,1.0,19/82,10.03%,FBXO22;LAPTM5;NUB1;FBXW7;PSMD10;ARIH2;VCP;RNF19B;CCDC22;RNF180;DDA1;CSNK1E;PRICKLE1;CLU;RCHY1;RBX1;BBS7;STUB1;SH3RF3
prerank,Negative Regulation Of Growth (GO:0045926),-0.3730856659935764,-0.8937438511589391,0.6986842105263158,1.0,1.0,37/113,17.69%,ENO1;CDKN1A;NDUFS3;CDKN2D;MT1M;NRG1;DCBLD2;SLIT1;ESR2;MUL1;BMPR2;GNG4;TSPYL2;FHL1;SMAD3;CDKN2A;DDX3X;PNPT1;EI24;SPHK2;BST2;SESN2;PPP2R1A;TP53TG5;DNAJB2;VGLL4;MT1X;CCAR2;MT1G;CCDC85B;OSGIN2;RB1;SIPA1;MT1F;SFRP1;SIRT1;PPP1R9B
prerank,Positive Regulation Of Protein-Containing Complex Disassembly (GO:0043243),0.5107562157166975,0.893735329054199,0.5879629629629629,1.0,1.0,6/13,13.01%,FYCO1;UVRAG;CALCOCO2;JMJD4;INSR;SETX
prerank,Positive Regulation Of Nitric Oxide Metabolic Process (GO:1904407),-0.47637350178683957,-0.8935860639746582,0.6260162601626016,1.0,1.0,9/23,18.25%,HBB;SMAD3;CLU;HSP90AA1;DDAH1;HSP90AB1;P2RX4;CLEC7A;TMEM106A
prerank,Regulation Of mRNA Metabolic Process (GO:1903311),0.49135175772192785,0.8931784470494017,0.6169154228855721,1.0,1.0,5/15,13.23%,PTCD2;SAFB2;SAFB;DHX9;MAGOH
prerank,Protein Palmitoylation (GO:0018345),0.42279155460485507,0.8929122727600489,0.6272189349112426,1.0,1.0,11/30,14.16%,ZDHHC22;ZDHHC2;ZDHHC4;ZDHHC20;GOLGA7B;ZDHHC21;ZDHHC15;GOLGA7;ZDHHC24;ZDHHC17;ZDHHC12
prerank,Regulation Of Granulocyte Macrophage Colony-Stimulating Factor Production (GO:0032645),0.5267847022354143,0.8927226700687366,0.5740740740740741,1.0,1.0,3/11,16.47%,LILRA2;IL17D;IL18
prerank,Glycosphingolipid Metabolic Process (GO:0006687),-0.4542137765156666,-0.892602895071607,0.6458966565349544,1.0,1.0,11/28,20.69%,B4GALNT1;ST6GALNAC5;ST8SIA5;ST8SIA3;GM2A;LARGE1;TM9SF2;ST3GAL5;GBA2;NEU3;ST8SIA1
prerank,snRNA Processing (GO:0016180),0.47515146170710454,0.8923871812246398,0.5773195876288659,1.0,1.0,6/17,6.96%,INTS6;INTS2;INTS13;INTS6L;INTS14;INTS12
prerank,Regulation Of Calcium Ion Transmembrane Transporter Activity (GO:1901019),-0.4589815371960561,-0.8923726857968435,0.6666666666666666,1.0,1.0,8/29,13.39%,PDE4D;CACNB2;CALM1;JPH4;JPH3;DMD;ANK2;YWHAE
prerank,Regulation Of Phosphorylation (GO:0042325),-0.39071652095604603,-0.8921896392051346,0.6637806637806638,1.0,1.0,19/77,14.89%,CDKN1A;NELL1;PIN1;CDKN2D;IKBKB;KCTD20;LDB2;DYNLL1;LYN;ANKLE2;CDKN2A;ITGA6;SESN2;UXT;FN1;BTBD10;APP;PLXNB2;GRM5
prerank,Negative Regulation Of mRNA Processing (GO:0050686),0.49732373184687717,0.8921700578057198,0.6098765432098765,1.0,1.0,4/15,7.85%,SFSWAP;RBMX;SRSF6;SRSF12
prerank,Regulation Of Protein Serine/Threonine Kinase Activity (GO:0071900),-0.3748889662571751,-0.8920036569079532,0.7131474103585658,1.0,1.0,28/107,15.87%,CDKN1A;THY1;CDC37;CDKN2D;CCND2;LRP6;CALM3;CCNG1;HTT;KSR1;MAP2K1;CALM1;CDKN2A;DDX3X;BCCIP;HRAS;CIB1;CCNI;CCNT2;CCND1;SRC;CDK7;TAB1;SLC8A3;CDK5R2;RB1;GTPBP4;SLC8A2
prerank,Regulation Of Mononuclear Cell Migration (GO:0071675),-0.4800757457749132,-0.8919863379407388,0.6456953642384106,1.0,1.0,5/21,16.97%,LYN;STK10;IL34;MSN;CMKLR1
prerank,Protein Homooligomerization (GO:0051260),-0.37215207611753887,-0.8918313669917578,0.7157894736842105,1.0,1.0,40/124,19.24%,PRMT8;ACOT13;ALS2;ALDH9A1;CHMP2A;EHD3;ATL1;THG1L;HCN1;USP16;EHD4;KCNC2;APLP2;CLU;PNPT1;HSD17B10;SHMT2;HPRT1;ATL3;GLS;IKZF4;CBY1;JMJD6;FUS;GOLGA2;ADCY8;G3BP2;MLKL;RNF135;ALOX5AP;SLC1A5;SAMHD1;ALAD;ACACB;MCOLN1;NINJ1;NLRP3;SLC1A2;SSBP1;MICU1
prerank,Regulation Of Natural Killer Cell Mediated Cytotoxicity (GO:0042269),-0.4572275993216383,-0.8917247246873401,0.6395705521472392,1.0,1.0,7/28,21.82%,NECTIN2;LAMP1;KLRD1;RASGRP1;HLA-E;LGALS9;PIK3R6
prerank,Regulation Of Arp2/3 Complex-Mediated Actin Nucleation (GO:0034315),-0.4649995448456057,-0.8916786418823854,0.6190476190476191,1.0,1.0,6/25,12.21%,CARMIL1;RNH1;ARFIP2;WASF3;NCKAP1;WASF1
prerank,Regulation Of T Cell Mediated Cytotoxicity (GO:0001914),0.4285891170372498,0.8914405026399745,0.6213333333333333,1.0,1.0,7/27,15.93%,IL12RB1;MICB;STX7;HFE;HLA-B;HLA-F;LILRB1
prerank,Epidermal Cell Differentiation (GO:0009913),0.38101739709047244,0.8911653155608882,0.6766467065868264,1.0,1.0,11/45,15.44%,CTNNB1;CFLAR;JAG1;HDAC1;TXNIP;WNT5A;KRT10;CLIC4;CASP3;USH2A;MED1
prerank,Regulation Of Gluconeogenesis (GO:0006111),0.41543703535551263,0.8911568958663993,0.6416184971098265,1.0,1.0,7/29,7.06%,FBP1;SIRT7;FOXO1;SOGA1;KAT2A;NNMT;CRY1
prerank,"Phagocytosis, Engulfment (GO:0006911)",0.422300887025291,0.8910469768497188,0.5983606557377049,1.0,1.0,7/29,10.49%,XKR8;ELMO1;ARHGAP12;CDC42;GSN;HAVCR1;XKR9
prerank,Cellular Response To Arsenic-Containing Substance (GO:0071243),-0.5277561647238114,-0.8909945679136908,0.6237458193979933,1.0,1.0,5/13,15.07%,DHX36;VCP;DDX3X;GSTO2;MKNK2
prerank,Regulation Of Cardiac Muscle Contraction By Regulation Of The Release Of Sequestered Calcium Ion (GO:0010881),-0.5089723857309025,-0.8908190749433592,0.6233333333333333,1.0,1.0,7/16,17.78%,CALM3;CALM1;CLIC2;ATP1A2;DMD;RYR2;CACNA1C
prerank,Inositol Phosphate Metabolic Process (GO:0043647),-0.47292681783705187,-0.8906160559783824,0.6261538461538462,1.0,1.0,6/22,6.79%,IPPK;INPP5B;ITPKA;NUDT3;NUDT4;IP6K1
prerank,Fatty Acid Transport (GO:0015908),-0.43672602579333347,-0.8905850599921694,0.6521060842433697,1.0,1.0,7/36,13.39%,LYPLA1;PPARD;ACSL1;KDM5A;FABP7;SLC25A17;SLC27A4
prerank,Negative Regulation Of Telomere Maintenance Via Telomere Lengthening (GO:1904357),0.4355229568261789,0.8905728656204069,0.6068601583113457,1.0,1.0,11/24,16.02%,TNKS2;CTC1;POT1;HNRNPU;PINX1;XRN1;DCP2;HNRNPC;TERF1;TERF2;PARP1
prerank,Regulation Of Organelle Organization (GO:0033043),-0.3812423200456286,-0.8905608396440048,0.7008426966292135,1.0,1.0,28/98,15.24%,TECPR1;TOM1;PREB;SURF4;ARMH3;NF2;SYT11;EHD3;SAR1B;PDE4DIP;ATG5;UCHL5;FIS1;MUL1;S100A9;S100A8;STMN3;DIAPH1;MCRS1;MSN;INO80;DNM1L;EZR;MFF;RBSN;STX18;NEXN;ACTR5
prerank,Positive Regulation Of Nitric Oxide Biosynthetic Process (GO:0045429),-0.4766196247511213,-0.8904455453788234,0.6390243902439025,1.0,1.0,8/22,17.32%,HBB;SMAD3;CLU;HSP90AA1;DDAH1;HSP90AB1;P2RX4;CLEC7A
prerank,Regulation Of B Cell Proliferation (GO:0030888),-0.42166312803135647,-0.8904369487894525,0.6591251885369532,1.0,1.0,6/42,7.84%,VAV3;CD40;CD300A;LYN;IL7;TNFRSF21
prerank,Long-Chain fatty-acyl-CoA Biosynthetic Process (GO:0035338),-0.4975851445552256,-0.8903485343388828,0.6226415094339622,1.0,1.0,6/17,20.46%,ACSL3;ACSL1;ELOVL5;ACSL5;ACSF3;HSD17B12
prerank,Regulation Of Cell Cycle (GO:0051726),0.3046147246436371,0.8902392451224928,0.9859154929577465,1.0,1.0,71/281,14.53%,ADARB1;ANAPC2;FZR1;ACTR8;CTBP1;PRKACA;JADE2;KAT2B;ANKRD17;KAT7;IQGAP1;INTS13;ANAPC10;JADE3;KAT2A;ATM;SGF29;TGFB2;CKS2;TFPT;YEATS4;HNRNPU;ING3;BARD1;MORF4L1;TP53INP1;TP53BP2;CDK10;JADE1;ACTL6A;PIM3;GADD45G;STK11;RUVBL2;FBXO5;TAF6;RPRD1B;RNF112;PPP2R3B;EPC1;PLAGL1;MDM2;USP51;CYLD;STAT3;PROX1;TTC28;NFRKB;AKT2;CDC23;JUNB;PRDM11;MEN1;GMNN;HBP1;CKS1B;CDK4;CDK6;DHCR24;ALOX15B;TBRG4;ANAPC5;JUND;INO80D;PHACTR4;RPS6KA2;YEATS2;SDCBP;RHOB;MAP2K6;HTRA2
prerank,Positive Regulation Of Cell Cycle (GO:0045787),-0.40282265808155127,-0.8901485640546284,0.7112375533428165,1.0,1.0,19/61,14.06%,EIF4EBP1;CCDC57;CCND2;PSMD10;USP22;LRP6;HCFC1;USP19;CITED2;PRKCA;CDC25B;LGMN;CALR;ASNS;NUDT16;CCND1;RAD23A;RPS15A;APP
prerank,Detection Of Visible Light (GO:0009584),-0.5031243268141594,-0.8900529201297112,0.6271186440677966,1.0,1.0,3/17,9.89%,EYS;CEP250;CACNA2D4
prerank,Positive Regulation Of Secretion By Cell (GO:1903532),-0.39938653874273045,-0.8900290840559906,0.6948905109489051,1.0,1.0,27/67,18.87%,STX1A;CADPS2;KCNB1;RAB3A;CADPS;MYO18A;RAB27B;RAB5A;RAB27A;APBB1;EXPH5;MYH10;DTNBP1;CFTR;DNM1L;IL1A;EZR;STX1B;TTN;P2RX4;RGCC;UNC13B;ADAM9;STXBP5;PPIA;ATP13A2;EXOC7
prerank,Actomyosin Structure Organization (GO:0031032),-0.3878061452464756,-0.8897609138605203,0.6985294117647058,1.0,1.0,16/75,13.89%,ZYX;FHOD3;ITGB1;SORBS1;MYO18A;TPM1;OBSCN;ALKBH4;EPB41L4B;ITGB5;MYH10;EPB41L4A;SRC;TMOD3;WDR1;PHACTR1
prerank,Long-Chain Fatty Acid Biosynthetic Process (GO:0042759),-0.4834972536498717,-0.8891271403663457,0.646481178396072,1.0,1.0,2/21,8.67%,GPX4;LTC4S
prerank,Phosphatidylcholine Biosynthetic Process (GO:0006656),-0.5033548870239046,-0.8890505590777242,0.635,1.0,1.0,3/17,8.44%,SLC44A5;PCYT1A;LPCAT3
prerank,Actin Filament Depolymerization (GO:0030042),-0.5544984224119294,-0.8890469960039578,0.6379310344827587,1.0,1.0,2/10,3.33%,DSTN;MICAL2
prerank,Sphingolipid Metabolic Process (GO:0006665),-0.38547029702082647,-0.8887040035858867,0.6983471074380165,1.0,1.0,16/87,13.24%,B4GALNT1;ELOVL4;CERS6;PLPP1;SERINC1;SAMD8;ARV1;SPTLC1;SPHK2;GM2A;ORMDL2;PLA2G15;PPP2R1A;ELOVL5;PLPP3;NSMAF
prerank,Purine Ribonucleotide Biosynthetic Process (GO:0009152),-0.40718767044893617,-0.8883011376534751,0.6783625730994152,1.0,1.0,10/50,11.02%,ADCY2;ADCY6;ACOT7;ATP5F1B;PANK2;IMPDH1;ADCY9;ATIC;GUCY1B1;DCAKD
prerank,Receptor Recycling (GO:0001881),-0.4960627990846872,-0.8882635305921474,0.6295681063122923,1.0,1.0,4/17,10.05%,LMTK2;EHD3;PLEKHJ1;PLEKHA3
prerank,Ventricular Septum Development (GO:0003281),0.39572340462814043,0.8881805924153807,0.6937669376693767,1.0,1.0,11/36,18.13%,SMAD7;MDM4;TGFB2;SMAD4;PROX1;TGFBR3;TGFBR2;PDE2A;SLIT2;ROBO1;MATR3
prerank,Regulation Of Osteoblast Proliferation (GO:0033688),-0.51078703186155,-0.8880718389442642,0.6420361247947455,1.0,1.0,2/16,3.89%,NELL1;EIF2AK2
prerank,Regulation Of Myelination (GO:0031641),-0.46932921442255965,-0.8880663448383012,0.64171974522293,1.0,1.0,5/25,9.19%,LGI4;EIF2AK3;TNFRSF1B;TNFRSF21;TYMP
prerank,Intestinal Absorption (GO:0050892),0.5428182524109257,0.8879243524070292,0.6029055690072639,1.0,1.0,2/10,12.20%,SLC26A6;SLC2A5
prerank,Regulation Of Chemotaxis (GO:0050920),0.42542756246793073,0.8878280341860518,0.6535433070866141,1.0,1.0,6/25,12.83%,MYCBP2;EFNB2;DUSP3;PDGFB;STX4;STX3
prerank,Proteoglycan Metabolic Process (GO:0006029),-0.48131644843461185,-0.8877915972114929,0.6475548060708263,1.0,1.0,12/24,18.11%,B4GALT7;BMPR2;CHST11;B3GALT6;CHST10;FAM20B;XYLT1;BMPR1B;CSGALNACT2;GAL3ST4;CHST12;CHST9
prerank,Positive Regulation Of Actin Filament Polymerization (GO:0030838),-0.4314923572730739,-0.887768642782414,0.6606606606606606,1.0,1.0,11/37,17.16%,BAIAP2L1;CARMIL1;TENM1;BAIAP2;NCKAP1;BIN1;EVL;VASP;NCK2;HCK;CTTN
prerank,Regulation Of Cardiac Muscle Cell Contraction (GO:0086004),-0.4623387813179359,-0.8872259638929236,0.6598425196850394,1.0,1.0,8/26,17.78%,SRI;ATP2A2;PDE4D;FGF13;ANK2;RANGRF;RYR2;CACNA1C
prerank,SRP-dependent Cotranslational Protein Targeting To Membrane (GO:0006614),-0.5627525387830712,-0.886764285486113,0.6533101045296167,1.0,1.0,5/10,18.29%,ZFAND2B;SEC63;SEC61B;SRP9;SRP19
prerank,Regulation Of Transcription By RNA Polymerase III (GO:0006359),-0.4593907168774469,-0.8865641003759274,0.6587677725118484,1.0,1.0,6/26,6.10%,SMARCA5;TENM1;DHX36;DDX21;ZC3H8;POLR3F
prerank,Focal Adhesion Assembly (GO:0048041),-0.47600603329839075,-0.8860947106280109,0.6416666666666667,1.0,1.0,7/21,14.32%,THY1;SORBS1;PIP5K1A;DYNLL1;TAOK2;SRC;BCR
prerank,Regulation Of Cell Cycle G1/S Phase Transition (GO:1902806),-0.39104932860531105,-0.8858486299952287,0.6810730253353204,1.0,1.0,18/71,12.68%,ID2;CDKN1A;AMBRA1;FBXW7;CDKN2D;SMARCD3;PSME1;ATP2B4;CDKN2A;APLP2;DPF3;APBB1;SOX2;PHF10;PTPN6;INO80;SMARCD1;CDK7
prerank,protein-DNA Complex Organization (GO:0071824),0.3753574906520552,0.8858055081372244,0.6523076923076923,1.0,1.0,11/52,12.84%,ATRX;TRIM28;EZH2;EHMT1;HNRNPU;CBX3;SAFB;HDAC1;ZBTB7A;SETD7;HMGB2
prerank,Regulation Of Cell Communication (GO:0010646),-0.41507109576914103,-0.8854882770661546,0.669710806697108,1.0,1.0,14/48,16.40%,MTCH1;SCG5;CXADR;SRI;HCN1;TSPYL2;TYMP;YWHAG;LURAP1L;ANXA1;NCLN;PTPN1;RYR2;GRK5
prerank,Protein Localization (GO:0008104),-0.3407862050756357,-0.8853411145743578,0.8179749715585893,1.0,1.0,105/334,18.81%,MESD;ACD;SCG5;STX1A;CACNG3;LAPTM5;BICD1;TMED2;RAB20;RAB29;TMED4;RIC3;HERC2;REEP1;ARL5B;ARFIP2;RNF26;ARL6;TBC1D13;AP2A1;NAPA;GGA1;PEX13;HOOK2;SAR1B;RAB23;NIN;RAB5A;TIMM17A;RAB3GAP2;SEC13;TIMM21;ARL4A;AKTIP;STXBP2;SEC23IP;GRPEL1;WLS;LAMTOR3;HOOK1;CEP250;PRRT1;PHYHIP;RAB35;BIN3;AP3D1;BBS7;RAB6A;PARD3B;UNC50;RAB18;YWHAH;SNX17;ERP29;STXBP1;TMED5;DMD;ANK2;GPIHBP1;CBY1;SIL1;CPE;RAB21;RPGR;WDR45B;COG7;TSNARE1;STX10;ARCN1;STX1B;ERCC3;GGA2;AP4B1;COPZ1;TM9SF4;VPS26C;TIMM50;RABL2A;AHI1;ITSN1;NBEAL1;RAB5B;LAMTOR1;SUMO1;STX5;RRAGD;SH3PXD2B;TM9SF2;RAB31;NPHP1;PACSIN1;CTTN;STX2;MGAT3;CD74;KIF3A;LAMTOR2;FLNA;FAM91A1;TMED9;ARF5;VPS26B;DDX42;ARF1;CD81
prerank,Protein Processing (GO:0016485),-0.37422385184926915,-0.8852714197374101,0.7325268817204301,1.0,1.0,31/106,18.72%,SPCS1;AFG3L2;PCSK5;CTSL;YME1L1;ZMPSTE24;IMMP1L;SPCS3;SEC11A;CTSS;LGMN;SPCS2;TMEM208;CASP4;CNTN1;PCSK2;ADAMTS13;TLL1;CPE;ADAM17;CTSH;APH1B;ASRGL1;C1RL;MMP16;RCE1;VSIR;ADAM19;SRGN;MBTPS1;BACE2
prerank,Melanocyte Differentiation (GO:0030318),0.5429474269752392,0.8851783307028539,0.6192893401015228,1.0,1.0,2/11,12.43%,LRMDA;MITF
prerank,Response To Amino Acid (GO:0043200),-0.4552366523693498,-0.8851038316516873,0.6539634146341463,1.0,1.0,13/28,21.10%,LAMTOR4;LAMTOR5;LAMTOR3;GLRA2;SESN2;XBP1;NEURL1;LAMTOR1;RRAGD;LAMTOR2;MTOR;GRIN1;RPTOR
prerank,Regulation Of Protein Kinase A Signaling (GO:0010738),-0.5113626119433978,-0.8847629998446535,0.6526845637583892,1.0,1.0,5/16,21.64%,PJA2;AKAP12;AKAP7;ADRB2;AKAP5
prerank,Positive Regulation Of Cell Activation (GO:0050867),-0.5636435433184301,-0.8839303995680965,0.6495575221238938,1.0,1.0,2/10,10.63%,PLEK;SOX15
prerank,Positive Regulation Of Intracellular Protein Transport (GO:0090316),-0.3711134950591092,-0.8837892442899726,0.7356020942408377,1.0,1.0,43/121,18.81%,USP36;FBXW7;PIN1;RAB29;KCNB1;MYO1C;TCAF1;TENM1;SIRT6;TOMM7;ARIH2;SAR1B;ITGB1BP1;XPO4;UBE2L3;FIS1;SAE1;ANP32B;SMAD3;EMD;RAN;HRAS;UBE2D3;CIB1;SREBF2;DMAP1;MFF;YWHAE;RNF2;EFCAB7;TM9SF4;MAPK8;TMEM30A;PRNP;RIPOR1;VPS11;B3GAT3;PCNT;GSK3A;FLNA;NMT1;ITGAM;CD81
prerank,Cellular Response To Fibroblast Growth Factor Stimulus (GO:0044344),0.3684387031046034,0.8836891875352547,0.6869300911854104,1.0,1.0,13/50,17.55%,FGF23;CEP57;RAB14;ZFP36L2;FGFR3;GALNT3;FGF1;SETX;FGF17;FGF20;FIBP;HYAL1;FGFR2
prerank,Regulation Of Protein-Containing Complex Disassembly (GO:0043244),-0.4951768273734847,-0.8834402622318013,0.6402640264026402,1.0,1.0,6/17,19.26%,TECPR1;ATG5;UPF1;GSPT1;CLEC16A;OGFOD1
prerank,Exit From Mitosis (GO:0010458),0.5363916683122972,0.8832745241461487,0.5913461538461539,1.0,1.0,7/11,20.77%,SIRT7;CTDP1;EPS8;CLASP2;PPP2R2D;UBE2S;SPAST
prerank,Lipid Translocation (GO:0034204),0.4415893358001669,0.883270425198925,0.6296296296296297,1.0,1.0,10/23,17.22%,ATP8B2;ATP10A;ABCB1;ATP8B3;ATP11A;ABCC1;ATP8A1;SLC52A1;ATP10B;ABCB4
prerank,Muscle Contraction (GO:0006936),-0.38401965060270654,-0.8832264468731474,0.721606648199446,1.0,1.0,17/87,16.81%,GAMT;SNTB1;TPM1;SSPN;LTB4R;EMD;MYL6;TPM2;APBB1;TPM3;MYLK;SNTA1;MYOT;TMOD3;TTN;RYR2;TPCN2
prerank,Positive Regulation Of NF-kappaB Transcription Factor Activity (GO:0051092),-0.36526223442047423,-0.8832023570227013,0.7559055118110236,1.0,1.0,38/138,17.51%,CAMK2A;PRKCI;MAP3K13;FLOT2;CD40;EIF2AK2;IKBKB;TICAM1;LAMTOR5;FLOT1;IKBKG;S100A9;S100A8;CLU;MTDH;PRKCQ;RNF25;UBE2N;ANKRD42;CIB1;MTPN;CARD16;AGER;PRKCB;APP;RPS3;DDRGK1;USP14;TRIM38;RELA;PRKD2;CX3CL1;TRADD;TFRC;EDA;CLEC7A;ROR1;TRIM25
prerank,Regulation Of Endocytic Recycling (GO:2001135),-0.5617481999056576,-0.8830788124894235,0.6569468267581475,1.0,1.0,2/10,8.48%,EIPR1;ATP9A
prerank,Regulation Of Intracellular Estrogen Receptor Signaling Pathway (GO:0033146),0.43718841530268854,0.8828920654499178,0.6395663956639567,1.0,1.0,9/22,16.26%,UFSP2;KMT2D;CNOT2;DNAAF4;YAP1;UBA5;WBP2;VPS18;UFM1
prerank,Glutamine Family Amino Acid Metabolic Process (GO:0009064),-0.44465609486830276,-0.882552667919015,0.6503937007874016,1.0,1.0,6/28,13.37%,GCLM;UCP2;GOT1;DDAH1;MTHFS;ALDH18A1
prerank,Negative Regulation Of Cell Cycle G1/S Phase Transition (GO:1902807),-0.43972866922093795,-0.8825395281445015,0.6783536585365854,1.0,1.0,9/31,16.05%,CDKN1A;FAM107A;MYO16;FHL1;APBB1;SOX2;GPNMB;RB1;APC
prerank,Positive Regulation Of Binding (GO:0051099),-0.37919487241126365,-0.8824237185356448,0.7223001402524544,1.0,1.0,12/87,9.32%,MARK3;SKI;PIN1;TXN;EDF1;STMN1;NMD3;FLOT1;AKTIP;RAN;ADD2;CLIC2
prerank,In Utero Embryonic Development (GO:0001701),0.4468962747816111,0.8823970216192126,0.6116751269035533,1.0,1.0,5/23,9.50%,HINFP;MBNL1;SOX8;FUT8;PDGFB
prerank,Regulation Of Nervous System Development (GO:0051960),-0.42150552083724063,-0.8823135153543745,0.675187969924812,1.0,1.0,11/40,18.51%,LGI4;YTHDF2;DOCK7;TNFRSF1B;TYMP;HLTF;CX3CL1;SIRT2;HES6;BHLHE41;PER2
prerank,Positive Regulation Of Cell Migration (GO:0030335),-0.3446187813723926,-0.8821230800343612,0.8105882352941176,1.0,1.0,64/261,17.85%,CCR1;ZNF609;NELL1;MYO1C;ITGB1;CARMIL1;TGFBR1;EPHA4;NTRK3;FAM107A;CDH13;ELP3;RAB11A;GRN;HGF;SEMA3E;ZNF703;DDR2;HSPA5;PAK1;PLCG1;SEMA6B;BMPR2;PRKCA;UBE2I;PPM1F;SEMA4B;HRAS;CIB1;PPP3CA;ELP6;CNTN1;MYLK;ITGA6;MIEN1;S100A11;CXCL12;XBP1;PDGFD;RAPGEF2;PDPN;FN1;SRC;ADAM17;SEMA7A;GPNMB;PLAA;C1QBP;ROR2;FERMT3;AIF1;CTSH;ELP5;MAZ;DDRGK1;APC;RIPOR1;DMTN;TRADD;VSIR;CLEC7A;ZNF268;ADAM9;MGAT5
prerank,Protein Localization To Cell-Cell Junction (GO:0150105),0.5090234642367301,0.8819483788721466,0.6234413965087282,1.0,1.0,4/14,19.50%,PAK2;TJP1;CGNL1;SCRIB
prerank,Cellular Response To Organic Substance (GO:0071310),0.3522771759394771,0.8818344086543027,0.7620578778135049,1.0,1.0,9/72,10.48%,NCOA1;NCOA3;GHR;TIPARP;NCOA2;HCLS1;KHSRP;STAT3;RAMP1
prerank,Regulation Of Cell Division (GO:0051302),0.3462329329282308,0.8818236983033271,0.8061224489795918,1.0,1.0,12/79,4.21%,SH3GLB1;AURKA;NCOA3;BBS4;UVRAG;KAT2B;POU5F1;ENTR1;KAT2A;PIK3C3;SGF29;RAB11FIP3
prerank,Amide Transport (GO:0042886),-0.4458458408635326,-0.8816219114562929,0.655608214849921,1.0,1.0,7/31,12.69%,FOLR2;VAPA;ABCB9;OSBP;PDPN;SLC17A6;PLTP
prerank,Protein Export From Nucleus (GO:0006611),0.43161628132198515,0.8815954835206957,0.6358974358974359,1.0,1.0,8/25,10.34%,DUSP16;RANBP3;XPO1;STRADA;XPO6;CHP1;XPO7;CCHCR1
prerank,Mitochondrial Fission (GO:0000266),-0.516717822940935,-0.8815730302268179,0.6258620689655172,1.0,1.0,6/13,14.12%,MTFR1L;FIS1;UCP2;MUL1;MFF;GDAP1
prerank,"RNA Splicing, Via Transesterification Reactions (GO:0000375)",0.4357766704352078,0.8814909320419302,0.6384839650145773,1.0,1.0,12/24,20.42%,DDX23;SLU7;KHSRP;SMNDC1;PRPF6;SF3B1;PRPF8;SRRM1;GEMIN2;SF3B4;TRA2B;PRPF3
prerank,Negative Regulation Of Protein Localization To Membrane (GO:1905476),-0.47416904920517516,-0.8811558903461135,0.6651017214397497,1.0,1.0,8/23,16.21%,LRPAP1;GDI1;ITGB1BP1;RHOQ;AP2M1;TMEM59;PID1;DMTN
prerank,Melanosome Assembly (GO:1903232),-0.4982057105713825,-0.8811052592193294,0.6639072847682119,1.0,1.0,9/18,12.07%,HPS5;AP1S1;AP1S2;AP3S2;HPS1;AP3S1;AP3D1;AP1S3;AP1M1
prerank,Androgen Receptor Signaling Pathway (GO:0030521),0.49712792783237975,0.88100136578953,0.631578947368421,1.0,1.0,4/14,4.37%,ZMIZ1;DDX17;PMEPA1;KDM3A
prerank,Protein Localization To Chromosome (GO:0034502),-0.4216242411508616,-0.8809180731775881,0.6706586826347305,1.0,1.0,14/39,11.90%,LEMD2;BOD1;SIRT6;TPP1;CHMP7;RPA2;SLF2;APLF;MRNIP;ATR;XRCC5;ESR1;WAPL;MSH2
prerank,Aortic Valve Development (GO:0003176),-0.4223079082384507,-0.8805468442319828,0.6775147928994083,1.0,1.0,7/38,11.46%,TNFRSF1A;TNFRSF1B;SLIT1;BMPR2;NFATC1;RBPJ;ROBO2
prerank,Actin Cytoskeleton Reorganization (GO:0031532),0.368256278728963,0.8805195683764824,0.7027777777777777,1.0,1.0,14/52,8.42%,AUTS2;FER;FARP2;MCU;PARVA;NEDD9;CASS4;WHAMM;MICALL2;THSD7B;BCAR1;MINK1;MKLN1;PARVG
prerank,Negative Regulation Of Translation (GO:0017148),-0.37452269252898407,-0.8804289999121101,0.7198391420911529,1.0,1.0,40/104,18.85%,YTHDF2;GAPDH;MALSU1;EIF4EBP1;METTL3;EIF2AK3;EPHA4;EIF2AK2;NMNAT2;DHX36;EIF4ENIF1;METTL14;BTG2;DDX3X;ZFP36;CNOT1;CALR;DAPK1;ENC1;EIF4EBP2;FTO;PCIF1;TRIM3;CAPRIN1;IGFBP5;EIF3E;CSNK2A1;RPS3;YTHDF1;YTHDF3;TSC1;UNK;PUM1;TNRC6A;RPL13A;EIF4A3;CNOT9;EIF2AK4;DAPK3;LARP1
prerank,DNA Repair (GO:0006281),-0.34383096520938766,-0.8801075661887745,0.8266978922716628,1.0,1.0,84/267,17.67%,ALKBH1;MPG;COMMD1;NBN;PARK7;XRCC6;POLH;REXO4;CDKN2D;CENPX;MGME1;PMS2;APEX2;PIAS4;SMARCA5;MSH3;SIRT6;HPF1;FANCD2;KAT5;TDP2;RPA3;ALKBH2;VCPIP1;VCP;POLE2;RPA2;MLH1;EYA3;ASCC2;POLN;MRPL36;CSNK1E;APLF;BTG2;UPF1;UBE2N;UBE2V2;NTHL1;DDX1;CIB1;KMT5B;FTO;ABRAXAS1;ATR;ERCC4;PCNA;ZRANB3;XRCC5;HLTF;RNASEH2C;MSH2;INO80;EP400;CUL4B;RNF168;ERCC2;RAD23A;FAAP20;ERCC3;WRNIP1;BACH1;USP45;RNF8;XRCC1;FANCM;ASCC3;NEIL2;ACTR5;RAD18;ASF1A;RPS3;SUMO1;SMARCAL1;WRN;SETD2;NUDT1;RECQL5;TENT4A;GTF2H5;MBD4;POLL;RAD51C;SIRT1
prerank,Regulation Of Mitotic Cell Cycle Phase Transition (GO:1901990),0.3428137837353894,0.8799134744383331,0.803448275862069,1.0,1.0,21/84,10.10%,ARID1B;ARID2;AURKA;SMARCB1;PSME3;ANLN;DPF2;TFAP4;BCL7B;KIF14;SMARCA2;CDC14A;BCL7C;CENPE;ACTL6A;SMARCC2;ZFP36L2;CDKN2C;CDK3;CDC23;APPL1
prerank,Cellular Response To Vascular Endothelial Growth Factor Stimulus (GO:0035924),0.40967111751392293,0.879807170089595,0.6333333333333333,1.0,1.0,4/32,6.19%,MAPK14;GAB1;PIK3CA;MAPKAPK2
prerank,Regulation Of Cell Adhesion (GO:0030155),-0.36365009237629037,-0.8794746562842382,0.7477003942181341,1.0,1.0,27/137,14.57%,YTHDF2;DUSP26;PLXNA4;EFNA5;EPHA4;PRKX;CDH13;LAMC1;PLXNA2;TPM1;ITGB1BP1;NRG1;EPB41L4B;TNR;LYN;TESC;PRKCA;FES;PPP3CA;ARHGDIG;CXCL12;PPP2R1A;SRC;PLXNC1;C1QBP;PLXNB2;RIPOR2
prerank,Regulation Of Cell Junction Assembly (GO:1901888),0.431938092020933,0.8793616980086566,0.633245382585752,1.0,1.0,7/22,11.57%,PRKACA;PRKCH;RAP1A;TJP1;ROCK2;ROCK1;PDLIM5
prerank,Negative Regulation Of Programmed Necrotic Cell Death (GO:0062099),-0.5563415172789226,-0.8793342235957892,0.6557659208261618,1.0,1.0,3/10,8.55%,BIRC2;SLC25A4;YBX3
prerank,Response To Copper Ion (GO:0046688),-0.47964915868966673,-0.8790545619364998,0.6633499170812603,1.0,1.0,9/20,20.91%,MT1M;IL1A;MT1X;MT1G;PRNP;MT1F;MT2A;DAXX;ATP7B
prerank,Blood Vessel Diameter Maintenance (GO:0097746),-0.442536081685416,-0.8789834684601869,0.6354009077155824,1.0,1.0,3/31,6.13%,GCLM;ADCY6;ITGB1BP1
prerank,Negative Regulation Of Epithelial To Mesenchymal Transition (GO:0010719),0.41814478991540305,0.8789404790180284,0.6475195822454308,1.0,1.0,4/27,6.99%,SMAD7;EFNA1;USF3;LDLRAD4
prerank,Cellular Response To Fatty Acid (GO:0071398),0.4861155857589188,0.8788375060504109,0.6349614395886889,1.0,1.0,3/15,12.81%,ZC3H12A;PDK3;PDK4
prerank,Positive Regulation Of MAP Kinase Activity (GO:0043406),-0.3771968202039714,-0.878736448966234,0.7207977207977208,1.0,1.0,20/87,15.48%,MAP3K11;MAP3K13;CD40;NTRK3;TENM1;MAP2K7;ERN1;DIRAS1;PAK1;DIRAS2;HRAS;MAP3K10;IL34;PDGFD;ERP29;RASGRP1;PIK3R5;TGFA;PTPN1;RPS3
prerank,Positive Regulation Of Innate Immune Response (GO:0045089),-0.4265663671733352,-0.878733934020258,0.6634920634920635,1.0,1.0,7/40,8.92%,RIOK3;MYO1C;AKIRIN2;POLR3F;RBM47;TRIM56;POLR3B
prerank,Regulation Of Mitotic Spindle Organization (GO:0060236),-0.42926416855336375,-0.8782164745337424,0.6815384615384615,1.0,1.0,8/37,14.70%,MAP9;FSD1;CHMP2A;CHMP3;CHMP7;DRG1;CENPJ;TACC3
prerank,Regulation Of Pathway-Restricted SMAD Protein Phosphorylation (GO:0060393),0.367129863376718,0.8780615758697385,0.7097791798107256,1.0,1.0,10/57,13.93%,SMAD7;PMEPA1;TGFB2;SMAD4;DAB2;LDLRAD4;TGFBR2;TWSG1;HFE;SDCBP
prerank,Peptidyl-Threonine Phosphorylation (GO:0018107),0.363575037737228,0.8778314385057018,0.721875,1.0,1.0,30/57,19.51%,PDPK1;DYRK1A;CSNK2A2;DYRK4;ULK1;HIPK3;WNK1;CDK10;STK11;TAF1;PRKCD;OXSR1;DYRK1B;ROCK2;ROCK1;TGFBR2;STK39;MAPK1;ACVR1B;LRRK2;PRKD1;CDC42BPB;CAMK2D;CAD;MARK2;DYRK2;GSK3B;CDK5R1;AKT1;HIPK2
prerank,Regulation Of Cell Growth (GO:0001558),0.3081529390818047,0.8777524265270821,0.9562841530054644,1.0,1.0,50/207,14.25%,FBP1;DACT3;ADAM10;IP6K2;EGFR;RASGRP2;NDRG3;SUPV3L1;SGK3;JADE2;KAT7;JADE3;URI1;TGFB2;KIF14;SMAD4;SMARCA2;BCL2;CDC42;JADE1;BCAR1;STK11;CHPT1;ING1;PML;RPS6KA3;CDKN2C;SGK1;SLC25A33;ST7L;NME6;ARHGEF11;PAK4;PRDM11;BTG1;BRAT1;EIF4G1;RAB33B;N6AMT1;GJA1;DDX49;TCHP;IL17RB;RBBP7;RICTOR;YAP1;SH3BP4;SDCBP;CGRRF1;RERG
prerank,Positive Regulation Of Fat Cell Differentiation (GO:0045600),0.3688450033001282,0.8776886137487655,0.7262247838616714,1.0,1.0,6/48,5.44%,ZBTB16;ASXL2;ADIRF;WDFY2;ZC3H12A;HNRNPU
prerank,Superoxide Metabolic Process (GO:0006801),-0.45508205499860765,-0.8776721418054958,0.6770186335403726,1.0,1.0,6/26,16.61%,SOD1;NOXA1;PRDX1;CYBA;NCF1;SH3PXD2B
prerank,DNA-templated Transcription Initiation (GO:0006352),0.35912497888897194,0.877619290598792,0.7435897435897436,1.0,1.0,18/57,11.62%,GTF2H2;TAF8;TAF4;POLRMT;TAF5;TAF13;GTF2E2;NAT14;TFAM;TAF12;UBTF;ZFP36L2;TAF1;TAF7;TAF6;E2F3;POLR2I;TAF11
prerank,Regulation Of Protein Phosphorylation (GO:0001932),-0.3460859986261757,-0.8775747321874294,0.8125755743651754,1.0,1.0,71/246,19.83%,SOD1;CDKN1A;PARK7;SIRPA;PIN1;CCND2;EIF2AK3;PAQR3;EFNA5;CD40;NTRK3;SH3GL2;LRP6;HGF;FLOT1;NRG1;LIMK2;MYDGF;PAK1;ACVR2A;LYN;BMPER;TSPYL2;AKTIP;HRAS;ZBED3;CCNYL1;CIB1;TNIK;CAMKK2;CHRNA7;HSP90AA1;IL34;SESN2;RAC1;ERP29;PLPP3;IBTK;FN1;CCND1;FAM20A;RASGRP1;HLA-DRB1;ADAM17;PLCE1;GPNMB;AGER;APP;PLXNB2;KRAS;GRM5;STK4;TTN;PRNP;PID1;NPTN;TFRC;CD74;SIRT1;CACTIN;HSPB1;AXIN1;PPIA;NTRK2;FAS;PLAUR;ITGB2;DNAJC10;PRKDC;PINK1;CD4
prerank,Negative Regulation Of DNA-binding Transcription Factor Activity (GO:0043433),0.32423748498040095,0.8772195331641568,0.8578199052132701,1.0,1.0,41/138,16.88%,SMAD7;SIGIRR;CARD8;BRMS1;ZC3H12A;KLF4;EGLN1;NFKBIA;BHLHE40;ID3;HIF1AN;OTULIN;IRAK3;NLRC5;WFS1;PPP2CB;CHP1;TAF1;ERBIN;CYLD;ZNF431;KEAP1;PROX1;CEBPG;MEN1;GAS6;TAX1BP1;TAF3;COMMD6;USP7;ARRB2;LRRK2;PTCH1;NLRC3;TRAF3;PHB2;CHUK;SUFU;SPI1;IRAK1;NUPR1
prerank,Positive Regulation Of Proteasomal Ubiquitin-Dependent Protein Catabolic Process (GO:0032436),-0.3774804687291578,-0.8770869279759977,0.7355371900826446,1.0,1.0,22/82,13.23%,FBXO22;BCAP31;NUB1;PSMD10;SIRT6;SGTA;ARIH2;VCP;RNF19B;RNF180;DDA1;CSNK1E;PRICKLE1;CLU;RCHY1;RBX1;BBS7;STUB1;SH3RF3;UBQLN2;DNAJB2;RAD23A
prerank,Regulation Of Macromolecule Biosynthetic Process (GO:0010556),-0.4054555176772952,-0.8770316560997821,0.7128427128427128,1.0,1.0,24/52,16.25%,EIF2B4;EIF2S1;MEAF6;ELP3;TOM1L1;TNFRSF1B;ELP4;RPL10;RBM4B;GEMIN5;PUM3;TCOF1;S100A9;RBM3;ELP6;MAPKAPK5;PCIF1;MTPN;GRM5;ELP5;ATXN2;DDX25;EIF4E;TSC1
prerank,Regulation Of Mitotic Spindle Assembly (GO:1901673),-0.4803187151383047,-0.8765549259270405,0.6453125,1.0,1.0,4/19,8.77%,CHMP2A;CHMP3;CHMP7;DRG1
prerank,Stabilization Of Membrane Potential (GO:0030322),-0.5164289412616493,-0.8764790236605869,0.6861435726210351,1.0,1.0,5/15,18.39%,KCNK10;KCNK4;KCNN4;KCNK6;KCNK12
prerank,Double-Strand Break Repair Via Nonhomologous End Joining (GO:0006303),0.3915083430318886,0.8763262012355377,0.7162921348314607,1.0,1.0,11/41,12.84%,SMC5;UVRAG;POLA1;ATM;HELQ;SETMAR;MRE11;ZBTB7A;ERCC6;HMGB1;HMGB2
prerank,Positive Regulation Of Neural Precursor Cell Proliferation (GO:2000179),-0.4484987818857409,-0.876239570792768,0.6617405582922824,1.0,1.0,7/29,16.90%,ZNF335;SMARCD3;NCAN;FZD3;BCAN;CX3CL1;DISC1
prerank,Natural Killer Cell Activation (GO:0030101),0.41878310574172883,0.876070882380274,0.6578249336870027,1.0,1.0,6/27,11.43%,KAT7;CASP8;NFIL3;BAG6;SNX27;PBX1
prerank,Regulation Of Cardiac Muscle Contraction (GO:0055117),-0.43697722346670914,-0.8760441144094828,0.6523668639053254,1.0,1.0,8/33,7.37%,ATP1B1;SRI;CHGA;ASB3;CALM3;ATP2A2;PDE4D;CALM1
prerank,Regulation Of Microtubule Cytoskeleton Organization (GO:0070507),0.3904629340499325,0.8748850119014465,0.6991404011461319,1.0,1.0,11/39,12.88%,BICD2;MAPRE2;GAS2L1;PRKAA1;MAPRE3;CAMSAP3;CYLD;TAOK1;ROCK1;TPPP;MPDZ
prerank,Positive Regulation Of Phosphorylation (GO:0042327),-0.34717887507457124,-0.8748519460840692,0.833130328867235,1.0,1.0,62/216,20.72%,CDKN1A;NBN;NELL1;PIN1;CCND2;EFNA5;CD40;NTRK3;HGF;FLOT1;DDR2;KCTD20;MERTK;LIMK2;MYDGF;PAK1;ACVR2A;LYN;AKTIP;HRAS;CIB1;TNIK;CAMKK2;CHRNA7;ITGA6;HSP90AA1;IL34;RAC1;ERP29;CCND1;FAM20A;BTBD10;RASGRP1;HLA-DRB1;ADAM17;GPNMB;AGER;ROR2;APP;KRAS;STK4;ZNF16;NPTN;TFRC;VAC14;ROR1;CD74;SIRT1;AXIN1;PPIA;NTRK2;FAS;PLAUR;ZNF622;PINK1;CD4;RELN;HDAC3;TREM2;DHX34;DAXX;GLMN
prerank,Regulation Of Cell-Cell Adhesion (GO:0022407),-0.4227754477492914,-0.8745868148492228,0.6799387442572741,1.0,1.0,12/40,15.65%,FSTL3;FLOT2;NF2;EFNA5;TENM3;CITED2;PTPRR;PLPP3;SRC;FERMT3;RNASE10;GTPBP4
prerank,Maintenance Of Gastrointestinal Epithelium (GO:0030277),0.513904611164845,0.8745339419052564,0.6229508196721312,1.0,1.0,1/12,1.74%,PBLD
prerank,"Positive Regulation Of DNA Damage Response, Signal Transduction By P53 Class Mediator (GO:0043517)",-0.510024185654749,-0.8745154567543056,0.6535836177474402,1.0,1.0,8/14,22.36%,SPRED1;ATR;ZNHIT1;SPRED2;PLA2R1;ZNF385A;DDX5;ING4
prerank,Inner Ear Morphogenesis (GO:0042472),0.4395639204742982,0.874383222916559,0.6325459317585301,1.0,1.0,5/22,19.16%,MYO6;MYO3B;HPN;FGFR2;CHD7
prerank,Intracellular Sodium Ion Homeostasis (GO:0006883),-0.4964490112323513,-0.8741776821501707,0.6581059390048154,1.0,1.0,3/17,11.89%,ATP1A1;ATP1B1;ATP1A2
prerank,Chromosome Organization (GO:0051276),-0.44121113775616205,-0.8741236969658008,0.6499189627228525,1.0,1.0,7/29,15.62%,HAT1;NUP155;MSH3;CENPT;MSH2;LATS1;RB1
prerank,Regulation Of Double-Strand Break Repair (GO:2000779),-0.37645694777842226,-0.8739209140368374,0.7354196301564723,1.0,1.0,26/87,12.44%,OOEP;MORF4L2;PPP4C;ACTR2;SMARCD3;MEAF6;SIRT6;KAT5;RPA2;FMN2;SLF2;FIGNL1;SHLD2;DPF3;UBE2N;UBE2V2;ZCWPW1;MRNIP;PPP4R3B;DMAP1;ATR;VPS72;PHF10;EP400;EPC2;SMARCD1
prerank,Response To Estrogen (GO:0043627),0.3948398731981767,0.8738739837144336,0.6638418079096046,1.0,1.0,7/34,10.43%,KMT2D;BCAS3;ARID5A;SFR1;CITED4;RBBP5;GSTM3
prerank,Regulation Of Lipid Catabolic Process (GO:0050994),0.4652053393362396,0.8737755498606851,0.625,1.0,1.0,8/17,20.57%,PRKAA1;FLNB;PDE3B;TYSND1;APOC1;ALK;ABCD1;LONP2
prerank,Positive Regulation Of Post-Transcriptional Gene Silencing By RNA (GO:1900370),0.5273896631724154,0.873733812479022,0.632183908045977,1.0,1.0,3/10,2.04%,LIMD1;TIAL1;FXR1
prerank,Regulation Of Protein Modification Process (GO:0031399),0.38269469855846666,0.8735524188247478,0.6894586894586895,1.0,1.0,9/42,9.44%,PHIP;ATG13;FER;ULK1;CCDC88A;KDM4D;RB1CC1;STAT2;ATG101
prerank,mRNA 3'-End Processing (GO:0031124),0.39325811802900057,0.8730596672540402,0.7052023121387283,1.0,1.0,12/38,11.93%,CSTF2;CPSF7;RPRD2;CPSF1;PAPOLA;CPSF6;PCF11;RPRD1B;NCBP2;ZNF473;SCAF8;CPSF2
prerank,Regulation Of Cellular Component Organization (GO:0051128),0.31829280184987874,0.8729371776413606,0.919047619047619,1.0,1.0,35/147,11.97%,BBS10;RUFY1;RASGRP2;AURKA;SGK3;JADE2;SETD1A;KAT7;CAMSAP2;PICALM;JADE3;URI1;KIF14;HNRNPU;IRAK3;RAP1A;HIP1;SNCAIP;CTTNBP2;JADE1;BCAR1;STK11;CHPT1;CAMSAP3;CD22;SGK1;WNT5A;ARHGEF11;BAG5;PAK4;TJP1;ROCK2;ROCK1;TRAF2;RAB33B
prerank,Neurogenesis (GO:0022008),0.3765300617352294,0.8726341218903997,0.6960227272727273,1.0,1.0,13/46,12.74%,EGFR;KAT8;BTBD3;TGFB2;RYK;NDUFS2;LPAR1;WDR62;FAT4;ERCC6;LRP4;ASCL1;CDK6
prerank,Positive Regulation Of Protein Targeting To Mitochondrion (GO:1903955),-0.4466613992854207,-0.8726242203809248,0.661993769470405,1.0,1.0,9/28,9.90%,USP36;FBXW7;PIN1;TOMM7;ARIH2;UBE2L3;SAE1;UBE2D3;SREBF2
prerank,Cellular Response To Metal Ion (GO:0071248),-0.3611910482180279,-0.8726201507800877,0.7635658914728682,1.0,1.0,40/125,17.22%,KCNH1;JUN;ITPKA;KCNA1;CPNE9;NEUROD2;MT1M;HVCN1;SYT11;SYT1;BRAF;CPNE8;CPNE4;SYT13;SYT2;CLU;LGMN;GLRA2;SYT5;ZNF658;TFR2;PRKAA2;CPNE1;SYT10;SYT4;MT1X;ADCY8;MT1G;ALOX5AP;MAPK8;SLC25A24;ADGRV1;NCF1;P2RX4;SUMO1;PRNP;DMTN;CPNE5;ADCY1;MT1F
prerank,Regulation Of Endothelial Cell Proliferation (GO:0001936),-0.3785988741014152,-0.8725073742950284,0.7599451303155007,1.0,1.0,13/85,11.57%,NELL1;NRAS;TGFBR1;CDH13;ATOH8;NELL2;MYDGF;BMPR2;PRKCA;ATP5IF1;CNTN1;KRIT1;EGFL7
prerank,Regulation Of Activin Receptor Signaling Pathway (GO:0032925),-0.49919930808408763,-0.8725065505355645,0.6610455311973018,1.0,1.0,3/15,7.09%,SKI;FSTL3;ACVR2A
prerank,Vesicle-Mediated Transport To The Plasma Membrane (GO:0098876),-0.38193647029263034,-0.8724628159141402,0.7456896551724138,1.0,1.0,21/77,15.26%,EIPR1;EXOC6;COMMD1;LMTK2;VPS53;EHD3;GGA1;EHD4;CCDC22;STEAP2;EXOC5;RAB35;DENND1C;ARL3;SNX17;EXOC2;GGA2;EPS15;VPS26C;ANKRD50;VPS51
prerank,Positive Regulation By Symbiont Of Entry Into Host (GO:0075294),0.5100926875383602,0.8720060853736455,0.6098765432098765,1.0,1.0,4/12,13.12%,TRIM11;TMPRSS4;HMGB1;SMPD1
prerank,Positive Regulation Of Viral Entry Into Host Cell (GO:0046598),0.5100926875383602,0.8720060853736455,0.6098765432098765,1.0,1.0,4/12,13.12%,TRIM11;TMPRSS4;HMGB1;SMPD1
prerank,Lysosome Organization (GO:0007040),-0.42548835434233123,-0.871999518820515,0.7029096477794793,1.0,1.0,8/36,8.72%,ZFYVE26;SNAPIN;GRN;HOOK2;TPP1;HPS1;AKTIP;HOOK1
prerank,External Encapsulating Structure Organization (GO:0045229),-0.37247421530534014,-0.8717289418935903,0.7606382978723404,1.0,1.0,16/102,17.02%,GFOD2;MMP17;COL23A1;COL5A2;COL5A1;ADAMTS8;COL24A1;COL11A1;MMP28;THSD4;ADAMTS13;APP;COL4A3;ADAMTS18;ADAMTS19;MMP16
prerank,Peripheral Nervous System Development (GO:0007422),0.455134900217917,0.8716760155726261,0.6358974358974359,1.0,1.0,7/19,12.23%,NF1;SOX8;ADGRB2;GSTM3;PMP22;SOX10;UGT8
prerank,Phospholipid Biosynthetic Process (GO:0008654),-0.45321904940398755,-0.8715801767489662,0.6482084690553745,1.0,1.0,9/26,14.96%,SRD5A3;VAPA;PIP5K1A;SAMD8;OSBP;SPHK2;DHDDS;FDPS;HDHD5
prerank,Multivesicular Body Organization (GO:0036257),-0.4486636411570776,-0.8712476901957684,0.6857142857142857,1.0,1.0,11/29,18.60%,CHMP2A;RAB11A;VPS28;CHMP3;CHMP7;RAB27A;VPS37A;UBAP1;VPS37C;VPS4B;CHMP2B
prerank,Regulation Of Histone Modification (GO:0031056),-0.4884411633053974,-0.8711241143620395,0.6605042016806723,1.0,1.0,6/16,8.85%,MTHFR;NFYC;HPF1;TADA3;KAT14;UBE2N
prerank,Regulation Of Cytokinesis (GO:0032465),0.3510505761717936,0.8711068171911832,0.7824675324675324,1.0,1.0,28/69,19.10%,SH3GLB1;AURKA;BBS4;UVRAG;ENTR1;PIK3C3;KIF14;RAB11FIP3;CDC14A;PKN2;CDC42;GIPC1;ECT2;PKP4;KLHL21;BIRC6;RAB11FIP4;ZFYVE19;CCP110;CSPP1;RACGAP1;KLHL13;KIF13A;DCDC1;MYO19;CUL3;PRPF40A;RHOA
prerank,Regulation Of SMAD Protein Signal Transduction (GO:0060390),-0.4520235104841225,-0.8709461992878531,0.6655844155844156,1.0,1.0,6/26,13.56%,KIAA0319;TGFBR1;BMPR2;OVOL2;RBPMS;BMPR1A
prerank,Regulation Of Protein Import Into Nucleus (GO:0042306),0.39960118835169844,0.8700078332632081,0.7130177514792899,1.0,1.0,14/35,16.44%,TRIM28;ZC3H12A;UBR5;CHP1;HCLS1;PRKCD;ECT2;CDH1;IPO5;PSEN1;JUP;TPR;UFM1;SUFU
prerank,Protein Sumoylation (GO:0016925),0.3875780421515595,0.8699813698271249,0.7110481586402266,1.0,1.0,12/41,9.63%,SMC5;IFIH1;TRIM28;ZMIZ1;ZNF451;RANGAP1;PIAS3;PML;TOPORS;SENP1;MDM2;HDAC9
prerank,Striated Muscle Contraction (GO:0006941),0.35702309535163046,0.8699123491255488,0.7774193548387097,1.0,1.0,11/56,9.75%,MYH7B;MYH3;MYBPC3;STAC3;PIK3CA;DTNA;TCAP;NOS1;GAA;GRK2;ARHGEF11
prerank,Glycine Transport (GO:0015816),-0.5504124208998539,-0.8698244508619474,0.6537102473498233,1.0,1.0,1/10,5.25%,SLC6A17
prerank,Muscle Tissue Morphogenesis (GO:0060415),0.4833592731581964,0.8695331985473114,0.6405405405405405,1.0,1.0,3/15,10.23%,TCAP;PROX1;TGFBR3
prerank,Folic Acid-Containing Compound Metabolic Process (GO:0006760),0.47335656922861885,0.8694387967319914,0.6708229426433915,1.0,1.0,6/15,9.09%,DHFR2;SLC25A32;MTR;SLC19A1;SHMT1;FTCD
prerank,Regulation Of Protein Tyrosine Kinase Activity (GO:0061097),-0.428883882479841,-0.8693191924853106,0.6923076923076923,1.0,1.0,11/37,15.81%,DLG3;THY1;EPHA4;SH3BP5;IL34;FCGR1A;APP;GRM5;PTPN1;NCK2;PRNP
prerank,Regulation Of Bone Resorption (GO:0045124),-0.4579535928447829,-0.869318945168533,0.6910828025477707,1.0,1.0,4/25,12.66%,GPR137B;UBASH3B;PRKCA;SRC
prerank,Receptor Clustering (GO:0043113),-0.4896440526263838,-0.8689548641962428,0.6828046744574291,1.0,1.0,5/18,13.89%,THY1;DNAJA3;ITGB1BP1;NRXN1;NRXN2
prerank,Nitric Oxide Metabolic Process (GO:0046209),-0.5086530323882278,-0.8689254328135452,0.654424040066778,1.0,1.0,3/14,12.36%,SLC7A6;CYB5B;ARG2
prerank,Post-Transcriptional Regulation Of Gene Expression (GO:0010608),0.3629688095596235,0.868854705482848,0.7515923566878981,1.0,1.0,9/56,5.97%,ELP1;ZC3H7A;CELF1;PER1;YTHDC1;MEX3D;GIGYF2;MSI2;GCN1
prerank,Peptidyl-Serine Modification (GO:0018209),0.3135865827517521,0.8686392754705665,0.9354838709677419,1.0,1.0,43/162,12.11%,MAPK14;CSNK1G3;AURKA;PRKCZ;PDPK1;DYRK1A;PRKACA;SGK3;PRKCH;AKT3;CSNK2A2;DYRK4;ULK1;ATM;HIPK3;WNK1;MAPKAPK2;PKN2;STK38;TAF1;RPS6KA3;PAK2;TTBK2;CAMK1D;PDK3;VRK2;PRKCD;SGK1;DMPK;PDGFB;GRK2;MAST2;RPS6KB1;AKT2;DYRK1B;GALNT3;GALNT2;ROCK2;CAMK1;ROCK1;TGFBR2;GAS6;STK39
prerank,Sulfur Compound Transport (GO:0072348),-0.468918333521669,-0.8682811291981797,0.6704180064308681,1.0,1.0,7/21,13.26%,SLC26A4;SLC25A11;SLC26A11;SLC35B3;SLC35F3;SLC19A2;SLC35B2
prerank,Positive Regulation Of Morphogenesis Of An Epithelium (GO:1905332),0.43712886718581334,0.8682346719353518,0.6806930693069307,1.0,1.0,3/23,12.22%,SOX8;WNT5B;GJA1
prerank,Cellular Response To Hormone Stimulus (GO:0032870),-0.3739512392370771,-0.8681814024460006,0.7640449438202247,1.0,1.0,17/86,13.44%,ATP1A1;CTSL;LMO2;NCOA4;SERPINB9;GPR22;FFAR4;UBE2L3;SLIT1;ESR2;CTSS;XBP1;ROBO2;ESR1;ATP1A2;SRC;BRD8
prerank,Cell Proliferation In Forebrain (GO:0021846),-0.5454874872001878,-0.8681701535282593,0.6630434782608695,1.0,1.0,2/10,3.26%,NUMBL;DOCK7
prerank,"Nuclear-Transcribed mRNA Catabolic Process, Exonucleolytic (GO:0000291)",-0.5028802322727449,-0.8679573200180392,0.6454849498327759,1.0,1.0,5/15,7.17%,DIS3;EXOSC8;POLR2G;EXOSC4;CNOT8
prerank,Regulation Of Protein Catabolic Process (GO:0042176),0.32565189208558176,0.8679038769916029,0.8921161825726142,1.0,1.0,26/114,12.83%,PRKN;EGFR;FAF1;PRKACA;WDR91;ZDHHC2;PSME3;DACT1;FOXO1;TIPARP;MDM4;NSF;BARD1;IRAK3;SEC22B;SNF8;MDM2;WNT5A;DNAAF4;NUDT15;SORL1;OAZ2;IDE;CHEK2;RDX;EEF1A2
prerank,Positive Regulation Of Leukocyte Chemotaxis (GO:0002690),-0.4052154700059508,-0.8677810601768761,0.7359050445103857,1.0,1.0,11/52,19.16%,CCR1;IL6R;LGMN;CALR;IL34;CXCL12;C1QBP;AIF1;CMKLR1;PLA2G7;LGALS9
prerank,Fatty Acid Beta-Oxidation (GO:0006635),0.3658604288582904,0.8677158900120445,0.7523809523809524,1.0,1.0,15/48,14.70%,ECHS1;ECHDC1;ACADS;ACAA2;IVD;ECI1;GCDH;HADHB;SCP2;ACADM;ACOXL;ACOT8;ECHDC2;DECR1;HSD17B4
prerank,Positive Regulation Of Nervous System Process (GO:0031646),-0.4805718846088185,-0.8676224265685134,0.6619496855345912,1.0,1.0,3/18,5.61%,RIMS1;RIMS2;TNFRSF1B
prerank,Positive Regulation Of Cold-Induced Thermogenesis (GO:0120162),0.3408595899735622,0.867582425414061,0.8197879858657244,1.0,1.0,33/89,18.53%,ADIPOR2;EHMT1;KDM3A;STAT6;PRKAB2;PRDM16;GATM;GADD45G;HCRT;PPARGC1B;CNOT3;TRPV2;PDGFC;THRA;FH;GJA1;ZNF516;KDM6B;SCD;TSHR;DECR1;OGT;ELOVL6;IGF1R;IL18;ALMS1;SYK;HSF1;GHRL;MFN2;CXCR4;GRB10;JAK2
prerank,Lipid Modification (GO:0030258),-0.4228384656182438,-0.8675556203768541,0.6998491704374057,1.0,1.0,11/41,15.01%,PLPPR4;PLPP5;PLPP1;DGKB;LPCAT3;PLPP4;DGKD;PLPPR5;PLPP3;DGKI;DGKA
prerank,Adrenergic Receptor Signaling Pathway (GO:0071875),0.46465855690690183,0.8674401824099117,0.6675191815856778,1.0,1.0,5/17,12.39%,ADRA1B;AKAP13;DRD1;ZDHHC21;ADRA2C
prerank,T Cell Differentiation In Thymus (GO:0033077),0.5126673773802704,0.867261825903544,0.6312056737588653,1.0,1.0,4/12,22.02%,ZFP36L2;MR1;PTPRC;LIG4
prerank,Morphogenesis Of A Polarized Epithelium (GO:0001738),-0.5274802515184431,-0.8672383543918465,0.6713780918727915,1.0,1.0,6/12,23.09%,INTU;ACTG1;AHI1;WDPCP;TRAF3IP1;RAB10
prerank,Positive Regulation Of Double-Strand Break Repair Via Homologous Recombination (GO:1905168),-0.42657974067567395,-0.8672213173974578,0.6947040498442367,1.0,1.0,13/36,13.53%,OOEP;MORF4L2;ACTR2;PIAS4;MEAF6;KAT5;MRNIP;DMAP1;VPS72;EP400;EPC2;BRD8;FUS
prerank,Positive Regulation Of Transferase Activity (GO:0051347),-0.35612076705430573,-0.867028028563216,0.7835723598435462,1.0,1.0,31/136,13.82%,DCUN1D2;NBN;FBXW7;PIN1;BMI1;PARM1;DKC1;NTRK3;MAP2K7;CCT2;SERINC1;TNIP1;DDR2;ARRDC3;MERTK;UBE2L3;UBE2I;CD200;PRKCQ;UBE2N;CHTF8;CHRNA7;MAPKAPK5;HSP90AA1;PCNA;HSP90AB1;XRCC5;PKIB;HLA-DRB1;PARN;ROR2
prerank,Nuclear Transport (GO:0051169),0.3906721745066259,0.8668854375399253,0.7138728323699421,1.0,1.0,18/36,20.26%,XPO1;NUP133;RANGAP1;NUP43;NUP188;NUP153;NUP205;NUP210;POM121;RBM15B;NPM1;TPR;NUP37;AHCTF1;NUP50;NUP107;ANP32A;NUP93
prerank,Mitotic Cell Cycle Phase Transition (GO:0044772),-0.3651449831374157,-0.8668107131965368,0.7838196286472149,1.0,1.0,27/110,16.14%,USP37;CAMK2A;CDKN1A;EIF4EBP1;CCDC57;CCND2;CHMP2A;PLCB1;ARPP19;FBXL15;CCNG1;CHMP7;CDC25B;KDM8;ENSA;CCNI;CDK14;BCAT1;CCND1;CUL4B;ANAPC1;GSPT1;TACC3;LATS2;LATS1;PPP6C;EIF4E
prerank,Regulation Of Endoplasmic Reticulum Stress-Induced Intrinsic Apoptotic Signaling Pathway (GO:1902235),-0.46070108074533195,-0.8667560604742154,0.6688206785137318,1.0,1.0,9/23,15.54%,PARK7;EIF2AK3;BCL2L11;DDIT3;SELENOS;TXNDC12;XBP1;PTPN1;NCK2
prerank,Positive Regulation Of mRNA Metabolic Process (GO:1903313),0.5022561697046088,0.866692155813921,0.6129032258064516,1.0,1.0,3/12,3.13%,MOV10;ZC3H12A;GTPBP1
prerank,Embryonic Hemopoiesis (GO:0035162),0.5217299997037451,0.8666676771043357,0.6690647482014388,1.0,1.0,5/11,16.83%,KMT2A;TGFBR2;THOC5;SH2B3;HSCB
prerank,Positive Regulation By Host Of Viral Transcription (GO:0043923),0.478773078353472,0.8660616605424624,0.6309226932668329,1.0,1.0,5/16,11.62%,SMARCB1;TFAP4;CHD1;CTDP1;TAF11
prerank,Positive Regulation Of Angiogenesis (GO:0045766),-0.36250879475929415,-0.8660541296530678,0.7742782152230971,1.0,1.0,27/113,17.80%,PKM;TMIGD2;ITGB1;HIPK1;CD40;SIRT6;GRN;MYDGF;PLCG1;BMPER;PRKCA;MTDH;CNTN1;CHRNA7;ETS1;ITGA5;XBP1;IL1A;PRKCB;JMJD8;CTSH;HMOX1;PRKD2;ANGPTL4;SIRT1;HK2;HSPB1
prerank,Negative Regulation Of Fatty Acid Metabolic Process (GO:0045922),0.4677118105333819,0.8658862474140463,0.6361185983827493,1.0,1.0,4/16,12.85%,NCOR1;DCAF5;ERLIN1;UBR4
prerank,Regulation Of Actomyosin Structure Organization (GO:0110020),0.5046849360948775,0.8658697561372243,0.6266666666666667,1.0,1.0,7/12,16.63%,PTGER4;AKAP13;CDC42;ROCK2;ROCK1;WAS;ALMS1
prerank,Translational Elongation (GO:0006414),-0.4234342373498081,-0.8656888356464773,0.6796116504854369,1.0,1.0,12/35,16.55%,GFM1;LTN1;ASCC2;RCHY1;EEF1B2;RNF25;EEF2K;TRIP4;ASCC3;EIF5A;USP10;TUFM
prerank,Synaptic Vesicle Localization (GO:0097479),-0.5114013559607604,-0.8656534065901269,0.6395939086294417,1.0,1.0,6/13,17.38%,SNAPIN;RAB27A;CDK5;KIF5A;KIF5C;DNM2
prerank,Regulation Of Mitochondrial Depolarization (GO:0051900),-0.5537249435514394,-0.8652914578257858,0.6463620981387479,1.0,1.0,1/10,0.75%,MLLT11
prerank,Negative Regulation Of Cold-Induced Thermogenesis (GO:0120163),-0.4151970602291838,-0.8652301717654153,0.7173252279635258,1.0,1.0,14/41,17.89%,ACOT13;DOCK7;DDIT3;ARRDC3;IP6K1;ATF4;RBPJ;LAMA4;LNPEP;ADAM17;RB1;NOVA1;NR1D1;NRDC
prerank,Cellular Response To Starvation (GO:0009267),0.3197746848232624,0.8650504019989015,0.952,1.0,1.0,34/116,15.87%,RNF152;SH3GLB1;GAS2L1;EHMT2;PPARA;SESN1;FOXO1;ZC3H12A;PIK3C3;PLIN3;PRKAA1;VPS41;GCN1;GABARAP;WIPI2;USP33;LAMP2;NUAK2;RRAGA;PLIN2;SESN3;WDR59;WDR45;PDK4;MAPK1;XPR1;LRRK2;FOXO3;MTMR3;MAPK3;RALB;WIPI1;PRKD1;TFEB
prerank,Regulation Of Exit From Mitosis (GO:0007096),0.5093220830905788,0.8650109989620252,0.6247030878859857,1.0,1.0,4/13,15.75%,CDC14A;CDC23;KNTC1;PHB2
prerank,Cellular Response To Copper Ion (GO:0071280),-0.4935452371074135,-0.8648161618737228,0.6539735099337748,1.0,1.0,7/16,20.68%,MT1M;MT1X;MT1G;PRNP;MT1F;MT2A;DAXX
prerank,Regulation Of Dopamine Secretion (GO:0014059),-0.4635296831432101,-0.8648073904660658,0.6894904458598726,1.0,1.0,8/21,13.01%,SYT11;SYT1;SYT13;SYT2;SYT5;DTNBP1;SYT10;SYT4
prerank,Positive Regulation Of Amide Metabolic Process (GO:0034250),0.3364513548945873,0.8647695955099015,0.8304498269896193,1.0,1.0,19/81,10.96%,PLD1;GUF1;FXR1;EFNA1;PICALM;ABCG1;LARP6;AGO2;PRMT1;UPF3A;PLA2G6;SAMD4A;EIF4G3;PRKCD;RPS6KB1;VIM;UPF3B;CPEB3;ROCK2
prerank,Regulation Of MAP Kinase Activity (GO:0043405),0.3234381792866423,0.8644034129874087,0.9090909090909091,1.0,1.0,18/109,10.73%,DUSP19;EGFR;GHR;EZH2;PIK3CG;SOS1;NF1;IRAK3;STK38;TSG101;SNF8;DUSP7;PRKCD;PDGFB;INSR;PDGFC;SORL1;FGF1
prerank,Positive Regulation Of Spindle Checkpoint (GO:0090232),-0.5338154611407306,-0.8636086379215675,0.6723549488054608,1.0,1.0,2/11,12.84%,MAD1L1;DYNC1LI1
prerank,Positive Regulation Of Mitotic Cell Cycle Spindle Assembly Checkpoint (GO:0090267),-0.5338154611407306,-0.8636086379215675,0.6723549488054608,1.0,1.0,2/11,12.84%,MAD1L1;DYNC1LI1
prerank,Nuclear Chromosome Segregation (GO:0098813),-0.5007718665187267,-0.8634993936703572,0.6624605678233438,1.0,1.0,3/15,15.05%,MAP1S;KIF22;LATS1
prerank,"RNA Splicing, Via Transesterification Reactions With Bulged Adenosine As Nucleophile (GO:0000377)",-0.34655006761461665,-0.8631482075210375,0.8154235145385588,1.0,1.0,42/170,13.68%,CWC15;SNRPD3;LSM7;PIN1;CWC27;SNRPB;METTL3;SNRPE;SNRPD2;LSM8;GPATCH1;SNU13;SNIP1;SNRPB2;SNRPD1;PRPF40B;RBM4B;RNPS1;EFTUD2;GEMIN5;SNRPA1;SNRPN;METTL14;DDX41;PLRG1;U2AF1;GEMIN6;FRG1;DHX35;SMU1;PNN;CWC22;SNRNP35;CWC25;SF3A3;TXNL4A;RBM10;CWF19L2;SNRPG;PPIH;HNRNPH1;PPIE
prerank,Mitotic G2/M Transition Checkpoint (GO:0044818),0.37229486685130253,0.8630873430246635,0.7329376854599406,1.0,1.0,9/43,10.06%,DEPDC1B;FZR1;NABP2;ATM;DONSON;BARD1;BLM;TAOK1;MRE11
prerank,Icosanoid Biosynthetic Process (GO:0046456),-0.4847988920654785,-0.8629908225243564,0.6733333333333333,1.0,1.0,4/17,14.88%,LTC4S;MGST3;LTA4H;ALOX5AP
prerank,Positive Regulation Of Epithelial Cell Migration (GO:0010634),0.33630468619550064,0.8626832718872589,0.8275862068965517,1.0,1.0,18/92,10.96%,SCARB1;MAPRE2;RRAS;RIN2;ZC3H12A;BCAS3;PIK3CG;ARF6;TGFB2;EMC10;BCAR1;FOXP1;WNT5A;PROX1;IQSEC1;FGF1;DOCK5;ROCK2
prerank,Positive Regulation Of Lymphocyte Migration (GO:2000403),0.4823758481498527,0.8626649428062181,0.6445497630331753,1.0,1.0,3/14,5.29%,TNFRSF14;NEDD9;DOCK8
prerank,Cellular Response To pH (GO:0071467),0.44843022667499893,0.862535096928395,0.6442048517520216,1.0,1.0,4/20,7.16%,RAB11B;ASIC1;CHP1;SCNN1D
prerank,Positive Regulation Of Biosynthetic Process (GO:0009891),0.38291449685385126,0.8625178940554287,0.711484593837535,1.0,1.0,8/38,12.59%,PPARA;ZBTB20;LARP6;HSD17B13;VIM;SCX;MLXIPL;CREBL2
prerank,Regulation Of Autophagosome Maturation (GO:1901096),0.47564790034858817,0.86251077164403,0.6331658291457286,1.0,1.0,5/16,3.57%,UBQLN4;FYCO1;UVRAG;CALCOCO2;ATG12
prerank,Regulation Of DNA Binding (GO:0051101),-0.40803560417398727,-0.8624565472693941,0.7279305354558611,1.0,1.0,4/45,2.35%,SKI;JUN;TXN;EDF1
prerank,Cellular Response To Cadmium Ion (GO:0071276),-0.4634301609855408,-0.8623706186366112,0.684887459807074,1.0,1.0,8/22,17.22%,JUN;SLC11A1;MT1X;MT1G;MAPK8;NCF1;SUMO1;MT1F
prerank,DNA Unwinding Involved In DNA Replication (GO:0006268),0.4472181385696779,0.8619437541095188,0.6519607843137255,1.0,1.0,7/19,13.67%,RECQL;MCM3;RECQL4;GINS1;MCM5;MCM6;MCM7
prerank,Positive Regulation Of Establishment Of Protein Localization To Mitochondrion (GO:1903749),-0.43323509893960915,-0.8616946050672956,0.6807511737089202,1.0,1.0,9/31,9.90%,USP36;FBXW7;PIN1;TOMM7;ARIH2;UBE2L3;SAE1;UBE2D3;SREBF2
prerank,Regulation Of T Cell Differentiation (GO:0045580),0.37411474884136525,0.8616650363779913,0.7381615598885793,1.0,1.0,9/44,6.93%,ARID1B;ARID2;SMARCB1;ZMIZ1;KAT2A;SMARCA2;ZBTB1;ACTL6A;SMARCC2
prerank,Mitotic DNA Replication (GO:1902969),0.5361713731703374,0.8615667371597147,0.6397228637413395,1.0,1.0,5/10,14.42%,POLA1;MCM3;GINS1;MCM6;LIG1
prerank,Synaptic Vesicle Transport (GO:0048489),-0.5413368847370686,-0.8611021091853992,0.6784452296819788,1.0,1.0,5/10,17.38%,SNAPIN;RAB27A;KIF5A;KIF5C;DNM2
prerank,Regulation Of Protein-Containing Complex Assembly (GO:0043254),-0.36311790869464744,-0.8610103822554187,0.7836021505376344,1.0,1.0,33/108,17.32%,RIOK3;PARK7;PREB;EIF2AK2;BCL2L11;NAPA;SAR1B;HCFC1;HSPA5;NRG1;VCP;SLF2;TGFBRAP1;CLU;DDX3X;BID;HSP90AA1;STXBP1;SRC;STX1B;NCLN;VPS16;ANKS1B;LATS1;RPS3;RB1;SUMO1;HCK;GNL3L;TFRC;VPS11;SVIP;CLEC7A
prerank,Cytoskeleton-Dependent Intracellular Transport (GO:0030705),-0.4646884772960135,-0.8607256742401928,0.7007874015748031,1.0,1.0,8/20,15.12%,TUBB2A;DYNC1I1;HOOK2;HOOK1;TUBA1B;DYNC1I2;MAP6;KIF1A
prerank,Heart Development (GO:0007507),-0.3490863315966568,-0.8606871341792984,0.8095872170439414,1.0,1.0,21/156,10.73%,ID2;PCSK5;CDKN1A;IFT122;SMG9;CXADR;MICAL2;SRI;TGFBR1;NTRK3;ADAP2;DYNLL1;FLRT3;CITED2;BMPR2;PDLIM7;NDRG4;POLR2D;SRF;FGF12;NDUFV2
prerank,Non-Motile Cilium Assembly (GO:1905515),0.39974411485271916,0.8605232927297872,0.7146666666666667,1.0,1.0,8/30,10.71%,BBS10;BBS4;TMEM216;ARL13B;CEP89;TOGARAM1;CC2D2A;RPGRIP1
prerank,Secondary Alcohol Biosynthetic Process (GO:1902653),0.4119850715966638,0.8604486462505515,0.663768115942029,1.0,1.0,7/24,12.82%,PLPP6;INSIG2;FDFT1;INSIG1;LSS;MVK;DHCR24
prerank,Regulation Of Osteoblast Differentiation (GO:0045667),-0.37585594515288684,-0.8603171202972839,0.751696065128901,1.0,1.0,18/82,14.80%,SKI;NELL1;IL6R;RORB;HGF;DDR2;FFAR4;ACVR2A;BMPR2;NBR1;ATF4;ATRAID;PPP3CA;CRIM1;LRP3;BMPR1A;CTNNBIP1;BMPR1B
prerank,Histone mRNA Catabolic Process (GO:0071044),-0.5174711271329194,-0.8602799322588077,0.6903114186851211,1.0,1.0,5/13,10.87%,MTPAP;EXOSC4;UPF1;TENT4B;LSM1
prerank,Positive Regulation Of Double-Strand Break Repair (GO:2000781),-0.37190421060774526,-0.8599437545049256,0.7751824817518248,1.0,1.0,27/84,13.53%,OOEP;MORF4L2;ACTR2;SMARCD3;PIAS4;MEAF6;SIRT6;KAT5;FMN2;SLF2;TRAPPC13;SHLD2;DPF3;UBE2N;UBE2V2;ZCWPW1;MRNIP;KMT5B;DMAP1;VPS72;PHF10;SHLD1;EP400;EPC2;SMARCD1;BRD8;FUS
prerank,Regulation Of Focal Adhesion Assembly (GO:0051893),-0.3967029488336015,-0.8598543005694638,0.735820895522388,1.0,1.0,16/54,17.49%,NELL1;THY1;EFNA5;FAM107A;ITGB1BP1;NRG1;DYNLL1;PPM1F;PTPRA;RAC1;SRC;ACTG1;DMTN;TSC1;SLC9A1;SFRP1
prerank,Eye Development (GO:0001654),-0.4001182433741639,-0.8598028852663685,0.6991017964071856,1.0,1.0,13/49,17.78%,SKI;SMG9;HIPK1;COL5A2;COL5A1;SOX2;POLR2D;RAB18;PBX3;BMPR1B;SH3PXD2B;ADAMTS18;CACNA1C
prerank,Cellular Response To Type I Interferon (GO:0071357),0.433645348773779,0.8596533347966326,0.663768115942029,1.0,1.0,11/23,19.48%,TANK;TYK2;STAT1;STAT2;IFIT1;MYD88;TRAF3;IRAK1;IKBKE;HDAC4;IFNAR1
prerank,Membrane Protein Intracellular Domain Proteolysis (GO:0031293),-0.5150425686476529,-0.8594995637544517,0.6952861952861953,1.0,1.0,6/12,20.40%,RHBDD1;SPPL2A;SPPL2B;APH1B;MBTPS1;APH1A
prerank,Inositol Phosphate-Mediated Signaling (GO:0048016),-0.4882942654632779,-0.8594911143442111,0.6834782608695652,1.0,1.0,5/17,14.22%,NFATC1;PPP3CA;PPP3CB;PLCE1;NFAT5
prerank,Determination Of Left/Right Symmetry (GO:0007368),0.39603137825569146,0.8593205660890492,0.6976127320954907,1.0,1.0,7/33,16.11%,CCDC40;RFX3;GALNT11;DNAAF4;DNAH11;MEGF8;MKKS
prerank,Regulation Of Insulin Secretion Involved In Cellular Response To Glucose Stimulus (GO:0061178),0.4098739058987814,0.859255762746631,0.6912568306010929,1.0,1.0,6/25,14.14%,KLF7;PLA2G6;PIM3;STX4;ADCY5;BAIAP3
prerank,Regulation Of Protein Metabolic Process (GO:0051246),0.33145064303374716,0.8592192073738287,0.8759124087591241,1.0,1.0,18/91,11.78%,ELP1;FAF1;WDR91;ZDHHC2;SPOPL;UHRF1;KLF4;NFKBIA;NR1H2;MSI2;GCN1;WFS1;SNF8;MDM2;RHOBTB3;ROCK2;CHEK2;EIF4G1
prerank,Positive Regulation Of mRNA Catabolic Process (GO:0061014),0.3832467029254511,0.859160384821705,0.717391304347826,1.0,1.0,13/45,11.15%,TNRC6B;MOV10;CELF1;FXR1;ZC3H12A;MEX3D;GTPBP1;GIGYF2;ZFP36L2;KHSRP;CPEB3;ROCK2;ROCK1
prerank,Negative Regulation Of Microtubule Polymerization (GO:0031115),-0.5346264670359715,-0.8590149424546197,0.6858638743455497,1.0,1.0,3/11,8.12%,STMN2;STMN1;MAP2
prerank,Positive Regulation Of Macrophage Activation (GO:0043032),-0.5238505534537427,-0.8586604782323228,0.6552901023890785,1.0,1.0,4/12,20.58%,UXT;TNIP2;HSPD1;TREM2
prerank,Immune Response-Activating Cell Surface Receptor Signaling Pathway (GO:0002429),-0.4632011267875279,-0.8583817074128732,0.6949685534591195,1.0,1.0,6/21,12.58%,FPR1;SH2B2;LYN;FCER1G;CR1;C5AR1
prerank,DNA Conformation Change (GO:0071103),0.5090796301639541,0.8580899667185593,0.6317016317016317,1.0,1.0,6/12,15.99%,TOP2B;MTERF1;TOP3B;HMGB1;HMGB2;HHEX
prerank,Activation Of Protein Kinase B Activity (GO:0032148),-0.45731554595964197,-0.8579851114964159,0.6831683168316832,1.0,1.0,5/22,6.40%,PARK7;TXN;NTRK3;ITGB1BP1;NRG1
prerank,Regulation Of Behavior (GO:0050795),-0.48012845290328066,-0.8576556510767855,0.6808510638297872,1.0,1.0,8/17,22.92%,AHI1;NR1D1;EIF2AK4;RELN;MTOR;LEPR;MBD5;CNTNAP4
prerank,Mitotic Spindle Organization (GO:0007052),-0.3722110863428891,-0.8575890613424383,0.7649456521739131,1.0,1.0,16/85,10.72%,MECP2;MAP1S;MAP9;NUDC;OFD1;STMN1;RAB11A;CKAP5;VCP;EFHC1;DCTN2;KIF3B;RAN;BCCIP;CEP126;ABRAXAS1
prerank,Placenta Development (GO:0001890),-0.46955689542041174,-0.8575334938530521,0.6682242990654206,1.0,1.0,2/19,9.90%,SOD1;ESRRB
prerank,Positive Regulation Of p38MAPK Cascade (GO:1900745),0.42632329228632326,0.8573519450918063,0.6484375,1.0,1.0,5/23,6.86%,MAP3K4;ZC3H12A;PRMT1;GADD45G;MINK1
prerank,Transcription By RNA Polymerase II (GO:0006366),-0.344360585244204,-0.8573448019922287,0.85,1.0,1.0,56/179,17.36%,ELOF1;POLR2H;POLR2L;SNAPC5;NFE2L3;TCEA1;POLR2G;POLR2A;DEAF1;PAAF1;RXRB;TBP;NFX1;SSU72;GLIS3;DDX21;ZC3H8;PPARGC1A;ZBTB7B;ELP4;ATF4;GTF2E1;POLR2C;POLR2K;POLR2D;CBFB;ELOC;CTR9;XBP1;TAF1C;MED27;CCNT2;HLTF;TAF4B;TSC22D1;C5AR1;CDK7;ERCC2;SUB1;ERCC3;NFAT5;ELL;MED23;POLR2J;SUPT6H;NFYA;MAZ;RXRA;GMEB2;RTF1;PIR;MED4;TRIM24;SETD2;GTF2H5;SOX5
prerank,Import Into Nucleus (GO:0051170),-0.383262725133569,-0.8573120929930671,0.7610241820768137,1.0,1.0,19/71,15.22%,HEATR3;IPO7;NUP155;RANBP6;IPO9;EIF4ENIF1;SEC13;RANBP17;PRICKLE1;APLP2;NUP85;RAN;KPNA2;KPNA4;RANGRF;SNUPN;FAM53C;STK4;BCL3
prerank,Regulation Of Systemic Arterial Blood Pressure (GO:0003073),-0.5011171216020682,-0.8571082813854657,0.66553480475382,1.0,1.0,5/14,20.25%,BMPR2;DDAH1;GSK3A;GPR37L1;PRCP
prerank,Positive Regulation Of Protein Processing (GO:0010954),-0.49010734859635496,-0.8570646611671676,0.7068345323741008,1.0,1.0,2/17,3.30%,ENO1;RHBDD1
prerank,DNA Geometric Change (GO:0032392),0.40468924108782595,0.8570163897662455,0.7094240837696335,1.0,1.0,12/28,12.84%,SUPV3L1;HNRNPA2B1;POT1;MCM9;BLM;RECQL4;DHX9;MTERF1;MRE11;DNA2;HMGB1;HMGB2
prerank,Regulation Of Catabolic Process (GO:0009894),-0.4646771513021435,-0.8569235977231152,0.7032258064516129,1.0,1.0,5/21,4.56%,UBE3A;NUB1;ITGB1;TMEM9;SIRT6
prerank,Regulation Of Vascular Associated Smooth Muscle Cell Migration (GO:1904752),-0.521742603730249,-0.8568303459156545,0.6786941580756014,1.0,1.0,5/12,19.62%,DOCK7;TPM1;IGFBP5;MEF2C;PRKG1
prerank,mRNA Processing (GO:0006397),-0.3393043426666437,-0.8566985134151449,0.849502487562189,1.0,1.0,50/201,13.68%,CMTR2;CWC15;SNRPD3;HEXIM1;LSM7;PIN1;CWC27;SNRPB;METTL3;SNRPE;SNRPD2;LSM8;GPATCH1;SNU13;SNIP1;SNRPB2;RNGTT;SNRPD1;ERN1;PPARGC1A;PRPF40B;RBM4B;RNPS1;EFTUD2;GEMIN5;CMTR1;SNRPA1;SNRPN;METTL14;DDX41;PLRG1;U2AF1;GEMIN6;FRG1;DHX35;SMU1;PNN;NUDT21;CWC22;SNRNP35;CWC25;SRRM4;SF3A3;TXNL4A;RBM10;CWF19L2;SNRPG;PPIH;HNRNPH1;PPIE
prerank,Negative Regulation Of Cell Migration Involved In Sprouting Angiogenesis (GO:0090051),0.5006459953374844,0.8566389504152628,0.6475,1.0,1.0,2/13,5.59%,KLF4;STARD13
prerank,Regulation Of Glycogen Biosynthetic Process (GO:0005979),0.4237542920745611,0.8564247756020774,0.6871657754010695,1.0,1.0,5/23,9.95%,PPP1R3B;PPP1R3F;IRS2;AKT2;INSR
prerank,Dendrite Self-Avoidance (GO:0070593),-0.5240366394499661,-0.8563561124148581,0.6693944353518821,1.0,1.0,4/12,18.23%,CNTN4;NEXN;CNTN6;PALLD
prerank,ATP Metabolic Process (GO:0046034),-0.432329988099765,-0.856312211926597,0.7140575079872205,1.0,1.0,12/32,18.55%,ATP5F1B;ATP1B1;OLA1;FIGNL1;ATP1A2;PARG;ATP5F1A;BAD;NUDT5;CLPX;ATP5F1C;NUDT2
prerank,Negative Regulation Of Reactive Oxygen Species Metabolic Process (GO:2000378),-0.48388521159911513,-0.8561629199702793,0.6844660194174758,1.0,1.0,3/17,4.50%,PARK7;ABCB7;SIRT5
prerank,"Base-Excision Repair, Gap-Filling (GO:0006287)",0.5261650085089584,0.8560960613579379,0.6490384615384616,1.0,1.0,2/11,3.60%,POLG;POLE
prerank,Positive Regulation Of Cytosolic Calcium Ion Concentration Involved In Phospholipase C-activating G Protein-Coupled Signaling Pathway (GO:0051482),0.41793680630952895,0.8559673063957914,0.6839378238341969,1.0,1.0,5/25,14.81%,HTR2C;LPAR1;DRD1;P2RY8;C3AR1
prerank,UV-damage Excision Repair (GO:0070914),0.5159373107107692,0.8559175117879386,0.6793349168646081,1.0,1.0,2/11,2.86%,POLD3;POLA1
prerank,Endothelial Cell Development (GO:0001885),0.4375243154163418,0.855804716046893,0.6719160104986877,1.0,1.0,6/20,14.12%,RAPGEF3;PECAM1;RAP1A;GSTM3;RDX;PDE2A
prerank,Regulation Of Peptidyl-Threonine Phosphorylation (GO:0010799),0.3884210927997475,0.8557959000344898,0.7540983606557377,1.0,1.0,7/34,12.86%,SMAD7;CHI3L1;TNKS1BP1;PRKAG2;UBE2K;EIF4G1;MAPK1
prerank,Purine Ribonucleoside Bisphosphate Metabolic Process (GO:0034035),-0.5233067013514299,-0.8557501541883353,0.6558219178082192,1.0,1.0,2/11,13.26%,SULT1A1;TPST1
prerank,Protein Localization To Cilium (GO:0061512),-0.41345411301894214,-0.8557069266080876,0.7101226993865031,1.0,1.0,13/37,15.93%,IFT122;RAB29;WDR35;ARL6;TUB;ATP6V1D;IFT20;SNX10;FSIP2;TTC26;WDR19;NPHP4;TCTN1
prerank,Response To UV (GO:0009411),-0.3705048644627947,-0.8556672984415937,0.7903225806451613,1.0,1.0,35/91,19.24%,POLH;CDKN2D;METTL3;EIF2S1;RHBDD1;USP1;SIRT6;MAP2K7;DHX36;NOC2L;ATF4;RBX1;ATR;ERCC4;PCNA;CIRBP;ZRANB3;MSH2;INO80;CCND1;CUL4B;SDF4;CCAR2;REV1;ERCC3;MAPK8;BCL3;RELA;WRN;TENT4A;UVSSA;EIF2AK4;MSH6;BRSK1;DDB1
prerank,Histone H2A Acetylation (GO:0043968),-0.4631793533191828,-0.8556306083309722,0.6925515055467512,1.0,1.0,8/20,13.44%,MORF4L2;MEAF6;KAT5;DMAP1;VPS72;EP400;EPC2;BRD8
prerank,Dendritic Cell Migration (GO:0036336),-0.4997454406839089,-0.8556235196413129,0.6799307958477508,1.0,1.0,2/15,8.33%,CCR1;CLU
prerank,Regulation Of cAMP-mediated Signaling (GO:0043949),0.4527099211740039,0.855404769035449,0.6692307692307692,1.0,1.0,7/18,14.78%,PDE3A;RASD2;GPR62;GNAI1;PEX5L;PDE2A;PDE3B
prerank,Monoubiquitinated Protein Deubiquitination (GO:0035520),0.4027218877770587,0.8550503719166971,0.6815642458100558,1.0,1.0,15/32,13.41%,TAF4;KAT2B;KAT2A;SGF29;TAF5;TAF12;TMEM98;SUPT3H;TAF7;TAF6;ATXN7;USP15;TADA2B;TAF10;USP7
prerank,Positive Regulation Of T Cell Mediated Cytotoxicity (GO:0001916),0.4145047509416199,0.8546370665854864,0.6641221374045801,1.0,1.0,7/26,15.80%,IL12RB1;MICB;STX7;HFE;MR1;HLA-B;HLA-F
prerank,Response To Interferon-Alpha (GO:0035455),-0.5026974781231293,-0.8545387048082463,0.692967409948542,1.0,1.0,5/14,10.19%,EIF2AK2;MX2;IFITM2;IFITM3;BST2
prerank,Organelle Transport Along Microtubule (GO:0072384),-0.4171320729356823,-0.8544718630034716,0.6925418569254186,1.0,1.0,18/36,18.28%,MAP1S;UBB;BICD1;SNAPIN;DYNC1I1;FBXW11;HTT;LRPPRC;RAB6A;UXT;NDEL1;BORCS6;BICDL1;PAFAH1B1;TRAK2;RHOT2;MAPT;KXD1
prerank,ERK1 And ERK2 Cascade (GO:0070371),0.4293871983438397,0.8542370072077092,0.6649616368286445,1.0,1.0,8/23,20.30%,PTGER4;ZFP36L2;DUSP7;MAPK1;ITGAV;DUSP6;MYC;IGF1
prerank,Intrinsic Apoptotic Signaling Pathway By P53 Class Mediator (GO:0072332),-0.4295708304724888,-0.8540503173830744,0.7131901840490797,1.0,1.0,4/34,4.11%,TMEM109;HINT1;HIPK1;ZNF385B
prerank,Positive Regulation Of Protein Transport (GO:0051222),0.34231237805233544,0.8540392922175394,0.8145896656534954,1.0,1.0,14/63,12.79%,MYOM1;CD2AP;GOLPH3L;BCAS3;ARF6;ERGIC3;TGFB2;CHP1;GOLPH3;OAZ2;ATP2C1;PPID;CEP290;RUFY3
prerank,Embryonic Organ Development (GO:0048568),-0.3834316647490419,-0.8540296376269659,0.7581602373887241,1.0,1.0,14/65,15.35%,PCSK5;IFT122;RARB;RPL10;NDRG4;ATF4;RBPJ;KITLG;POLR2D;ESRRB;PBX3;BMPR1A;ERCC3;TEAD1
prerank,Aorta Development (GO:0035904),0.501135676615934,0.85396961459357,0.6473429951690821,1.0,1.0,5/13,19.10%,JAG1;TGFBR2;PDE2A;ROBO1;PKD2
prerank,Regulation Of Cyclin-Dependent Protein Serine/Threonine Kinase Activity (GO:0000079),-0.3734752346455977,-0.8539160343642478,0.7553041018387553,1.0,1.0,20/78,16.05%,CDKN1A;HEXIM1;CDC37;CDKN2D;IPO7;CCND2;PSMD10;CCNG1;CDKN2A;BCCIP;CCNI;CCNT2;CCND1;CDK7;ADAM17;CDK5R2;LATS2;LATS1;GTPBP4;APC
prerank,Renal System Development (GO:0072001),0.3592866425326251,0.8537442818336675,0.8252148997134671,1.0,1.0,11/53,14.41%,HELLS;TGFB2;WFS1;BAG6;STAT1;MYOCD;PROX1;SULF1;LRP4;CEP290;IFT88
prerank,Oligosaccharide Biosynthetic Process (GO:0009312),-0.46935400980807457,-0.8534372276645084,0.7193548387096774,1.0,1.0,3/19,12.83%,ST6GALNAC5;ST3GAL2;ST3GAL6
prerank,Regulation Of Proteasomal Ubiquitin-Dependent Protein Catabolic Process (GO:0032434),-0.3585917587123107,-0.8533264038455081,0.7900262467191601,1.0,1.0,25/107,11.09%,FBXO22;COMMD1;PARK7;GNA12;NUB1;PSMD10;UFL1;ARIH2;DESI1;UCHL5;VCP;RNF19B;RNF180;DDA1;CSNK1E;PRICKLE1;CLU;RCHY1;RBX1;BBS7;STUB1;SH3RF3;ARAF;UBXN1;HSP90AB1
prerank,Sensory Perception (GO:0007600),-0.40810984930503974,-0.8531707999181948,0.7140672782874617,1.0,1.0,7/43,15.71%,OPRM1;KCNK4;CHRNA7;TMEM150C;C5AR1;OPRL1;P2RX4
prerank,Positive Regulation Of Protein Kinase Activity (GO:0045860),-0.35349014837500303,-0.853089305864132,0.8322663252240717,1.0,1.0,29/134,11.74%,PRKAG1;CDKN1A;DLG3;XRCC6;IL6R;SLC11A1;ALS2;EPHA4;TOM1L1;CALM3;DDR2;MAP2K1;CALM1;CAB39L;CLU;DDX3X;CIB1;CAMKK2;MRNIP;ORC3;LCP2;HSP90AA1;MMD;HSP90AB1;TAOK2;IL34;FCGR1A;XRCC5;RAPGEF2
prerank,Positive Regulation Of Phosphatidylinositol 3-Kinase Activity (GO:0043552),-0.4485463770917652,-0.8529491870291441,0.6920583468395461,1.0,1.0,1/24,1.34%,AMBRA1
prerank,Regulation Of Amyloid-Beta Clearance (GO:1900221),-0.5122922131788589,-0.8527328933144189,0.6785714285714286,1.0,1.0,3/13,9.91%,LRPAP1;CLU;SRF
prerank,Intrinsic Apoptotic Signaling Pathway In Response To DNA Damage By P53 Class Mediator (GO:0042771),-0.48023237252995066,-0.8526536874537404,0.6909385113268608,1.0,1.0,2/19,3.36%,TMEM109;HIPK1
prerank,Intrinsic Apoptotic Signaling Pathway In Response To Endoplasmic Reticulum Stress (GO:0070059),-0.43506525227397513,-0.8524193485956393,0.6818181818181818,1.0,1.0,7/28,9.56%,TMEM117;DDIT3;ERN1;CEBPB;PPP1R15A;ATF4;CASP4
prerank,Lymphocyte Proliferation (GO:0046651),0.4219931536254481,0.8522492119615115,0.7002652519893899,1.0,1.0,2/24,3.64%,HELLS;PIK3CG
prerank,Nitric Oxide Biosynthetic Process (GO:0006809),-0.5091187713677494,-0.8519395563350158,0.6811091854419411,1.0,1.0,3/13,12.36%,SLC7A6;CYB5B;ARG2
prerank,Positive Regulation Of Cytokine-Mediated Signaling Pathway (GO:0001961),-0.4112348318012559,-0.8519375586599186,0.7147239263803681,1.0,1.0,9/40,11.99%,AGPAT2;LAPTM5;TXK;RBM47;IL7;TRIM56;CASP4;CPNE1;PARP14
prerank,Cytosolic Pattern Recognition Receptor Signaling Pathway (GO:0002753),0.44167318253055005,0.8514870414719522,0.656641604010025,1.0,1.0,8/20,18.38%,IFIH1;CYLD;IPO5;MAP3K7;MAP2K6;PHB2;CGAS;IRF3
prerank,COPII Vesicle Coating (GO:0048208),-0.4720553151822636,-0.85138832463952,0.6819672131147541,1.0,1.0,6/18,16.00%,PREB;TMED2;KLHL12;TRAPPC2L;TRAPPC4;PPP6C
prerank,"Vesicle Targeting, Rough ER To cis-Golgi (GO:0048207)",-0.4720553151822636,-0.85138832463952,0.6819672131147541,1.0,1.0,6/18,16.00%,PREB;TMED2;KLHL12;TRAPPC2L;TRAPPC4;PPP6C
prerank,Regulation Of Brown Fat Cell Differentiation (GO:0090335),-0.48984733582879697,-0.8513728082270174,0.7053726169844021,1.0,1.0,6/15,20.19%,ZBTB7B;FTO;PIM1;VSTM2A;SIRT1;SOX13
prerank,Positive Regulation Of Osteoclast Differentiation (GO:0045672),0.47792150709339515,0.8510630739931383,0.6401869158878505,1.0,1.0,3/13,12.74%,NEDD9;TMEM64;TNFRSF11A
prerank,Regulation Of Integrin Activation (GO:0033623),0.4814468904403184,0.8510551140807311,0.6506329113924051,1.0,1.0,4/14,4.04%,FARP2;PTGER4;FBLIM1;KIF14
prerank,Positive Regulation Of Catabolic Process (GO:0009896),0.34633450440128677,0.85091912248948,0.8056537102473498,1.0,1.0,16/73,12.54%,L3MBTL3;PRKN;FAF1;DACT1;FOXO1;TIPARP;NSF;BARD1;SEC22B;SNF8;WNT5A;SORL1;FLNB;OAZ2;IDE;RDX
prerank,Nucleic Acid Metabolic Process (GO:0090304),-0.43894011136637356,-0.8506156726212466,0.7012779552715654,1.0,1.0,10/28,18.96%,DDX24;WDR74;RAN;DDX1;KPNA2;DNASE2;ATXN2;WRN;RECQL5;DDX54
prerank,Regulation Of Epithelial To Mesenchymal Transition (GO:0010717),0.3386054200431437,0.8505253974971765,0.8595890410958904,1.0,1.0,11/76,7.09%,SMAD7;CTNNB1;TIAM1;EFNA1;EZH2;TGFB2;USF3;SMAD4;DAB2;LDLRAD4;BAMBI
prerank,"Positive Regulation Of Nuclear-Transcribed mRNA Catabolic Process, Deadenylation-Dependent Decay (GO:1900153)",0.4871842635987802,0.8502996876044201,0.67,1.0,1.0,3/14,10.91%,TNRC6B;ZFP36L2;CPEB3
prerank,Protein Localization To Endosome (GO:0036010),-0.540600948653176,-0.8502702762590086,0.6948853615520282,1.0,1.0,4/10,9.58%,NELL1;PACSIN2;RAB35;TOLLIP
prerank,Nucleobase-Containing Compound Catabolic Process (GO:0034655),-0.4086078877838581,-0.8501783464595859,0.7221396731054978,1.0,1.0,10/42,11.78%,DIS3;EXOSC8;REXO4;EXOSC4;PPP1R8;PNPT1;EXOSC1;SIDT2;DIS3L;RNASEH2C
prerank,Negative Regulation Of Platelet Activation (GO:0010544),0.4668136602290629,0.8498359321840742,0.6658595641646489,1.0,1.0,4/15,17.94%,PRKCD;PDGFB;SH2B3;CD9
prerank,Cellular Response To Sterol (GO:0036315),-0.498952441219438,-0.8491862791665541,0.6781411359724613,1.0,1.0,4/13,15.10%,LRP6;RORA;GRAMD1A;GRAMD1C
prerank,Positive Regulation Of Glucose Transmembrane Transport (GO:0010828),-0.4380462929728097,-0.8491514023428287,0.7173252279635258,1.0,1.0,4/26,6.12%,PRKCI;BRAF;SORBS1;ARPP19
prerank,Leukotriene Biosynthetic Process (GO:0019370),-0.4984955428588518,-0.8488755803734213,0.7086882453151618,1.0,1.0,4/14,14.88%,LTC4S;MGST3;LTA4H;ALOX5AP
prerank,Regulation Of Postsynapse Organization (GO:0099175),-0.4435727744471986,-0.8487468251971656,0.7006369426751592,1.0,1.0,4/25,5.33%,ABI3;EPHA4;CFL1;ARHGAP44
prerank,Positive Regulation Of GTPase Activity (GO:0043547),-0.336330401236075,-0.8485216969101737,0.8751560549313359,1.0,1.0,63/206,19.31%,GNB5;THY1;PIN1;RHOG;TBC1D14;AGAP6;ITGB1;DOCK7;ALS2;NGEF;CD40;NTRK3;WDR41;RGS11;RAPGEFL1;TIAM2;TBC1D13;ARHGEF26;RGP1;RGS7;TBC1D9B;PIP5K1A;AGAP5;RASGEF1A;RAP1GAP;TBC1D7;AGRN;SGSM2;RAPGEF4;SMCR8;HRAS;ARHGAP29;ITGA6;TBC1D30;TBC1D20;RGS16;APC2;RAPGEF2;ARHGAP25;TAX1BP3;RASGRP1;SLC27A4;NDEL1;BCR;RGL1;RGL3;RALGPS1;TSC1;CX3CL1;ASAP3;TBC1D2;SIPA1;RAPGEF1;SFRP1;AGAP3;RGS6;GPR65;RASGRF1;ZC3H15;DOCK9;SNX18;SIPA1L1;ARHGEF7
prerank,Negative Regulation Of T Cell Mediated Immunity (GO:0002710),0.49447047014743073,0.8482285805223738,0.6786570743405276,1.0,1.0,4/13,15.93%,SMAD7;HFE;HLA-F;LILRB1
prerank,Membrane Lipid Biosynthetic Process (GO:0046467),-0.3922255023373399,-0.8480254289510005,0.7675438596491229,1.0,1.0,15/54,17.59%,ELOVL4;CERS6;PLPP1;SAMD8;SPTLC1;SPHK2;ORMDL2;ELOVL5;PLPP3;ST3GAL2;ST3GAL6;SCCPDH;PRKD2;ACER3;PRKD3
prerank,Regulation Of Golgi Organization (GO:1903358),-0.4808325658098444,-0.8477072477847424,0.6894824707846411,1.0,1.0,7/16,16.16%,ARMH3;EHD3;PDE4DIP;MAP2K1;RBSN;STX18;STX5
prerank,Embryonic Organ Morphogenesis (GO:0048562),-0.4381889139786064,-0.8476632894591968,0.7119155354449472,1.0,1.0,1/27,0.10%,ID2
prerank,Regulation Of Establishment Of Endothelial Barrier (GO:1903140),-0.4946268239260313,-0.8476108426906526,0.7336769759450171,1.0,1.0,2/15,4.22%,TNFRSF1A;IKBKB
prerank,Positive Regulation Of Reproductive Process (GO:2000243),0.3981050214997125,0.8474750723948783,0.7202216066481995,1.0,1.0,3/30,5.45%,PDE3A;AGO2;LHFPL2
prerank,Cellular Response To Ionizing Radiation (GO:0071479),0.3608746463468568,0.8468086399586656,0.78419452887538,1.0,1.0,12/49,9.11%,MAPK14;DEPDC1B;NIPBL;TANK;RAD9B;BARD1;KDM4D;TNKS1BP1;BLM;SPIDR;MDM2;ECT2
prerank,Regulation Of Meiotic Cell Cycle (GO:0051445),0.4318214606552876,0.8467840668862409,0.6909090909090909,1.0,1.0,3/20,3.29%,ANAPC2;FZR1;ANAPC10
prerank,Cytoskeleton-Dependent Cytokinesis (GO:0061640),-0.3794209384749786,-0.846645233515695,0.7857142857142857,1.0,1.0,14/66,11.86%,EXOC6;CIT;CFL1;STMN1;DCTN3;EFHC1;EXOC3;EXOC5;RAB35;BIN3;MYH10;ARL3;USP8;EXOC2
prerank,Dicarboxylic Acid Metabolic Process (GO:0043648),-0.39188626754948974,-0.846521169693195,0.7461538461538462,1.0,1.0,15/50,16.55%,MDH1;SDHAF3;GCLM;MTHFD2L;IDH1;ME2;SHMT2;GOT1;IDH2;MTHFS;ALDH18A1;ME3;GPT2;MRPS36;PHYH
prerank,Glucose Import (GO:0046323),-0.5231418888871222,-0.8460592849002634,0.6972318339100346,1.0,1.0,1/11,0.40%,SLC2A3
prerank,Vesicle Transport Along Microtubule (GO:0047496),-0.4526764675816821,-0.8457106043460798,0.6967741935483871,1.0,1.0,12/22,17.82%,KIFAP3;DYNC1I1;FBXW11;HTT;KIF3B;NDEL1;KIF5A;BICDL1;KIF1A;PAFAH1B1;TRAK2;KIF3A
prerank,Determination Of Bilateral Symmetry (GO:0009855),-0.46415873914150196,-0.8456802752511198,0.7052810902896082,1.0,1.0,3/20,9.67%,CITED2;KIF3B;BBS7
prerank,Negative Regulation Of Metabolic Process (GO:0009892),-0.39722012102193804,-0.8456751333401119,0.7417910447761195,1.0,1.0,14/46,17.89%,ACOT13;DOCK7;DDIT3;ARRDC3;IP6K1;ATF4;RBPJ;LAMA4;LNPEP;ADAM17;RB1;NOVA1;NR1D1;NRDC
prerank,Regulation Of Dendrite Morphogenesis (GO:0048814),0.39287998329522633,0.8456101019632093,0.7513089005235603,1.0,1.0,13/31,16.81%,GORASP1;NEDD4L;FBXW8;CUL7;SDC2;DPYSL5;SS18L1;SARM1;CDKL5;RAP2A;KNDC1;NSMF;SEMA4D
prerank,Aromatic Amino Acid Family Catabolic Process (GO:0009074),0.5193161765917984,0.845380428240208,0.638755980861244,1.0,1.0,4/10,16.38%,GSTZ1;KYNU;QDPR;KMO
prerank,Protein Quality Control For Misfolded Or Incompletely Synthesized Proteins (GO:0006515),0.4167567120956421,0.8452827776264604,0.7185792349726776,1.0,1.0,13/25,18.93%,RNF185;NGLY1;ZYG11B;BAG6;ATXN3;DERL1;TOR1A;LONP1;UFD1;ANKZF1;AUP1;HDAC6;CUL3
prerank,Golgi Vesicle Transport (GO:0048193),-0.33720708939185845,-0.8451822618676194,0.8608374384236454,1.0,1.0,49/183,14.04%,CNIH4;BCAP31;RABIF;PREB;TMED2;SURF4;RAB29;TMED4;TBC1D14;LMAN2;MYO1B;VAPA;SCAMP1;BCAP29;MYO18A;TFG;EHD3;NAPA;YIF1B;SCAMP3;TRAPPC6B;SAR1B;HTT;TRAPPC13;SGSM2;SORCS1;ATP9A;KLHL12;EXOC5;ERGIC1;TAPBP;RAB6A;GBF1;RER1;ATL3;ARL3;TBC1D20;COPE;TRAPPC2L;COG1;PLPP3;TMED5;COG7;STX10;RANGRF;GOLGA2;ARCN1;TRAPPC4;RBSN
prerank,Regulation Of Stress-Activated Protein Kinase Signaling Cascade (GO:0070302),-0.535887228513794,-0.844948510489602,0.6954954954954955,1.0,1.0,3/10,8.39%,LYN;MAP2K1;NBR1
prerank,T Cell Activation (GO:0042110),-0.3650198223714612,-0.8448530797474333,0.7854137447405329,1.0,1.0,24/90,21.86%,RAB29;CXADR;CD44;CD276;PPP3CA;ORC3;MSN;PPP3CB;RASGRP1;CTPS1;NCK2;HSPD1;LCP1;CLEC7A;CD74;GPR89A;RHOH;EIF2AK4;CD4;PTPN2;PIK3R1;JAG2;SLA2;LEPR
prerank,Maturation Of 5.8S rRNA (GO:0000460),-0.483152424145578,-0.8446732465843801,0.6968698517298187,1.0,1.0,9/16,22.88%,EXOSC4;MPHOSPH6;NOL9;PRKDC;EXOSC10;MAK16;PES1;LAS1L;WDR12
prerank,Regulation Of Chemokine Production (GO:0032642),-0.40982080799573023,-0.8445852319106453,0.7298507462686568,1.0,1.0,11/39,17.55%,IL6R;TLR7;EIF2AK2;IL7;ADAM17;AGER;APP;AIF1;HMOX1;LCP1;CD74
prerank,Positive Regulation Of Ruffle Assembly (GO:1900029),-0.5186781792673093,-0.8445650692762326,0.7027972027972028,1.0,1.0,3/11,13.50%,FAM98A;HRAS;NDEL1
prerank,Defense Response To Gram-positive Bacterium (GO:0050830),0.36258356409079834,0.8445070716614655,0.7920489296636085,1.0,1.0,12/46,19.02%,MPEG1;ROMO1;TNFRSF14;TLR2;STAB2;GBP2;HMGB2;MR1;MYD88;IL18;RPL39;LYG2
prerank,DNA Duplex Unwinding (GO:0032508),0.3752840349446365,0.8444814257611267,0.7454545454545455,1.0,1.0,12/38,11.68%,SUPV3L1;POT1;RECQL;MCM3;MCM9;BLM;RECQL4;DHX9;GINS1;MCM5;MRE11;MCM6
prerank,"Maturation Of 5.8S rRNA From Tricistronic rRNA Transcript (SSU-rRNA, 5.8S rRNA, LSU-rRNA) (GO:0000466)",-0.46360376476435095,-0.8441460767885538,0.6897081413210445,1.0,1.0,10/20,23.43%,EXOSC8;NOP14;NOL9;RPS21;EXOSC10;PES1;EXOSC7;ERI2;WDR12;ERI1
prerank,Cellular Response To Ketone (GO:1901655),-0.4043160386353814,-0.8438878759076583,0.762406015037594,1.0,1.0,14/43,19.33%,ADCY2;ADCY6;NCOA4;SPHK2;CFTR;MSN;SRC;ADCY8;TRERF1;ADCY1;SFRP1;LARP1;SPP1;GNB1
prerank,Positive Regulation Of Protein Kinase B Signaling (GO:0051897),-0.36182394974849313,-0.8437736333834917,0.8075842696629213,1.0,1.0,19/88,16.91%,PARK7;TXN;ITGB1;TGFBR1;ITGB1BP1;MYDGF;MTDH;CNTN1;HSP90AA1;HSP90AB1;CPNE1;SRC;HAX1;PIK3R5;C1QBP;MAZ;P2RX4;CX3CL1;OSBPL8
prerank,Negative Regulation Of Actin Filament Polymerization (GO:0030837),0.42537332175424897,0.8433923963389184,0.7103960396039604,1.0,1.0,9/22,18.23%,SSH2;TWF1;GSN;PRKCD;KANK4;KANK1;SLIT2;SCIN;HIP1R
prerank,Ventricular Cardiac Muscle Tissue Development (GO:0003229),0.429799630114636,0.8432356820194058,0.7214854111405835,1.0,1.0,5/20,10.23%,SMAD7;MYBPC3;PKP2;PROX1;TGFBR3
prerank,Positive Regulation Of Protein Serine/Threonine Kinase Activity (GO:0071902),-0.3532037542223368,-0.8430882783431445,0.8375838926174497,1.0,1.0,29/112,17.75%,CCND2;CD40;NTRK3;PSMD10;TENM1;CALM3;DIRAS1;MAP2K1;CALM1;ATP2B4;DIRAS2;DDX3X;HRAS;CIB1;IL34;PDGFD;RAPGEF2;ERP29;CCND1;SRC;RASGRP1;PIK3R5;TAB1;TGFA;SLC8A2;CAB39;RGCC;SIRT1;ADAM9
prerank,Negative Regulation Of Extrinsic Apoptotic Signaling Pathway (GO:2001237),0.34658226864121383,0.8430182451161568,0.8349514563106796,1.0,1.0,13/62,10.99%,PHIP;RFFL;PSME3;ARHGEF2;UNC5B;CFLAR;BCL2;PELI3;ZMYND11;SERPINE1;SH3RF1;MEN1;LGALS3
prerank,Cellular Response To Tumor Necrosis Factor (GO:0071356),0.3181925392911617,0.84299258798064,0.9440298507462687,1.0,1.0,25/105,15.78%,TRAF4;ZC3H12A;NFE2L2;ARHGEF2;NFKBIA;TANK;ACTN4;NPNT;CHI3L1;TRAF1;ZFP36L2;CARD14;ERBIN;DHX9;STAT1;ST18;RRAGA;TRAF2;GBP2;TNFRSF11A;LIMS1;LRRK2;FOXO3;TRAF3;CHUK
prerank,Phosphatidylglycerol Metabolic Process (GO:0046471),0.4596704116324345,0.8429068195489532,0.6823821339950372,1.0,1.0,6/15,18.63%,GPAM;SLC27A1;LPGAT1;LPCAT1;PGS1;PLA2G4A
prerank,Regulation Of Telomere Maintenance In Response To DNA Damage (GO:1904505),0.473091360444915,0.8428715123279205,0.6902654867256637,1.0,1.0,6/15,16.05%,ACTR8;TFPT;RUVBL2;NFRKB;INO80D;YY1
prerank,Carboxylic Acid Catabolic Process (GO:0046395),0.4626815301643593,0.842706671832443,0.6657894736842105,1.0,1.0,6/16,16.43%,TST;AMDHD2;GNPDA1;ACOT8;MPST;BCKDK
prerank,Establishment Of Mitotic Spindle Localization (GO:0040001),-0.4103966363454495,-0.8426025918464315,0.7361963190184049,1.0,1.0,12/34,21.47%,ITGB1;FBXW11;KAT5;HTT;NSFL1C;DYNLT1;NDEL1;PAFAH1B1;UBXN2B;ZW10;HDAC3;MAPRE1
prerank,Regulation Of Keratinocyte Proliferation (GO:0010837),-0.4607913867859803,-0.8423761462269257,0.6911764705882353,1.0,1.0,7/20,19.14%,EPB41L4B;CASK;ZFP36;STXBP4;CDH3;NOTCH2;ZFP36L1
prerank,Positive Regulation Of Potassium Ion Transmembrane Transporter Activity (GO:1901018),-0.5059742404166153,-0.8423110393411276,0.6983333333333334,1.0,1.0,2/12,12.56%,ATP1B1;ANK2
prerank,Histone Lysine Methylation (GO:0034968),0.39177734082154014,0.8422428962979653,0.7295918367346939,1.0,1.0,10/30,10.86%,KMT2D;EHMT2;SETD1A;BOD1L1;KMT2C;SETDB2;KDM6A;KMT2A;RBBP5;MEN1
prerank,Positive Regulation Of mRNA Processing (GO:0050685),-0.45760321419937305,-0.8422188486294102,0.7312,1.0,1.0,6/22,10.91%,WDR77;DHX36;CELF4;RBM3;CELF3;CIRBP
prerank,Activation Of Protein Kinase Activity (GO:0032147),0.3390070673002075,0.8421497486149813,0.8533333333333334,1.0,1.0,30/71,17.16%,MALT1;PDPK1;STRADA;CCDC88A;TGFB2;KIF14;CHI3L1;PRRC1;BORA;STK11;CARD14;PRKCD;ECT2;WNT5A;PDGFB;INSR;FGF1;TGFBR2;TRAF2;GAS6;TLR3;ADRA2C;MAP3K7;CD86;ANGPT1;PHB2;IL18;IRAK1;MARK2;TNFRSF10B
prerank,Regulation Of Cell Motility (GO:2000145),0.3173802140842125,0.8419381780739739,0.9477611940298507,1.0,1.0,38/109,16.55%,AMOT;SGK3;AMOTL2;DOCK10;MACF1;FGF23;KIF14;KIF2A;LDB1;PKN2;PLXNA1;MINK1;CAMSAP3;TTBK2;SGK1;AKT2;FGF1;ROCK2;ROCK1;SPOCK3;AMOTL1;CDK6;SRCIN1;PLXNA3;RCC2;CFAP20;FGF17;PLXNB1;FGF20;RHOB;PARD6B;PKN1;ENPP2;OCRL;WAS;PLEKHG3;TNC;FRMD5
prerank,Regulation Of Extrinsic Apoptotic Signaling Pathway Via Death Domain Receptors (GO:1902041),0.40604328613493956,0.8418338712342587,0.6866485013623979,1.0,1.0,6/26,11.51%,RFFL;FEM1B;CFLAR;SERPINE1;LGALS3;STX4
prerank,Regulation Of Phosphatidylinositol 3-Kinase Signaling (GO:0014066),0.32934812164671534,0.8416677781149964,0.8793103448275862,1.0,1.0,14/85,10.53%,EGFR;DDR1;PIK3IP1;RAPGEF3;CBL;UNC5B;TGFB2;PTPN13;HCLS1;SLC9A3R1;PDGFB;INSR;PDGFC;MUSK
prerank,"mRNA Splicing, Via Spliceosome (GO:0000398)",-0.333443479830901,-0.8415736830167512,0.892059553349876,1.0,1.0,48/201,13.68%,CWC15;SNRPD3;LSM7;PIN1;CWC27;SNRPB;METTL3;SNRPE;SNRPD2;LSM8;GPATCH1;SNU13;PRMT7;SNIP1;SNRPB2;WDR77;SNRPD1;PRPF40B;SRPK1;RBM4B;RNPS1;EFTUD2;GEMIN5;CELF4;SNRPA1;SNRPN;METTL14;DDX41;PLRG1;DDX1;U2AF1;GEMIN6;FRG1;DHX35;SMU1;PNN;CWC22;SNRNP35;CWC25;SF3A3;TXNL4A;RBM10;CWF19L2;SNRPG;PPIH;DNAJC17;HNRNPH1;PPIE
prerank,Intraciliary Retrograde Transport (GO:0035721),-0.5345182437560981,-0.8412614016212826,0.6994906621392191,1.0,1.0,5/10,9.70%,IFT122;WDR35;DYNLL1;IFT43;DYNC2H1
prerank,mRNA Export From Nucleus (GO:0006406),-0.3807119772767493,-0.8411150428726931,0.782608695652174,1.0,1.0,9/59,8.39%,ENY2;THOC1;DDX19A;SMG6;NXF1;FYTTD1;CHTOP;NUP85;UPF1
prerank,Regulation Of Chromosome Separation (GO:1905818),0.48882092273696887,0.8409901016916808,0.6571428571428571,1.0,1.0,7/12,20.94%,CSNK2A2;NCAPD2;TPR;NCAPD3;NUMA1;NCAPG2;NCAPH2
prerank,Negative Regulation Of Protein Phosphorylation (GO:0001933),-0.344073832318341,-0.8405446799925257,0.8626444159178434,1.0,1.0,41/142,18.21%,CDKN1A;PARK7;SIRPA;THY1;PAQR3;NTRK3;SH3GL2;LRP6;TRIM27;UBASH3B;CALM3;PDE4D;ITGB1BP1;RTRAF;LYN;CALM1;PPM1E;PPM1F;SPRED1;SMCR8;ZBED3;CIB1;YWHAG;DTNBP1;PTPN6;PLPP3;IBTK;DMD;NCK2;RB1;PRNP;PID1;DNAJC3;DMTN;SPRED2;SFRP1;CACTIN;HSPB1;SIRT2;SAMSN1;PPIA
prerank,Response To Corticosteroid (GO:0031960),-0.5354465203658263,-0.840397980061463,0.6786355475763016,1.0,1.0,1/10,10.51%,GOT1
prerank,Regulation Of Autophagosome Assembly (GO:2000785),0.37704313935936673,0.8398431921695896,0.7692307692307693,1.0,1.0,20/37,17.11%,SH3GLB1;TBC1D12;MTM1;RAB3GAP1;SNX7;SEC22B;RAB1B;PIP4K2A;PIP4K2B;PIKFYVE;WDR45;LRSAM1;SCFD1;LRRK2;IFT88;MTMR3;RALB;WIPI1;NUPR1;SNX4
prerank,Nucleosome Organization (GO:0034728),-0.3809751151594001,-0.8396991915604334,0.7695783132530121,1.0,1.0,10/53,5.36%,SET;UBN1;HAT1;NAP1L3;NAA60;SMARCD3;SPTY2D1;SMARCA5;NAP1L2;HIRA
prerank,Positive Regulation Of Proteolysis Involved In Protein Catabolic Process (GO:1903052),-0.42341977238590967,-0.839659388419996,0.719551282051282,1.0,1.0,7/29,9.06%,LAPTM5;FBXW7;CCDC22;CTSC;CLU;PSMC5;PSMC6
prerank,Positive Regulation Of Muscle Hypertrophy (GO:0014742),0.4672528207303303,0.8391841853340748,0.671604938271605,1.0,1.0,6/14,16.33%,PDE9A;IL6ST;ROCK2;ROCK1;PARP1;CAMK2D
prerank,"Regulation Of DNA Damage Response, Signal Transduction By P53 Class Mediator (GO:0043516)",-0.43289397917916106,-0.8386786228753518,0.7479806138933764,1.0,1.0,13/27,21.81%,PSMD10;CD44;SPRED1;ATR;KMT5A;SPRED2;COPS3;CD74;SIRT1;PLA2R1;PTTG1IP;SMYD2;DDX5
prerank,Regulation Of Membrane Depolarization (GO:0003254),-0.4565795809330176,-0.838629857353999,0.7041139240506329,1.0,1.0,5/20,8.06%,SCN2B;SCN1B;HCN1;SCN3B;FHL1
prerank,Positive Regulation Of Programmed Cell Death (GO:0043068),-0.33227215978315944,-0.8385330285886559,0.9082125603864735,1.0,1.0,62/230,17.88%,SOD1;MLLT11;MTCH1;STPG1;MOAP1;JUN;MAP3K11;LAPTM5;ITGB1;OLFM1;BCL2L11;TCTN3;HTT;AIFM2;NRG1;DNAJA1;RNPS1;CSRNP3;RPS6;FAM162A;CLU;DDX3X;ATF4;LGALS1;MAP3K20;SPHK2;APBB1;BID;DAPK1;MAP3K10;ITGA6;BIN1;PNMA1;DNM1L;PRR7;CALHM2;PAWR;SLC27A4;CCAR2;C1QBP;ERCC3;NEURL1;ATG7;QRICH1;LATS2;MAPK8;STK4;LATS1;BAD;HSPD1;APC;TNFRSF10A;TRADD;SAP18;CLEC7A;DNM2;SFRP1;ZNF268;KCNMA1;SIRT1;UNC13B;BCLAF1
prerank,SCF-dependent Proteasomal Ubiquitin-Dependent Protein Catabolic Process (GO:0031146),-0.4034704012795473,-0.838505729527618,0.7373737373737373,1.0,1.0,11/40,13.85%,FBXO44;FBXW7;FBXL13;SKP1;FBXW11;FBXL15;FBXL2;RBX1;BTRC;FBXO31;FBXL5
prerank,Mesoderm Morphogenesis (GO:0048332),0.5239224090795511,0.8384377951001601,0.6682926829268293,1.0,1.0,3/10,12.78%,TBX19;SCX;CRB2
prerank,Positive Regulation Of Kinase Activity (GO:0033674),0.3188961599000126,0.8384313288916745,0.9568627450980393,1.0,1.0,23/102,12.86%,DUSP19;EGFR;TRAF4;DDR1;IQGAP1;TIE1;RYK;CENPE;TIGAR;RAP1A;MAPRE3;TAB2;CAMKK1;FGFR3;PRKAG2;INSR;MRE11;MUSK;AXL;GAS6;CACUL1;EEF1A2;MMD2
prerank,Phosphatidylinositol-Mediated Signaling (GO:0048015),-0.37475977350410744,-0.8380291441987826,0.781437125748503,1.0,1.0,14/61,14.17%,KCNH1;PLCH2;PLCB1;FCGR3A;MYO16;PLCG1;PIK3C2A;PTAFR;PITPNM2;EZR;PLCE1;PIK3R5;C1QBP;HTR2A
prerank,Sterol Metabolic Process (GO:0016125),-0.38546960034813005,-0.8377944445126307,0.7823529411764706,1.0,1.0,12/52,19.57%,PIP4P1;CYP46A1;PPARD;ARV1;ABCA5;CH25H;APOL2;FDX1;SQLE;GBA2;PMVK;CYP1B1
prerank,Negative Regulation Of Smoothened Signaling Pathway (GO:0045879),-0.43304206827699443,-0.8370780676489737,0.7235772357723578,1.0,1.0,5/25,17.16%,IFT122;VCP;MOSMO;RFX4;GPR161
prerank,Rescue Of Stalled Ribosome (GO:0072344),-0.4683305758905266,-0.836997359895234,0.7083333333333334,1.0,1.0,8/17,18.98%,LTN1;ASCC2;RCHY1;RNF25;TRIP4;ASCC3;USP10;TCF25
prerank,Regulation Of Chromosome Organization (GO:0033044),0.3671017075384264,0.8369404786531244,0.8082191780821918,1.0,1.0,13/41,16.15%,SMC5;ACTR8;TFPT;RUVBL2;NFRKB;SETMAR;YLPM1;NSMCE1;INO80D;TERF2;SMC6;YY1;SMG1
prerank,Regulation Of Glucose Import (GO:0046324),-0.4145656705758773,-0.8368648592542886,0.7443609022556391,1.0,1.0,9/32,17.95%,PRKCI;SORBS1;SELENOS;ARPP19;APLP2;RHOQ;PID1;OSBPL8;GSK3A
prerank,Intracellular Glucose Homeostasis (GO:0001678),-0.3976040562239199,-0.8365850820609091,0.7544642857142857,1.0,1.0,9/42,11.44%,KCNB1;LRRC8A;FOXK1;ZNF236;ERN1;PPARGC1A;UCP2;PRKAA2;XBP1
prerank,Regulation Of Substrate Adhesion-Dependent Cell Spreading (GO:1900024),-0.3910186699854417,-0.836558616022004,0.7928464977645305,1.0,1.0,13/48,16.81%,NELL1;CARMIL1;EFNA5;CSPG5;ITGB1BP1;CIB1;CALR;RAC1;PDPN;C1QBP;TRIOBP;DMTN;RAC3
prerank,Mitotic Sister Chromatid Segregation (GO:0000070),-0.3535114405273856,-0.8364184775591759,0.8501971090670171,1.0,1.0,32/108,18.60%,EML4;MAP9;NUDC;BOD1;OFD1;CHMP2A;RAB11A;CHMP3;DCTN2;CHMP7;SMC2;KIF3B;RAN;BCCIP;SEH1L;ABRAXAS1;KMT5A;WAPL;INO80;KIF22;GOLGA2;PIBF1;TTN;TUBG2;BECN1;ZNF207;TENT4A;KLHL22;VPS4B;TUBG1;FLNA;CHMP2B
prerank,Positive Regulation Of Apoptotic Signaling Pathway (GO:2001235),-0.3837710431739604,-0.8363171623897935,0.7696879643387816,1.0,1.0,20/56,19.65%,BCAP31;CTSL;TGFBR1;DDIT3;FIS1;CTSS;S100A9;S100A8;BID;GSDME;DNM1L;DEDD2;CTSH;RPS3;BECN1;BCLAF1;FAS;STYXL1;TRAF7;FADD
prerank,Regulation Of Neuroblast Proliferation (GO:1902692),-0.4466110842506691,-0.8360944435989445,0.719672131147541,1.0,1.0,7/22,16.90%,ZNF335;SMARCD3;NCAN;FZD3;BCAN;CX3CL1;DISC1
prerank,Positive Regulation Of Telomere Capping (GO:1904355),0.45559470178070005,0.8358365520696948,0.7014563106796117,1.0,1.0,3/16,2.85%,TNKS2;MAP3K4;NABP2
prerank,Positive Regulation Of JNK Cascade (GO:0046330),0.33366978964244876,0.8357457923145322,0.898360655737705,1.0,1.0,24/72,19.51%,DUSP19;TRAF4;MAPK8IP1;TRAF1;GADD45G;MINK1;MAP4K2;TAOK1;SH3RF1;TRAF2;TLR3;HMGB1;SDCBP;RASSF2;LTBR;MAPK8IP3;XIAP;TRAF3;TAOK3;SEMA3A;FCGR2B;NAIP;MAPKBP1;HIPK2
prerank,Negative Regulation Of Signal Transduction (GO:0009968),-0.32746265865246443,-0.8357363306056077,0.9206534422403734,1.0,1.0,46/252,16.03%,FSTL3;YTHDF2;PLEK;LRPAP1;FBXW7;IFT122;NFKBIL1;GRINA;METTL3;PIP4K2C;UBASH3B;DKK3;HMGXB4;NRG1;VCP;PTPRE;LYN;NDRG4;PTPRT;LGMN;PRKCQ;CNOT1;CALR;MOSMO;GPI;FAIM2;CCNC;BTRC;TNS2;EGFL7;GPC1;IGFBP5;PALM;CARD16;VGLL4;TAX1BP3;CBY1;SLC27A4;PRKCB;NEURL1;CTNNBIP1;PTPN1;CSNK2A1;RB1;MAZ;PID1
prerank,SMAD Protein Signal Transduction (GO:0060395),-0.39116724789231155,-0.8356128396363585,0.7590361445783133,1.0,1.0,6/46,10.28%,SKI;JUN;ATOH8;SMAD3;ZMIZ2;GDF11
prerank,Oligodendrocyte Development (GO:0014003),-0.477008490144623,-0.8355194052232362,0.7004830917874396,1.0,1.0,2/16,2.62%,CNTNAP1;EIF2B4
prerank,Positive Regulation Of Cardiac Muscle Hypertrophy (GO:0010613),0.4608578840753082,0.8353727462081104,0.6684073107049608,1.0,1.0,7/15,18.14%,PDE9A;IL6ST;ROCK2;ROCK1;PARP1;CAMK2D;AKAP6
prerank,Cellular Response To Salt (GO:1902075),-0.35664245745881246,-0.8352456694902886,0.8417553191489362,1.0,1.0,29/103,17.04%,KCNH1;ITPKA;CPNE9;NEUROD2;SYT11;SYT1;BRAF;CPNE8;CPNE4;SYT13;SYT2;ATP2B4;CLU;LGMN;SYT5;PRKAA2;CPNE1;HSP90B1;SYT10;SYT4;ADCY8;ALOX5AP;SLC25A24;ADGRV1;ZNF16;P2RX4;DMTN;CPNE5;ADCY1
prerank,Protein Localization To Chromatin (GO:0071168),0.4105003825980138,0.8352259810034386,0.6983695652173914,1.0,1.0,6/24,7.34%,NIPBL;MMS22L;SGF29;MCM9;TONSL;RUVBL2
prerank,Positive Regulation Of Protein Secretion (GO:0050714),0.34213088353290344,0.835217250018852,0.84472049689441,1.0,1.0,9/65,5.42%,MYOM1;CD2AP;GOLPH3L;MCU;ABCG1;ARF6;TGFB2;CAPN10;TLR2
prerank,Inositol Lipid-Mediated Signaling (GO:0048017),-0.40843328944702356,-0.8350859823762985,0.7527733755942948,1.0,1.0,8/33,13.16%,KCNH1;PLCH2;PLCB1;PLCG1;PTAFR;PITPNM2;EZR;PLCE1
prerank,Cellular Response To Organonitrogen Compound (GO:0071417),-0.3566935294942245,-0.8349374166107697,0.8375165125495376,1.0,1.0,41/102,21.44%,GABRG2;GABRB2;LAMTOR4;GABRB3;LAMTOR5;HCN1;ATP2B4;CLU;LAMTOR3;GLRA2;DIAPH1;SESN2;XBP1;RAPGEF2;CFTR;IGFBP5;EZR;HSP90B1;NEURL1;GABRB1;CTNNA1;P2RX4;LAMTOR1;RELA;DMTN;RRAGD;RAPGEF1;SFRP1;LAMTOR2;LARP1;ZFP36L1;CAPN2;MEF2C;MTOR;P2RY6;TRPV1;RPTOR;SOX9;BRCA1;RAP1B;INPP5K
prerank,Positive Regulation Of T Cell Activation (GO:0050870),-0.356374150439797,-0.8349098375859275,0.851123595505618,1.0,1.0,29/97,20.01%,SIRPA;SLC7A1;THY1;FLOT2;SMARCD3;LILRB2;IL7;CD276;PRKCQ;HLA-DRB5;PHF10;XBP1;ANXA1;SMARCD1;HLA-DRB1;AIF1;ABL2;HLA-DRA;NCK2;HSPD1;TFRC;RHOH;PBRM1;CD81;LGALS9;HLA-DQA1;PDCD1LG2;SMARCA4;HLA-DPA1
prerank,Neuron Maturation (GO:0042551),-0.46938645333324763,-0.8347727758351594,0.6921768707482994,1.0,1.0,8/16,17.20%,LGI4;MTCH1;SRRM4;ADGRB3;APP;B4GALT5;CX3CL1;C1QA
prerank,Positive Regulation Of Transporter Activity (GO:0032411),-0.4980698373406194,-0.8345606552570046,0.7078260869565217,1.0,1.0,5/13,16.19%,SYNGR3;PPARGC1A;PPARD;WNK3;RXRA
prerank,Regulation Of Cell-Matrix Adhesion (GO:0001952),-0.37462484120988143,-0.833935616314033,0.7991071428571429,1.0,1.0,17/63,17.49%,THY1;NF2;EFNA5;CDH13;SEMA3E;AJAP1;CASK;CDKN2A;PTPRA;CIB1;ENC1;ACTG1;PLEKHA2;TSC1;CX3CL1;SLC9A1;SFRP1
prerank,Myeloid Cell Differentiation (GO:0030099),0.34157929754171396,0.8336779260255113,0.8712871287128713,1.0,1.0,14/55,16.78%,ZBTB16;KAT8;TET2;CFLAR;HCLS1;MAF;KAT6A;RASGRP4;UBA5;CASP3;SPI1;NCOA6;PRDX3;RACGAP1
prerank,Regulation Of RNA Metabolic Process (GO:0051252),0.32598501763686716,0.8336205348656865,0.9233449477351916,1.0,1.0,24/87,13.48%,ZNF638;CELF1;PDE3A;MBNL1;KAT2B;CLK1;KAT2A;SGF29;HNRNPF;PCBP3;TAF12;TMEM98;SUPT3H;HNRNPL;SRSF1;ATXN7;RASA1;HNRNPH2;MITF;FASTK;PTBP3;TADA2B;TAF10;MBNL2
prerank,Regulation Of Fibrinolysis (GO:0051917),0.45904256169460206,0.8334116325016129,0.6746987951807228,1.0,1.0,3/16,10.16%,KLKB1;SERPINE1;PLAT
prerank,Atrioventricular Valve Morphogenesis (GO:0003181),0.4350622094079251,0.8333164662867368,0.7041564792176039,1.0,1.0,4/19,4.41%,EFNA1;MDM4;TGFB2;SMAD4
prerank,Positive Regulation Of Interleukin-10 Production (GO:0032733),0.41363512777978206,0.8333026266895635,0.7154471544715447,1.0,1.0,3/25,12.47%,PRKCZ;STAT3;HMGB1
prerank,Negative Regulation Of Angiogenesis (GO:0016525),-0.3710412459015865,-0.8330114270358663,0.7914285714285715,1.0,1.0,13/74,13.16%,YJEFN3;MECP2;AGO1;FOXJ2;SEMA3E;NRG1;ATP2B4;ADGRB1;SPRED1;NAXE;KRIT1;STAB1;ATF2
prerank,Regulation Of Type II Interferon-Mediated Signaling Pathway (GO:0060334),-0.5157685218403064,-0.8325192683022314,0.7063903281519862,1.0,1.0,3/11,11.99%,CDC37;TXK;PARP14
prerank,Pentose-Phosphate Shunt (GO:0006098),-0.52149105411599,-0.8324452964965636,0.706081081081081,1.0,1.0,7/10,16.64%,TALDO1;RPE;H6PD;PGLS;PHACTR1;RBKS;G6PD
prerank,Actin Filament-Based Transport (GO:0099515),0.4292049144802395,0.8322783750294097,0.7115902964959568,1.0,1.0,3/20,3.78%,MYO1E;SUN2;MYO6
prerank,Regulation Of DNA-templated Transcription Elongation (GO:0032784),0.3655538860445089,0.8320846348490584,0.768595041322314,1.0,1.0,18/41,16.33%,INTS6;SUPT5H;KAT7;INTS2;INTS13;INTS14;LDB1;INTS12;ZMYND11;ERCC6;SCAF8;THOC5;CCNK;INTS11;INTS4;PARP1;ZC3H4;INTS3
prerank,Substrate Adhesion-Dependent Cell Spreading (GO:0034446),0.3809124112106235,0.8316851990972312,0.7925531914893617,1.0,1.0,17/35,19.66%,LAMA5;FER;EFNA1;KIF14;PARVA;MICALL2;PARVG;LPXN;MLF2;SRCIN1;FERMT2;ITGAV;TEK;VAMP3;RHOA;PEAK1;TYRO3
prerank,Positive Regulation Of Microtubule Polymerization Or Depolymerization (GO:0031112),-0.434277877939683,-0.8315812517224653,0.7375776397515528,1.0,1.0,6/26,11.40%,STMN2;PAK1;DRG1;CLIP1;FES;RAC1
prerank,Macroautophagy (GO:0016236),-0.3522656513078831,-0.8314879166976864,0.8464566929133859,1.0,1.0,20/100,9.91%,TECPR1;YOD1;TOM1;MAP1LC3A;ZFYVE26;SNAP29;CHMP2A;RUBCNL;VPS28;CHMP3;ATG5;VCP;CHMP7;GABARAPL1;NBR1;EI24;UBXN6;CALR;VPS37A;ZFYVE1
prerank,Histone Acetylation (GO:0016573),0.3464776080331551,0.8314784270759218,0.8466257668711656,1.0,1.0,18/58,9.92%,CREBBP;TAF4;KAT2B;KAT2A;SGF29;TAF5;YEATS4;ING3;MORF4L1;TAF12;ACTL6A;TMEM98;RUVBL2;SUPT3H;TAF7;TAF6;EPC1;ATXN7
prerank,Protein Localization To Golgi Apparatus (GO:0034067),0.4021337536775058,0.8311357855236193,0.7341040462427746,1.0,1.0,14/27,18.62%,BICD2;VPS13A;GOLPH3;GCC2;SORL1;ZDHHC15;RAB33B;OPTN;VPS13D;GAK;VPS13C;TMED10;ARL5C;CSNK1D
prerank,Cyclic-Nucleotide-Mediated Signaling (GO:0019935),0.36784580079449836,0.831052603791039,0.7983193277310925,1.0,1.0,8/38,11.66%,PDE3A;RAPGEF3;HTR2C;PDE9A;PDE7A;ATF1;AQP1;AHR
prerank,Endosome To Lysosome Transport (GO:0008333),-0.38117664386584027,-0.8304481559513622,0.795144157814871,1.0,1.0,21/53,17.53%,CACNG3;SNAPIN;RAB7A;HOOK2;HMGXB4;VCP;DENND3;CACNG8;TGFBRAP1;AKTIP;HOOK1;AP3D1;UBXN6;CACNG2;BIN1;M6PR;VPS16;GPRASP1;TPCN2;VPS11;VPS4B
prerank,GPI Anchor Metabolic Process (GO:0006505),-0.4317302755189779,-0.8302408411129323,0.7338709677419355,1.0,1.0,4/24,6.29%,DPM2;PGAP2;PIGG;PIGO
prerank,Positive Regulation Of Endoplasmic Reticulum Unfolded Protein Response (GO:1900103),-0.5202483890144907,-0.8295348987685566,0.7159468438538206,1.0,1.0,7/11,22.21%,BCL2L11;ERN1;XBP1;PTPN1;TMEM33;PIK3R1;BAK1
prerank,Receptor Signaling Pathway Via JAK-STAT (GO:0007259),0.3936652834498582,0.8295230331356508,0.7587131367292225,1.0,1.0,7/30,9.36%,FER;GHR;STAT6;TYK2;STAT1;STAT3;STAT2
prerank,Protein Deacylation (GO:0035601),-0.45382851372498534,-0.8294934489777831,0.721875,1.0,1.0,4/20,4.56%,SIRT3;LYPLA1;SIRT5;SIRT6
prerank,Regulation Of Cell Migration Involved In Sprouting Angiogenesis (GO:0090049),-0.418136836497167,-0.8293560485718682,0.7467948717948718,1.0,1.0,6/29,16.04%,ITGB1BP1;PIK3C2A;CIB1;RHOJ;ANXA1;HMOX1
prerank,Sensory Organ Development (GO:0007423),-0.3794423376042227,-0.8290846248823651,0.7910447761194029,1.0,1.0,12/54,16.87%,NEUROD2;SMG9;HIPK1;MAFB;SOX2;POLR2D;RAB18;PBX3;BMPR1B;AHI1;SH3PXD2B;ADAMTS18
prerank,Cardiac Muscle Cell Differentiation (GO:0055007),-0.44180004117132843,-0.8289975150568338,0.7376237623762376,1.0,1.0,7/23,19.49%,CXADR;SIRT6;NRG1;CBY1;TTN;MESP1;MEF2C
prerank,Cellular Response To Corticosteroid Stimulus (GO:0071384),-0.5022388816155965,-0.8288172677039066,0.6875,1.0,1.0,5/12,12.25%,BCL2L11;FAM107A;UBE2L3;ZFP36;ANXA1
prerank,Epigenetic Regulation Of Gene Expression (GO:0040029),-0.37068936678746833,-0.8287404584356913,0.8132183908045977,1.0,1.0,18/73,14.54%,ZNF335;DPY30;MECP2;DNMT3A;BMI1;TRMT112;PRMT7;SIRT6;TRIM27;NOC2L;SPHK2;VPS72;SMARCD1;RNF168;PHF19;ATF2;RNF2;RNF8
prerank,Positive Regulation Of Canonical Wnt Signaling Pathway (GO:0090263),0.32356559170330373,0.8284364158272045,0.9547038327526133,1.0,1.0,12/82,8.53%,RNF146;CSNK1G3;EGFR;TNKS2;DACT1;UBR5;TBL1X;WNK1;BAMBI;ZEB2;GPRC5B;FRAT1
prerank,"Regulation Of mRNA Splicing, Via Spliceosome (GO:0048024)",0.3229706106270557,0.8283511501858409,0.959409594095941,1.0,1.0,22/87,13.23%,SFSWAP;CELF1;FXR1;QKI;YTHDC1;DDX17;RBMX;CLNS1A;KHDRBS3;HNRNPU;SRSF6;HNRNPK;SRSF12;REST;HNRNPL;RBM39;CELF2;ZBTB7A;WTAP;SRSF3;RBM5;MAGOH
prerank,Regulation Of Interleukin-12 Production (GO:0032655),0.36080997352576755,0.8275139026538305,0.8140845070422535,1.0,1.0,13/41,17.18%,MAPK14;TLR2;IRAK3;FOXP1;MAST2;IL16;TLR3;HMGB1;IRF5;HLA-B;LILRB1;SYK;RIPK2
prerank,Proteolysis Involved In Protein Catabolic Process (GO:0051603),0.33289384548301937,0.8271750313112752,0.9270833333333334,1.0,1.0,19/71,11.75%,ZRANB1;MALT1;PRKN;ATE1;NGLY1;ZYG11B;CASP8;CTSK;DTX4;BAG6;OTUD7A;MDM2;PDCD6IP;OTUD7B;RSPRY1;ATXN3;CTSF;IDE;DDI2
prerank,Extracellular Matrix Organization (GO:0030198),-0.3373903334922699,-0.826995545611266,0.9097651421508035,1.0,1.0,29/163,17.23%,GFOD2;MMP17;TGFBR1;COL23A1;COL5A2;COL5A1;ADAMTS8;COL24A1;LAMC1;FLOT1;DDR2;COL11A1;MMP28;CTSS;PLOD3;COLGALT1;QSOX1;THSD4;ADAMTS13;TLL1;APP;COL4A3;LOXL3;FLRT2;SH3PXD2B;ADAMTS18;ADAMTS19;MMP16;LCP1
prerank,Positive Regulation Of Telomere Maintenance In Response To DNA Damage (GO:1904507),0.4730974329228688,0.8268708353441894,0.6904231625835189,1.0,1.0,6/14,16.05%,ACTR8;TFPT;RUVBL2;NFRKB;INO80D;YY1
prerank,Negative Regulation Of Axon Extension (GO:0030517),-0.41804063400317343,-0.8267682140413561,0.748006379585327,1.0,1.0,6/30,8.28%,KIAA0319;SEMA3E;SEMA6B;PTPRS;MAP2;SEMA4B
prerank,Regulation Of Stem Cell Proliferation (GO:0072091),0.44143450649667604,0.826703259747201,0.7258064516129032,1.0,1.0,5/16,13.50%,HNRNPU;AGO3;GJA1;HMGB2;YAP1
prerank,Protein Import Into Mitochondrial Matrix (GO:0030150),-0.4657562342488148,-0.8266829611177079,0.7289562289562289,1.0,1.0,6/18,14.88%,TOMM70;TIMM17A;TIMM21;GRPEL1;TOMM20;TIMM50
prerank,Activation Of Cysteine-Type Endopeptidase Activity (GO:0097202),-0.4738449699721729,-0.8263427692908631,0.7014925373134329,1.0,1.0,5/16,15.18%,CYCS;CYFIP2;LGMN;GRIN2A;BAD
prerank,Protein Modification By Small Protein Removal (GO:0070646),-0.3559857388084957,-0.8262720222521825,0.8431911966987621,1.0,1.0,25/92,12.41%,USP37;YOD1;USP36;COPS8;UCHL1;HINT1;SENP5;USP11;USP1;USP22;DESI1;USP16;VCPIP1;UCHL5;USP19;GPS1;EIF3F;COPS6;USP6;USP8;OTUD6B;USP42;UCHL3;COPS7B;USP20
prerank,Stem Cell Development (GO:0048864),-0.48209900451137033,-0.8262505415632723,0.7048903878583473,1.0,1.0,3/15,8.49%,NRG1;TCOF1;KLHL12
prerank,Fatty Acid Elongation (GO:0030497),-0.49453373286921437,-0.8260227284639249,0.7258620689655172,1.0,1.0,1/12,0.62%,ELOVL4
prerank,Positive Regulation Of Proteasomal Protein Catabolic Process (GO:1901800),-0.3540166860579751,-0.8259417322812832,0.8660351826792964,1.0,1.0,20/88,10.03%,FBXO22;NUB1;FBXW7;PSMD10;RNFT1;ARIH2;VCP;RNF19B;RNF180;DDA1;CSNK1E;PRICKLE1;CLU;RCHY1;RBX1;PSMC5;PSMC6;BBS7;STUB1;SH3RF3
prerank,Negative Regulation Of Calcium Ion Transmembrane Transport (GO:1903170),-0.47227234261780204,-0.8256768907214447,0.7302405498281787,1.0,1.0,5/17,13.39%,PPP3CA;BIN1;ATP1A2;PPP3CB;YWHAE
prerank,DNA Strand Elongation (GO:0022616),0.4876775167405635,0.8256276483557875,0.6865671641791045,1.0,1.0,7/12,13.77%,POLD3;POLD2;POLA1;MCM3;MRE11;MCM7;RFC3
prerank,Cellular Component Assembly (GO:0022607),-0.3218848216667571,-0.8255724800600007,0.9358669833729216,1.0,1.0,62/239,17.23%,YWHAZ;YTHDF2;BAIAP2L1;ACD;OPHN1;RIMS1;LIN7A;GORASP2;PARVB;MYO1B;CD40;KIFAP3;FAM107A;WASF3;CFAP46;HYDIN;LAMC1;CYFIP2;PPARGC1A;PDE4DIP;IKBKG;VCPIP1;PLS1;GEMIN5;BAIAP2;DNAJB12;ADD2;RTN3;NCKAP1;TAPBP;WASL;QSOX1;THSD4;PPP2R1A;DNM1L;WASF1;DMD;EZR;PAWR;PPIH;CHCHD10;AP2M1;STK36;TTC26;GAS8;RTN1;NEFH;AIF1;SPAG16;WDR19;LIMA1;TEAD1;LRGUK;YTHDF1;BECN1;YTHDF3;APC;DMTN;CAPZA1;RAC3;NIFK;LCP1
prerank,Vesicle Cytoskeletal Trafficking (GO:0099518),-0.39791081633426584,-0.8253969848259599,0.77526395173454,1.0,1.0,15/39,16.40%,MYO1C;MYO1B;DYNC1I1;FBXW11;HTT;WASL;FNBP1L;SYT4;NDEL1;BICDL1;KIF1A;PAFAH1B1;TRAK2;MYO5B;PPFIA2
prerank,Histone H3 Acetylation (GO:0043966),0.37840230711297557,0.825392971464958,0.7604456824512534,1.0,1.0,15/34,14.17%,TAF4;KAT2B;KAT2A;SGF29;TAF5;LDB1;TAF12;TMEM98;SUPT3H;TAF7;TAF6;TADA2B;TAF10;YEATS2;MAP3K7
prerank,Regulation Of Blood Vessel Endothelial Cell Migration (GO:0043535),-0.3825731400326045,-0.8252023428257408,0.8040345821325648,1.0,1.0,20/50,20.49%,MECP2;ATP5F1B;CD40;NRG1;PLCG1;PRKCA;ATP2B4;TMSB4X;ETS1;ADAM17;ATP5F1A;P2RX4;PRKD2;RGCC;SIRT1;HSPB1;MEF2C;STAT5A;PRCP;PPARG
prerank,Neutrophil Mediated Immunity (GO:0002446),-0.5124525976785251,-0.8251960317324939,0.730185497470489,1.0,1.0,6/11,22.03%,STXBP2;ADAM17;VAMP8;KMT2E;IRAK4;CARD9
prerank,Regulation Of Ubiquitin-Protein Transferase Activity (GO:0051438),-0.4221667596694148,-0.8250769284529984,0.7507788161993769,1.0,1.0,8/29,8.85%,DCUN1D2;PARK7;FBXW7;PIN1;BMI1;ARRDC3;UBE2L3;UBE2N
prerank,Mitotic Spindle Assembly (GO:0090307),0.3572886204727226,0.8250307453871462,0.8518518518518519,1.0,1.0,8/44,11.61%,STAG1;CEP192;LSM14A;KIF2A;SPICE1;KIF11;STAG2;CHEK2
prerank,Positive Regulation Of Telomere Maintenance Via Telomere Lengthening (GO:1904358),0.3763386357582032,0.8246173652425157,0.7734375,1.0,1.0,8/35,6.31%,CTNNB1;TNKS2;MAP3K4;HNRNPA2B1;POT1;HMBOX1;ATM;CCT8
prerank,Replication Fork Processing (GO:0031297),0.36301820009135,0.8245467701986702,0.8440677966101695,1.0,1.0,14/44,11.56%,ATRX;MMS22L;BOD1L1;DONSON;BARD1;FAM111A;TONSL;RFWD3;BLM;FBH1;SETMAR;MRE11;DNA2;BRCA2
prerank,Positive Regulation Of JUN Kinase Activity (GO:0043507),-0.42112344654910816,-0.824541845626287,0.7971473851030111,1.0,1.0,6/28,10.02%,MAP3K11;MAP3K13;MAP2K7;ERN1;PAK1;MAP3K10
prerank,Regulation Of Interleukin-6 Production (GO:0032675),-0.35110058425583285,-0.8244879651241959,0.8438761776581427,1.0,1.0,27/98,19.16%,SIRPA;IL6R;TLR7;SYT11;LILRB2;SELENOS;AKIRIN2;CD200;SPHK2;XBP1;PTPN6;IL1A;CYBA;IL17RA;AGER;SCIMP;APP;AIF1;HSPD1;TYROBP;CX3CL1;LCP1;CLEC7A;CD74;TMEM106A;SETD4;LGALS9
prerank,Notch Signaling Pathway (GO:0007219),-0.3990816380869867,-0.8241127681471788,0.7736434108527132,1.0,1.0,13/40,21.03%,MAML1;SORBS2;SUSD5;RBPJ;GMDS;DTX2;ADAM17;APH1B;MIB1;NOTCH2;TRAF7;APH1A;JAG2
prerank,Cellular Response To Oxidative Stress (GO:0034599),0.3104743579439609,0.8240740588699492,0.95,1.0,1.0,33/111,16.02%,FANCC;EGFR;FER;CCS;FOXO1;ZC3H12A;NFE2L2;ROMO1;ATM;PRKAA1;CPEB2;PYROXD1;ZFP36L2;SNCA;ERMP1;VRK2;PRKCD;KEAP1;ARNT;ALDH3B1;STX4;PEX5;GSR;MAPK1;SETX;LRRK2;HTRA2;FOXO3;MAPK3;LONP1;PRKD1;CHUK;PARP1
prerank,"G Protein-Coupled Receptor Signaling Pathway, Coupled To Cyclic Nucleotide Second Messenger (GO:0007187)",-0.3922340216358048,-0.8240229729481315,0.783661119515885,1.0,1.0,6/42,14.17%,CCR1;OPRM1;CNR1;CHRM3;ANXA1;HTR2A
prerank,Regulation Of Biomineral Tissue Development (GO:0070167),-0.4261566550010669,-0.8240114289280581,0.74375,1.0,1.0,4/25,13.11%,DDR2;CEBPB;NBR1;TXLNG
prerank,"Regulation Of Nuclear-Transcribed mRNA Catabolic Process, Nonsense-Mediated Decay (GO:2000622)",0.5104341512144315,0.8237645607061367,0.6990950226244343,1.0,1.0,1/10,0.56%,NBAS
prerank,RNA Polymerase II Preinitiation Complex Assembly (GO:0051123),0.35764851658488417,0.8235129161218645,0.8571428571428571,1.0,1.0,19/45,18.72%,TAF8;TAF4;TAF5;TAF13;TAF12;TAF1;MED22;TAF7;TAF6;TAF11;TAF3;TAF10;MED15;MED1;GTF2B;GTF2A2;MED9;GTF2A1;MED19
prerank,Regulation Of Insulin-Like Growth Factor Receptor Signaling Pathway (GO:0043567),0.4408740300721542,0.8230915113836855,0.7314148681055156,1.0,1.0,1/17,0.42%,PHIP
prerank,Axon Extension (GO:0048675),-0.4374698393440237,-0.8229890470590898,0.7564516129032258,1.0,1.0,9/22,12.68%,NELL1;MAP1B;NELL2;SLIT1;SSNA1;HSP90AA1;HSP90AB1;CDK5;PPP3CB
prerank,Regulation Of Cell Migration (GO:0030334),-0.31406776536928155,-0.8227601443914989,0.9697648376259799,1.0,1.0,99/404,17.85%,BEX4;CCR1;CAMK2A;PLXNA4;ULK4;THY1;GNA12;SCAI;MYO1C;DAG1;NF2;ARHGAP4;TMSB10;ITGB1;CARMIL1;TGFBR1;TCAF1;EPHA4;NTRK3;PRKX;FAM107A;CDH13;SIN3B;ELP3;GRN;HGF;SEMA3E;ZNF703;MCTP1;PLXNA2;TPM1;HSPA5;LDB2;STK24;DYNLL1;PAK1;TNR;SEMA6B;CITED2;PRKCA;UBE2I;PPM1F;SEMA4B;APLP2;PTPRT;TMSB4X;HRAS;CIB1;PPP3CA;NTNG1;ELP6;CNTN1;BST2;MYLK;ITGA6;MIEN1;CXCL12;RAC1;XBP1;PDGFD;SERPINE2;IGFBP5;ANXA1;PDPN;SRC;ADAM17;SEMA7A;PLXNC1;GPNMB;ROR2;FERMT3;PHACTR1;ACTG1;PLXNB2;SRGAP1;AIF1;CTSH;ELP5;HACE1;NEXN;GTPBP4;MAZ;DDRGK1;YTHDF3;APC;RIPOR1;CX3CL1;TRADD;IGSF10;VSIR;CLEC7A;HDAC2;CTNNA2;MGAT3;SFRP1;ZNF268;CD74;ADAM9;MGAT5
prerank,Response To ATP (GO:0033198),0.4336110249490865,0.8223511140159356,0.7168831168831169,1.0,1.0,6/19,20.89%,P2RX7;TAF1;P2RY12;RYR3;P2RY11;SSH1
prerank,Positive Regulation Of Inflammatory Response (GO:0050729),-0.355535686639188,-0.822306219065827,0.8696236559139785,1.0,1.0,30/90,22.24%,MYO1C;TLR7;TNFRSF1A;GRN;TNIP1;S100A9;S100A8;LGALS1;CASP4;ETS1;IL17RA;APP;IFI35;CX3CL1;TRADD;NFKBIZ;LCP1;RPS19;CD81;PLA2G7;SETD4;NINJ1;NLRP3;VAMP8;NLRP1;ZP3;AGT;PYCARD;RIPK1;PLCG2
prerank,JNK Cascade (GO:0007254),-0.42176443465247565,-0.8219910520333673,0.7863777089783281,1.0,1.0,9/29,14.98%,MAP3K11;MAP3K13;MAP2K7;GPS1;MAP3K20;MAP3K10;MAPK10;MAPK8;SH2D3C
prerank,Positive Regulation Of Mitotic Cell Cycle Phase Transition (GO:1901992),-0.36865191915620227,-0.8217024603313494,0.8326180257510729,1.0,1.0,18/62,17.66%,MECP2;CCND2;ANAPC11;RAB11A;PLCB1;CDC25B;DDX3X;KLHL18;ANXA1;CCND1;CENPJ;LSM10;AIF1;CDC16;RB1;RGCC;VPS4B;RAD51C
prerank,DNA Replication Checkpoint Signaling (GO:0000076),-0.47166816039077536,-0.8214096552392702,0.7077702702702703,1.0,1.0,1/16,0.36%,ZNF830
prerank,Regulation Of Endothelial Cell Migration (GO:0010594),-0.3581829354466778,-0.8213443040902696,0.8373071528751753,1.0,1.0,18/82,12.07%,NELL1;SVBP;ATOH8;GRN;NELL2;ITGB1BP1;BMPR2;BMPER;PRKCA;ADGRB1;SP100;CALR;GPI;RHOJ;ETS1;RAC1;KRIT1;PLPP3
prerank,Protein auto-ADP-ribosylation (GO:0070213),-0.5252911170907388,-0.8210853032454316,0.7240802675585284,1.0,1.0,2/10,11.58%,PARP11;PARP8
prerank,Arginine Metabolic Process (GO:0006525),0.510714645623123,0.8209795662273269,0.6967592592592593,1.0,1.0,2/10,9.40%,ASS1;NOS1
prerank,Negative Regulation Of Protein Tyrosine Kinase Activity (GO:0061099),0.4179296295218854,0.8208478531734318,0.7361809045226131,1.0,1.0,7/23,15.40%,CBL;SOCS5;DUSP22;TSG101;SH3BP5L;SRCIN1;CBLB
prerank,Cellular Response To cAMP (GO:0071320),0.37392086097872435,0.8205390972064293,0.7908309455587392,1.0,1.0,8/30,15.19%,RAPGEF3;AKAP9;RAP1A;SLC26A6;AQP1;AHR;PDE2A;SLC26A3
prerank,Sterol Biosynthetic Process (GO:0016126),0.38251199125176233,0.8204548312084269,0.8034188034188035,1.0,1.0,9/28,14.37%,PLPP6;INSIG2;FDFT1;INSIG1;PRKAG2;LSS;MVK;DHCR24;FAXDC2
prerank,Cellular Response To Fluid Shear Stress (GO:0071498),0.5091049948727125,0.8204189589339332,0.6834532374100719,1.0,1.0,2/11,2.93%,KLF4;NFE2L2
prerank,Very Long-Chain Fatty Acid Biosynthetic Process (GO:0042761),-0.4952021062508459,-0.8201168940232144,0.7280550774526678,1.0,1.0,1/12,0.62%,ELOVL4
prerank,Cellular Response To Hypoxia (GO:0071456),0.3281467430663224,0.8199926403677689,0.9084507042253521,1.0,1.0,10/71,9.28%,ADO;HP1BP3;EGLN1;MDM4;AK4;NDRG1;CPEB2;TIGAR;MDM2;AQP1
prerank,Golgi To Lysosome Transport (GO:0090160),-0.5071666012595706,-0.8199550605224285,0.720353982300885,1.0,1.0,4/11,14.04%,LAPTM5;EHD3;LAMP1;RBSN
prerank,Regulation Of p38MAPK Cascade (GO:1900744),0.37208248808442984,0.8195272997563688,0.8108882521489972,1.0,1.0,10/36,12.11%,PER1;MAP3K4;ZC3H12A;PRMT1;GADD45G;MINK1;DLG1;CYLD;PHLPP1;STK39
prerank,Retinal Metabolic Process (GO:0042574),0.4519758890490265,0.8195215616704749,0.7358024691358025,1.0,1.0,2/15,12.94%,BCO2;RDH13
prerank,Diol Metabolic Process (GO:0034311),-0.520676459979441,-0.8192469129117306,0.71875,1.0,1.0,4/10,12.07%,PLPP1;SPHK2;PRKG2;PLPP3
prerank,Negative Regulation Of Transcription Regulatory Region DNA Binding (GO:2000678),-0.48938724160515246,-0.8190889822018959,0.7236614853195165,1.0,1.0,6/13,21.79%,ZNF593;TMSB4X;PER2;SIN3A;ZNF675;MAD2L2
prerank,Engulfment Of Apoptotic Cell (GO:0043652),0.5052879303349612,0.8189692871711468,0.6658767772511849,1.0,1.0,3/10,14.32%,XKR8;XKR9;MEGF10
prerank,Negative Regulation Of Wound Healing (GO:0061045),-0.42257304149563524,-0.8188985534296678,0.7660626029654036,1.0,1.0,3/26,11.55%,AJAP1;CASK;SERPINE2
prerank,Regulation Of Protein Kinase B Signaling (GO:0051896),-0.34065997282615684,-0.8188634304239462,0.9010695187165776,1.0,1.0,27/129,17.67%,PARK7;TXN;DAG1;ITGB1;TGFBR1;NTRK3;DDIT3;ITGB1BP1;MYDGF;MUL1;MTDH;CIB1;CNTN1;HSP90AA1;HSP90AB1;PPP2R1A;CPNE1;SRC;HAX1;PIK3R5;C1QBP;MAZ;P2RX4;CX3CL1;OSBPL8;OTUD3;SIRT1
prerank,Cellular Response To Retinoic Acid (GO:0071300),-0.39333469849144687,-0.8188350286068415,0.8120063191153238,1.0,1.0,4/40,7.20%,PTK7;RORB;LYN;TESC
prerank,Activation Of GTPase Activity (GO:0090630),-0.3479311650440405,-0.8185278944521784,0.8726027397260274,1.0,1.0,22/93,13.39%,RHOG;TBC1D14;AGAP6;DOCK7;NGEF;NTRK3;TIAM2;TBC1D13;ARHGEF26;TBC1D9B;PIP5K1A;AGAP5;RAP1GAP;TBC1D7;SGSM2;ARHGAP29;TBC1D30;APC2;ARHGAP25;TAX1BP3;RASGRP1;SLC27A4
prerank,3'-UTR-mediated mRNA Stabilization (GO:0070935),0.45824391927663044,0.8181474799522058,0.7387862796833773,1.0,1.0,5/14,16.51%,MAPK14;MAPKAPK2;HNRNPC;MYD88;HNRNPA0
prerank,Regulation Of Protein Neddylation (GO:2000434),-0.45626472433114257,-0.8178663020493316,0.7248,1.0,1.0,6/17,12.00%,DCUN1D2;COPS8;GPS1;RPL5;COPS6;COPS7B
prerank,Antigen Processing And Presentation Of Endogenous Peptide Antigen (GO:0002483),0.43196768220053033,0.8174450926636784,0.7494089834515366,1.0,1.0,7/18,15.80%,ERAP2;MICB;IDE;TAP1;HFE;HLA-B;HLA-F
prerank,Regulation Of Canonical Wnt Signaling Pathway (GO:0060828),-0.3250868960200371,-0.817321229051645,0.9336670838548186,1.0,1.0,34/193,11.43%,BICC1;HECW1;PIN1;PTPRO;CSNK1G1;MCC;ATP6AP2;PTK7;TMEM9;PPP1CA;DDIT3;ZNF703;DKK3;VCP;MRPS12;PFDN5;TMEM131L;FZD6;WNK2;CSNK1E;PRICKLE1;WLS;EMD;DDX3X;RBX1;ZBED3;CCNYL1;SOX2;UBAC2;USP8;SHISA6;APC2;CDK14;BTRC
prerank,Negative Regulation Of Rho Protein Signal Transduction (GO:0035024),-0.46427566978069446,-0.8170357512954236,0.7275693311582382,1.0,1.0,5/16,14.57%,SCAI;STMN1;DYNLL1;ARHGAP35;RIPOR2
prerank,Negative Regulation Of Telomere Maintenance Via Telomerase (GO:0032211),0.4233253204102636,0.8170279332798438,0.7351485148514851,1.0,1.0,9/18,14.91%,CTC1;POT1;HNRNPU;PINX1;XRN1;DCP2;HNRNPC;TERF1;TERF2
prerank,Cellular Response To Lectin (GO:1990858),-0.46310631510824934,-0.8169813940306354,0.7578253706754531,1.0,1.0,8/17,17.32%,PAK3;IKBKB;PAK1;LYN;SRC;KLRD1;TYROBP;CLEC7A
prerank,Stimulatory C-type Lectin Receptor Signaling Pathway (GO:0002223),-0.46310631510824934,-0.8169813940306354,0.7578253706754531,1.0,1.0,8/17,17.32%,PAK3;IKBKB;PAK1;LYN;SRC;KLRD1;TYROBP;CLEC7A
prerank,Regulation Of G1/S Transition Of Mitotic Cell Cycle (GO:2000045),-0.3421617983965492,-0.816941718230498,0.8837837837837837,1.0,1.0,29/103,16.05%,ID2;CDKN1A;AMBRA1;CDKN2D;CCND2;SMARCD3;FAM107A;PLCB1;PSME1;MYO16;FHL1;CDKN2A;APLP2;DDX3X;DPF3;PHF10;PTPN6;INO80;ANXA1;SMARCD1;CDK7;ADAM17;CENPJ;GPNMB;LSM10;AIF1;RB1;DPF1;APC
prerank,Collagen Fibril Organization (GO:0030199),-0.3915051171078445,-0.8168102960360196,0.7674418604651163,1.0,1.0,7/42,9.21%,TGFBR1;COL5A2;COL5A1;DDR2;COL11A1;PLOD3;COLGALT1
prerank,Organelle Membrane Fusion (GO:0090174),-0.43106711666538977,-0.8167563447443013,0.7475083056478405,1.0,1.0,9/23,16.16%,SYT11;VCPIP1;VAMP1;SYT4;TSNARE1;STX10;STX1B;GOSR1;STX5
prerank,Mucosal Immune Response (GO:0002385),0.4508922033346345,0.8166219664128611,0.7353689567430025,1.0,1.0,2/15,10.67%,IFNLR1;OTUD7B
prerank,Regulation Of Cytoplasmic Translation (GO:2000765),0.4043535557548997,0.8162859290370712,0.7630208333333334,1.0,1.0,6/23,10.91%,PAIP1;SYNCRIP;HNRNPU;CPEB2;DHX9;CPEB3
prerank,Positive Regulation Of Cholesterol Metabolic Process (GO:0090205),0.49692864537540676,0.8162218404753264,0.7050359712230215,1.0,1.0,5/10,21.64%,PRKAA1;FGF1;STARD4;LDLRAP1;SREBF1
prerank,mRNA Catabolic Process (GO:0006402),-0.3928290433436591,-0.8159616549603023,0.796875,1.0,1.0,11/42,10.83%,YTHDF2;MRTO4;METTL3;RNH1;ERN1;EXOSC4;NUDT12;UPF1;ZFP36;PNPT1;NUDT16
prerank,Vascular Endothelial Growth Factor Receptor Signaling Pathway (GO:0048010),0.3904146327291208,0.8158190349023069,0.8174386920980926,1.0,1.0,4/28,7.50%,MAPK14;MAPKAPK2;BCAR1;PAK2
prerank,Regulation Of RIG-I Signaling Pathway (GO:0039535),0.43216273781632764,0.8153284200711446,0.7276995305164319,1.0,1.0,8/16,19.39%,RNF125;DDX60;USP15;NPLOC4;UFD1;ZCCHC3;SEC14L1;NOP53
prerank,Mitotic Cytokinesis (GO:0000281),0.3446591708270045,0.8150906066335181,0.8923076923076924,1.0,1.0,15/56,11.15%,CNTROB;BBS4;ANLN;MITD1;CUL7;TTC19;NUSAP1;RTKN;EXOC4;ECT2;PDCD6IP;CKAP2;ROCK2;RASA1;ROCK1
prerank,Acylglycerol Biosynthetic Process (GO:0046463),0.4197886014204439,0.8150262343181846,0.7261306532663316,1.0,1.0,6/21,18.63%,GPAM;GPAT4;LPGAT1;LPIN3;DGAT1;PLA2G4A
prerank,Type I Interferon-Mediated Signaling Pathway (GO:0060337),0.41277515754786154,0.8148483068357626,0.7327586206896551,1.0,1.0,10/22,19.48%,TANK;TYK2;STAT1;STAT2;MYD88;TRAF3;IRAK1;IKBKE;HDAC4;IFNAR1
prerank,Multivesicular Body Assembly (GO:0036258),-0.4212240391396598,-0.8147436720942284,0.7652582159624414,1.0,1.0,10/28,18.60%,CHMP2A;RAB11A;VPS28;CHMP3;CHMP7;VPS37A;UBAP1;VPS37C;VPS4B;CHMP2B
prerank,Membrane Protein Ectodomain Proteolysis (GO:0006509),-0.43272830647209765,-0.8146251618660796,0.7673343605546995,1.0,1.0,10/21,18.72%,DAG1;SPPL2A;PRKCQ;SPPL2B;ERAP1;ADAM17;ADAM19;ADAM9;MYH9;BACE2
prerank,Positive Regulation Of Vascular Endothelial Cell Proliferation (GO:1905564),0.48559220516129703,0.8145563384995281,0.7244655581947743,1.0,1.0,2/11,2.50%,PDPK1;AKT3
prerank,Epithelial Cell Differentiation (GO:0030855),-0.34655294031744327,-0.8144285116904508,0.8956639566395664,1.0,1.0,15/112,13.60%,EDF1;KRT17;ZNF703;FN3K;TPP1;ANXA4;ANXA7;BASP1;FSTL1;OVOL2;TOLLIP;PCNA;CBR1;ANXA1;GSTK1
prerank,Positive Regulation Of G1/S Transition Of Mitotic Cell Cycle (GO:1900087),0.37750325907726134,0.8141642460559815,0.8346666666666667,1.0,1.0,8/31,12.54%,EGFR;ANKRD17;SASS6;MTBP;CDK10;EIF4G1;RRM1;RDX
prerank,Endocytic Recycling (GO:0032456),0.336975284346643,0.814140717649957,0.9113924050632911,1.0,1.0,19/59,10.84%,RAB11B;VPS26A;VPS35L;ENTR1;WASHC2C;ARF6;RAB11FIP3;VPS13B;VPS39;SNX7;MICALL2;VAMP4;RAB14;SNF8;MICALL1;SNX27;STX6;EHD2;ANKRD27
prerank,Positive Regulation Of Blood Coagulation (GO:0030194),-0.4439519846379322,-0.8141384975223666,0.7459546925566343,1.0,1.0,5/21,18.69%,ENPP4;NRG1;CNTN1;DMTN;SERPINF2
prerank,Branching Morphogenesis Of An Epithelial Tube (GO:0048754),-0.3941475998363354,-0.8138870424473154,0.8032258064516129,1.0,1.0,3/38,6.96%,NELL1;SEMA3E;PAK1
prerank,Regulation Of Cholesterol Metabolic Process (GO:0090181),-0.43156118819604133,-0.8138860172724207,0.7386363636363636,1.0,1.0,3/23,8.44%,FMO5;ARV1;LPCAT3
prerank,Regulation Of Nitric-Oxide Synthase Biosynthetic Process (GO:0051769),-0.4990400228143659,-0.8138490054796235,0.7530224525043178,1.0,1.0,2/11,10.40%,SELENOS;NAMPT
prerank,Cellular Nitrogen Compound Biosynthetic Process (GO:0044271),-0.41831231663910523,-0.8137846222538176,0.7609682299546142,1.0,1.0,8/28,19.74%,SLC7A6;SPTLC1;CYB5B;SPHK2;ARG2;ACER3;CYP1B1;ASAH1
prerank,Cellular Response To dsRNA (GO:0071359),-0.48291423563891284,-0.8136784395042836,0.7629382303839732,1.0,1.0,4/14,10.96%,RIOK3;FLOT1;MUL1;COLEC12
prerank,snRNA Transcription (GO:0009301),-0.5071036482327321,-0.8136379684886296,0.7478260869565218,1.0,1.0,2/11,5.64%,SNAPC5;ZC3H8
prerank,Positive Regulation Of Macroautophagy (GO:0016239),-0.37183577503765736,-0.8134749149252073,0.8233657858136301,1.0,1.0,15/59,11.19%,TOM1;MOAP1;SLC25A5;AMBRA1;SLC25A4;PIP4K2C;GNAI3;HTT;IKBKG;RAB3GAP2;SCOC;SPTLC1;SMCR8;PRKAA2;SESN2
prerank,B Cell Receptor Signaling Pathway (GO:0050853),0.3580518625720592,0.8132109979492145,0.8555240793201133,1.0,1.0,12/40,18.89%,CD38;BCL2;BCAR1;BAX;BTK;TEC;PLEKHA1;NCKAP1L;NFAM1;SYK;BLNK;NFATC2
prerank,Regulation Of Microtubule Polymerization Or Depolymerization (GO:0031110),0.3886604236052087,0.8131281718814234,0.7793296089385475,1.0,1.0,6/27,7.02%,CAMSAP1;MAPRE2;GAS2L1;CAMSAP2;MAPRE3;CAMSAP3
prerank,Negative Regulation Of Oxidative Stress-Induced Intrinsic Apoptotic Signaling Pathway (GO:1902176),0.44475114401238086,0.8127602442525752,0.7428571428571429,1.0,1.0,4/15,9.80%,PRKN;NFE2L2;NONO;BAG5
prerank,Regulation Of Intracellular Signal Transduction (GO:1902531),-0.3163733294512588,-0.8127414828587797,0.9802784222737819,1.0,1.0,76/282,17.80%,ULK4;TMEM127;PIP4P1;VAV3;GNA12;PJA2;ATP6AP2;NF2;ARHGAP4;RPF2;ZFAND6;DNMBP;NGEF;NTRK3;PAK3;TNFRSF25;TIAM2;UFL1;RIT2;ARHGAP44;ITFG2;ARHGAP31;OBSCN;PIP5K1A;DYNLL1;KALRN;PAK1;FBXL2;LYN;PIP5K1C;ARHGEF9;SPRED1;CHN1;OVOL2;TMSB4X;UBE2N;SPHK2;TNIK;RPL5;WWC1;ARHGAP29;ARHGEF17;ARHGAP26;MAPKAPK5;ARAF;WWC2;GPAT3;ARHGEF4;SEZ6L2;KMT5A;GRB2;CPNE1;ARHGAP35;AKAP12;EZR;AGER;ARHGEF25;ARHGAP39;BCR;STK4;ITSN1;BCL3;VAV2;ARHGAP18;RELA;PRKD2;AKAP7;URB2;RNF34;CMKLR1;RPL11;ARHGAP30;CLEC7A;MAPT;ARHGEF28;HSPB1
prerank,Chordate Embryonic Development (GO:0043009),-0.37201731474226096,-0.8127239771489552,0.8192955589586524,1.0,1.0,7/52,9.88%,PCSK5;KIAA1217;DEAF1;TGFBR1;PTPRR;INTU;POLR2D
prerank,Positive Regulation Of Sprouting Angiogenesis (GO:1903672),0.45545593207341717,0.8126562171177739,0.6943765281173594,1.0,1.0,4/14,10.73%,PDPK1;KLF4;TJP1;FGF1
prerank,Regulation Of Autophagy (GO:0010506),-0.3226828568963209,-0.8125692022515405,0.9562130177514793,1.0,1.0,78/227,18.87%,GPR137B;GAPDH;USP36;SNX32;AMBRA1;UCHL1;FBXW7;TBC1D14;PSAP;ATP6V0B;WDR41;FOXK1;ATP6V1G1;DRAM1;TICAM1;PIP4K2C;DDIT3;UFL1;ATP6V1A;TRIM27;HGF;ERN1;KAT5;CDK16;MTMR4;FBXL2;PIK3C2A;ATP6V0E1;ATP6V0D1;SMCR8;MTDH;MTMR9;ATP6V1B2;CAPN1;DCAF12;DAPK1;SREBF2;PRKAA2;ATP6V1D;ATP6V1C1;UBQLN2;TPCN1;ATP6V0A1;DNM1L;USP20;CDK5;RUBCN;HAX1;GOLGA2;CAPNS1;TMEM59;SNX5;MAPK8;BAD;ABL2;BECN1;TRIM38;MLST8;EIF4E;RRAGD;USP10;EIF4G2;TPCN2;SETD2;KLHL22;SVIP;MAPT;HSPB1;SIRT2;GSK3A;ATP13A2;DHRSX;VPS26B;DAP;USP13;PIK3R4;DAPK3;EXOC7
prerank,Glycerophospholipid Catabolic Process (GO:0046475),0.40598278885504957,0.812537883913537,0.7403314917127072,1.0,1.0,4/23,7.04%,GDPD3;PLA2G6;PNPLA6;GDE1
prerank,Establishment Of Apical/Basal Cell Polarity (GO:0035089),-0.49150145910117304,-0.8125373175089143,0.7339901477832512,1.0,1.0,4/13,12.49%,OPHN1;PATJ;MSN;EZR
prerank,Protein Deubiquitination (GO:0016579),-0.351565011621389,-0.8124048149329951,0.855944055944056,1.0,1.0,22/90,12.41%,USP37;ENY2;YOD1;USP36;UCHL1;USP11;USP1;USP22;DESI1;USP16;VCPIP1;UCHL5;USP19;SHMT2;EIF3F;USP6;USP8;OTUD6B;USP42;UCHL3;OTUD1;USP20
prerank,Leukocyte Adhesion To Vascular Endothelial Cell (GO:0061756),-0.4521480490836432,-0.811943832074086,0.7466216216216216,1.0,1.0,3/17,13.61%,ITGB1;PODXL2;SELL
prerank,Negative Regulation Of Inflammatory Response (GO:0050728),-0.3441365822812253,-0.811870418197597,0.8729729729729729,1.0,1.0,15/97,8.52%,SIRPA;TNFRSF1A;GRN;SELENOS;TNFRSF1B;PPARD;SIGLEC10;FFAR4;RORA;LYN;PLCG1;FNDC4;CD200;LPCAT3;LRFN5
prerank,Negative Regulation Of RNA Metabolic Process (GO:0051253),-0.516286398388402,-0.8116373232112413,0.72875226039783,1.0,1.0,4/10,10.83%,RPS26;PTBP1;RPS13;NUDT16
prerank,Cognition (GO:0050890),-0.3865393502181639,-0.8107833877148913,0.8110944527736131,1.0,1.0,14/38,19.81%,JAKMIP1;TUSC3;FAM107A;CHRNA7;C5AR1;CUX2;SOBP;GRM5;METTL23;HLA-DRA;SLC8A2;MGAT3;CHMP2B;LINS1
prerank,Positive Regulation Of Interleukin-4 Production (GO:0032753),-0.4657619119288471,-0.8107443301268442,0.7466666666666667,1.0,1.0,8/16,20.89%,SLC7A5;CEBPB;PRKCQ;FCER1G;HLA-E;NLRP3;LGALS9;ZP3
prerank,Cellular Response To Decreased Oxygen Levels (GO:0036294),0.3231876976687968,0.8105156785018215,0.9438596491228071,1.0,1.0,10/72,9.28%,ADO;HP1BP3;EGLN1;MDM4;AK4;NDRG1;CPEB2;TIGAR;MDM2;AQP1
prerank,Cellular Response To Hydrogen Peroxide (GO:0070301),0.3884830509531867,0.8104327638060065,0.7914110429447853,1.0,1.0,13/32,19.34%,CAT;NFE2L2;PRKCD;ECT2;AQP1;SETX;RHOB;PLEKHA1;OSER1;MAPK13;ANKZF1;HDAC6;FYN
prerank,Establishment Of Protein Localization To Membrane (GO:0090150),-0.3656815062600922,-0.8103839762680852,0.8451704545454546,1.0,1.0,22/66,15.66%,PRKCI;GORASP2;MYO1C;BRAF;SYNE3;REEP1;ARL6;RAB11A;YIF1B;NACA2;ZDHHC18;RAB3GAP2;ZDHHC6;SEC63;BID;VPS37A;TAOK2;ZDHHC11B;RAB3IP;NACA;CHM;NCF1
prerank,Response To Amino Acid Starvation (GO:1990928),0.36566894091152846,0.8103356025114566,0.8147058823529412,1.0,1.0,3/38,2.51%,RNF152;SH3GLB1;SESN1
prerank,Regulation Of Actin Nucleation (GO:0051125),-0.4530360303210905,-0.810002042296865,0.7591125198098256,1.0,1.0,3/19,4.29%,CARMIL1;RNH1;ARFIP2
prerank,Vesicle Cargo Loading (GO:0035459),0.4108811065219543,0.8098373856947422,0.7168831168831169,1.0,1.0,11/21,17.90%,PICALM;SEC31A;CTAGE1;SEC24D;SEC24C;SEC24A;SEC24B;KIF13A;SEC23A;SAR1A;TMED10
prerank,Protein Transport To Vacuole Involved In Ubiquitin-Dependent Protein Catabolic Process Via The Multivesicular Body Sorting Pathway (GO:0043328),0.45916631424363263,0.8096817577130535,0.7150127226463104,1.0,1.0,5/14,8.79%,MVB12A;TSG101;STAM;SNF8;STAM2
prerank,Positive Regulation Of Blood Vessel Endothelial Cell Migration (GO:0043536),-0.38341850991000426,-0.8095789710262304,0.8151515151515152,1.0,1.0,16/44,17.80%,ATP5F1B;CD40;PLCG1;PRKCA;PIK3C2A;TMSB4X;CIB1;RHOJ;ETS1;ANXA1;ATP5F1A;P2RX4;HMOX1;PRKD2;SIRT1;HSPB1
prerank,Response To Lipid (GO:0033993),0.30936613027993504,0.809525666544046,0.9890909090909091,1.0,1.0,26/102,17.10%,CTNNB1;FER;FOXO1;ABCG1;IRAK3;MICB;MAPKAPK2;TAB2;RPS6KA3;FOXP1;SNCA;ERBIN;STAT3;NOS1;ASCL1;TNFRSF11A;HMGB2;SCD;SRR;PELI1;FOXO3;HNRNPA0;IRAK1;PRDX3;SYK;SMAD6
prerank,Regulation Of Transcription Elongation By RNA Polymerase II (GO:0034243),-0.360628329325434,-0.8094588267734952,0.8523206751054853,1.0,1.0,25/75,18.06%,INTS9;HEXIM1;NELFB;INTS7;MED21;SIRT6;EAPP;MED29;MED11;MED27;MED14;MED31;RNF168;MED10;MED6;ELL;RNF8;MED23;SUPT6H;WDR43;MED28;MED4;RECQL5;TCERG1;CDK12
prerank,Endolysosomal Toll-Like Receptor Signaling Pathway (GO:0140894),-0.4867631403623026,-0.8094407633311116,0.7504302925989673,1.0,1.0,4/13,14.18%,TLR7;PIK3AP1;SCIMP;TNIP2
prerank,Regulation Of Monoatomic Ion Transmembrane Transport (GO:0034765),-0.41446300844156914,-0.8093625442680226,0.7770700636942676,1.0,1.0,7/28,15.40%,KCNJ6;GRIN2B;KCNJ9;KCNJ5;GRIN2A;WNK3;KCNJ4
prerank,Regulation Of Reactive Oxygen Species Biosynthetic Process (GO:1903426),-0.4571350799999423,-0.8089780763422024,0.7414075286415712,1.0,1.0,5/17,13.03%,PARK7;RAB27A;ADGRB1;SPHK2;CYBA
prerank,Positive Regulation Of DNA-directed DNA Polymerase Activity (GO:1900264),0.4840502253130339,0.8084543995332668,0.7046632124352331,1.0,1.0,4/12,13.77%,RFC2;GINS1;POLG2;RFC3
prerank,Regulation Of DNA-directed DNA Polymerase Activity (GO:1900262),0.4840502253130339,0.8084543995332668,0.7046632124352331,1.0,1.0,4/12,13.77%,RFC2;GINS1;POLG2;RFC3
prerank,Actin Filament Polymerization (GO:0030041),-0.40390080303500653,-0.808399603472415,0.7639939485627837,1.0,1.0,8/30,12.21%,MSRB2;FAM107A;WASF3;PSTPIP2;WASL;DIAPH1;RAC1;WASF1
prerank,Interstrand Cross-Link Repair (GO:0036297),-0.40081266026142964,-0.8082379583218361,0.7937984496124031,1.0,1.0,9/33,14.69%,CENPX;FANCD2;VCP;POLN;ERCC4;RNF168;FAAP20;RNF8;FANCM
prerank,Cellular Response To Chemical Stress (GO:0062197),0.3149569944994074,0.8081577391041098,0.9781021897810219,1.0,1.0,26/85,16.02%,FANCC;CCS;FOXO1;ZC3H12A;NFE2L2;ATM;PRKAA1;PIK3CA;CPEB2;PYROXD1;ZFP36L2;SNCA;LRRC8D;ERMP1;VRK2;KEAP1;ALDH3B1;STX4;GSR;SETX;LRRK2;HTRA2;FOXO3;LONP1;PRKD1;PARP1
prerank,Establishment Of Endothelial Intestinal Barrier (GO:0090557),0.49784788626619847,0.8075291320810887,0.6822660098522167,1.0,1.0,3/10,11.94%,RAB1B;TJP1;RAP2B
prerank,Regulation Of Small GTPase Mediated Signal Transduction (GO:0051056),0.3055280111673066,0.8071217434734538,0.9920948616600791,1.0,1.0,38/109,17.57%,PREX1;CD2AP;TIAM1;ARHGEF3;ARHGEF1;TRIO;ARHGEF2;ARHGAP12;ARHGAP15;DOCK8;FGD3;STARD13;AKAP13;FGD4;FGD1;ARHGAP6;ARHGEF19;ECT2;ARHGEF11;ARHGAP9;ARHGEF12;FAM13A;ARHGAP21;ARHGAP22;GMIP;FAM13B;ARHGEF10L;SWAP70;CGNL1;PLEKHG3;ARHGAP45;SLIT2;ARHGAP1;ITGAV;RACGAP1;DOCK2;RHOU;MYO9B
prerank,Regulation Of Blood Circulation (GO:1903522),-0.4025424879355286,-0.8069689375007145,0.7923664122137405,1.0,1.0,11/32,24.39%,SRI;TPM1;AGER;PER2;TMIGD3;S100A1;AGT;KCNIP2;TNNT2;KCNQ1;ECE1
prerank,Hydrogen Peroxide Catabolic Process (GO:0042744),-0.47932465930305146,-0.8068843356139267,0.7384105960264901,1.0,1.0,4/14,13.02%,HBB;PRDX1;PRDX5;PRDX4
prerank,Modulation By Host Of Viral Genome Replication (GO:0044827),0.4270814238229848,0.8068081948262609,0.7506561679790026,1.0,1.0,4/19,3.83%,SMC5;PRKN;ZC3H12A;PIK3C3
prerank,Negative Regulation Of Plasma Membrane Bounded Cell Projection Assembly (GO:0120033),-0.40521641863099933,-0.8067068818702153,0.7738853503184714,1.0,1.0,10/28,15.35%,ARHGAP44;NRG1;LIMK2;RAP1GAP;TBC1D7;TBC1D30;CAPZB;UXT;ODF2L;EVL
prerank,Regulation Of Stress-Activated MAPK Cascade (GO:0032872),0.34596070303766124,0.8067012806670637,0.9059561128526645,1.0,1.0,16/49,16.50%,EGFR;PER1;FOXO1;TGFB2;MAPK8IP1;KLHDC10;TAOK1;STK25;TGFBR3;PHLPP1;MAPK1;MAPK3;RAP2A;MAPK8IP3;IGF1R;TAOK3
prerank,Protein Localization To Nucleus (GO:0034504),-0.3393457021722511,-0.8065187335076252,0.8976063829787234,1.0,1.0,36/119,17.76%,HEATR3;TOR1B;IPO7;RPF2;NUP155;SKP1;RANBP6;AKIRIN2;SUPT7L;IPO9;EIF4ENIF1;SEC13;RANBP17;PRICKLE1;APLP2;NUP85;RAN;CALR;TBRG1;CNEP1R1;TOR1AIP2;KPNA2;YWHAE;CHCHD10;KPNA4;RANGRF;MORC3;FAM53C;STK4;BCL3;BANP;TNPO2;WRN;RPL11;ARL2BP;RPAIN
prerank,NADPH Regeneration (GO:0006740),-0.5004628516573653,-0.8064306069667118,0.7495527728085868,1.0,1.0,7/11,16.64%,RPE;ALDH1L2;DDR2;H6PD;PGLS;RBKS;G6PD
prerank,"Wound Healing, Spreading Of Cells (GO:0044319)",-0.42938064315860275,-0.8058850493051368,0.7813504823151125,1.0,1.0,7/23,13.08%,ITGB1;COL5A1;CD44;ITGA5;ARHGAP35;PDPN;ADAM17
prerank,Sphingolipid Catabolic Process (GO:0030149),-0.4650420307573536,-0.8052266898862633,0.7541528239202658,1.0,1.0,6/15,23.49%,SMPD4;ACER3;SMPD3;ASAH1;PPT1;SGPL1
prerank,Regulation Of Hippo Signaling (GO:0035330),-0.4276701914273378,-0.8047259753697378,0.7697160883280757,1.0,1.0,11/23,12.70%,MARK3;FRMD6;NF2;CIT;SHANK2;ARRDC3;IQCJ-SCHIP1;WWC1;WWC2;SRC;VGLL4
prerank,Regulation Of T Cell Migration (GO:2000404),0.4204383967093839,0.8047121321690045,0.7892030848329049,1.0,1.0,4/20,8.06%,SPNS2;TNFRSF14;DOCK8;LRCH1
prerank,Determination Of Heart Left/Right Asymmetry (GO:0061371),0.35934901459888124,0.8043019352936676,0.8543956043956044,1.0,1.0,6/36,16.11%,CCDC40;SETDB2;DVL1;TGFBR2;MEGF8;MKKS
prerank,"Retrograde Transport, Endosome To Golgi (GO:0042147)",-0.3514281470817977,-0.8042601670794163,0.8777472527472527,1.0,1.0,32/86,20.08%,BET1L;SURF4;RAB29;VPS53;TBC1D14;EHD3;TRIM27;GGA1;RGP1;RAB7A;SGSM2;PLEKHJ1;RAB6A;PLEKHA3;GBF1;PREPL;STX10;UBE2O;RBSN;SNX5;VPS51;GOSR1;STX5;VPS52;SNX3;TMED9;VPS26B;SNX12;SNX2;VTI1B;SNX8;TBC1D10B
prerank,Regulation Of Viral Genome Replication (GO:0045069),0.3368055503752157,0.8041768965679534,0.9057750759878419,1.0,1.0,16/61,15.43%,ADARB1;APOBEC3G;IFIH1;PPARA;PKN2;FAM111A;ILF3;PROX1;BTBD17;PPID;VAPB;IFIT1;HACD3;N4BP1;RNASEL;RSAD2
prerank,Midbody Abscission (GO:0061952),-0.48469219429359917,-0.8039955623238755,0.7471074380165289,1.0,1.0,3/13,7.18%,CHMP2A;CHMP3;CHMP7
prerank,Regulation Of Centrosome Duplication (GO:0010824),-0.4185405090478922,-0.8039451706014077,0.7869362363919129,1.0,1.0,9/27,19.92%,NAT10;CHMP2A;CEP295;CHMP3;CENPJ;VPS4B;SIRT1;CHMP2B;TMEM67
prerank,Regulation Of Supramolecular Fiber Organization (GO:1902903),0.3910984115874317,0.803757074219353,0.8297297297297297,1.0,1.0,6/22,7.02%,CAMSAP1;CAMSAP2;PIK3CA;AKAP13;MAPRE3;CAMSAP3
prerank,Negative Regulation Of Nervous System Development (GO:0051961),0.44611765383462354,0.803668906131569,0.7355163727959698,1.0,1.0,4/16,10.62%,HOOK3;TLR2;REST;SORL1
prerank,Protein Modification By Small Protein Conjugation (GO:0032446),-0.3121899752949099,-0.803644017235967,0.988558352402746,1.0,1.0,99/325,17.67%,EIPR1;RNF7;DCUN1D2;BCL11A;UBB;STX1A;COPS8;HECW1;NUB1;FBXW7;PJA2;SENP5;RNF208;NEUROD2;HERC2;PIAS4;SKP1;HERC6;RNF26;NFX1;UFL1;ANAPC11;FBXW11;UBE2D4;TRIM27;CAND1;RPS27A;ARIH2;FBXL15;KLHL2;VCPIP1;VCP;KLHL8;UBE2L3;FBXL2;MUL1;UBA2;SAE1;SLF2;GPS1;UBE2I;AKTIP;RCHY1;RBX1;LMO7;RNF25;UBE2N;UBE2V2;UBE2D3;KLHL18;ENC1;STUB1;SH3RF3;ZMIZ2;ITCH;COPS6;RNF157;CAND2;ELOC;CUL9;BTRC;HLTF;UCHL3;COPS7B;PDZRN3;ISG15;UBA52;DTX2;CUL4B;RNF168;RPGR;PCNP;NAE1;FBXL5;KLHL9;ATG7;CRBN;FBXO7;RNF135;AREL1;USP5;HACE1;SUMO1;DDRGK1;UFC1;COPS3;ASB1;TRIM24;RNF38;RNF34;VPS11;ZNRF3;KIAA1586;UVSSA;TRPC4AP;HECW2;RNF115;SIRT1;FBXL3
prerank,Cellular Response To Virus (GO:0098586),0.35996112335799196,0.8034470990889206,0.8363095238095238,1.0,1.0,5/43,2.86%,MAPK14;IFIH1;IFNLR1;ZC3H12A;POU2AF1
prerank,Copper Ion Transport (GO:0006825),-0.5063151059244367,-0.803383113278808,0.7585034013605442,1.0,1.0,3/10,10.62%,STEAP2;STEAP3;SLC31A2
prerank,Excitatory Postsynaptic Potential (GO:0060079),0.4388645840533322,0.8031756262589027,0.7531486146095718,1.0,1.0,5/17,14.01%,GRID2;RAB3GAP1;GRIN2D;ARRB2;LRRK2
prerank,Negative Regulation Of Response To Stimulus (GO:0048585),-0.376641656947305,-0.8029942010679336,0.8272327964860908,1.0,1.0,12/49,10.61%,THY1;EPHA4;WDR41;UBASH3B;MCTP1;LYN;CASK;APLP2;CLU;LPCAT3;SMCR8;DDAH1
prerank,Negative Regulation Of Proteolysis (GO:0045861),-0.3992187077276927,-0.8029632543726022,0.8076335877862595,1.0,1.0,8/34,18.74%,EPHA4;TIMP3;SERPINE2;CDK5;DNAJC1;PRNP;CST3;SNX12
prerank,Regulation Of Cellular Respiration (GO:0043457),-0.46552485949856026,-0.8027026411886071,0.7478411053540587,1.0,1.0,4/14,9.19%,PRELID1;VCP;PNPT1;SHMT2
prerank,Regulation Of Cellular Response To Transforming Growth Factor Beta Stimulus (GO:1903844),0.41058953698100953,0.8026971407975088,0.7548209366391184,1.0,1.0,3/21,4.41%,SMAD7;ITGA3;SMAD4
prerank,Endosomal Vesicle Fusion (GO:0034058),0.4924585528749459,0.8025901022831438,0.7,1.0,1.0,3/10,6.37%,VPS41;VPS39;VPS8
prerank,Positive Regulation Of Transmembrane Receptor Protein Serine/Threonine Kinase Signaling Pathway (GO:0090100),-0.34756711219247155,-0.8025664264018398,0.8919288645690835,1.0,1.0,14/88,13.81%,KIAA0319;TGFBR1;FBXL15;RNF165;ACVR2A;CITED2;BMPR2;RBPJ;GDF11;HSP90AB1;ADAM17;RBPMS;BMPR1A;UBE2O
prerank,Response To Tumor Necrosis Factor (GO:0034612),-0.34306080245544085,-0.8024562978680463,0.9131034482758621,1.0,1.0,24/94,17.87%,AFF3;NUB1;ZFAND6;CD40;IKBKB;MAP2K7;SMPD4;TNFRSF21;ZFP36;YBX3;CIB1;GSDME;IGBP1;CD58;RPS3;PID1;RELA;CX3CL1;TRADD;SFRP1;SIRT1;ADAM9;CACTIN;NR1D1
prerank,Cell Differentiation In Hindbrain (GO:0021533),-0.5031997879712008,-0.802114592214875,0.7470288624787776,1.0,1.0,3/10,9.80%,OPHN1;CEND1;FAIM2
prerank,Positive Regulation Of Phosphatidylinositol 3-Kinase Signaling (GO:0014068),-0.35536959360321774,-0.8020197335189092,0.871977240398293,1.0,1.0,19/67,18.59%,NTRK3;HGF;SEMA3E;DDR2;MYDGF;HCST;PDGFD;PTPN6;FN1;SRC;PIK3AP1;HAX1;ROR2;NCF1;MAZ;BECN1;ROR1;SIRT1;NTRK2
prerank,Leukocyte Tethering Or Rolling (GO:0050901),-0.45215319892345984,-0.8019973318132554,0.759515570934256,1.0,1.0,3/16,13.61%,ITGB1;PODXL2;SELL
prerank,Regulation Of NIK/NF-kappaB Signaling (GO:1901222),-0.35169142317983776,-0.8018725250841832,0.8655221745350501,1.0,1.0,22/71,19.55%,LAPTM5;MYO1C;TLR7;EIF2AK2;TRIM56;DDX3X;TMSB4X;CPNE1;EZR;AGER;APP;NFAT5;IFI35;BCL3;RPS3;NR3C2;RELA;TRADD;PPM1A;NLRP3;LGALS9;PTP4A3
prerank,Regulation Of Striated Muscle Contraction (GO:0006942),0.38652337263622827,0.8015247442738178,0.7841530054644809,1.0,1.0,5/26,9.51%,SMAD7;PRKACA;MYBPC3;NOS1;GRK2
prerank,Response To Hydrogen Peroxide (GO:0042542),-0.38321937725411503,-0.8014590372698425,0.8289473684210527,1.0,1.0,11/43,17.75%,SOD1;SIRPA;HBB;STK24;CLU;ANXA1;RPS3;HMOX1;RELA;SIRT1;ADAM9
prerank,RNA Processing (GO:0006396),-0.32539613415492197,-0.8012504090860422,0.9575,1.0,1.0,45/177,14.01%,FASTKD2;ZNF830;DIS3;SNRPD3;ADAR;EXOSC8;BICD1;THOC1;DKC1;SNRPB;METTL3;SNRPD2;DNTTIP2;RNGTT;SNRPD1;USB1;PPARGC1A;SRPK1;RNPS1;EXOSC4;SNRPA1;SNRPN;EXOSC1;RBM3;U2AF1;CELF3;DIS3L;SMU1;RBMS1;TENT4B;NUDT21;LSM1;MPHOSPH10;NOL9;SNRNP35;PPP2R1A;SRRM4;SF3A3;DEDD2;SNRPG;RBPMS;FUS;HNRNPH1;CCAR2;ZMAT5
prerank,Cellular Response To UV (GO:0034644),-0.3569378197340206,-0.8012168603479307,0.8704225352112676,1.0,1.0,14/73,12.74%,CDKN1A;METTL3;EIF2S1;RHBDD1;DHX36;NOC2L;ATF4;RBX1;MAP3K20;ATR;ERCC4;PCNA;INO80;CUL4B
prerank,Positive Regulation Of Cytoplasmic Translation (GO:2000767),0.45493960303771586,0.8010627577886623,0.7397590361445783,1.0,1.0,4/13,8.92%,PAIP1;SYNCRIP;HNRNPU;DHX9
prerank,fatty-acyl-CoA Biosynthetic Process (GO:0046949),0.39968668378161765,0.8005879411491292,0.7953964194373402,1.0,1.0,7/23,15.31%,SLC25A1;ACSBG1;GCDH;TECR;ELOVL7;ACSL4;ELOVL6
prerank,Positive Regulation Of Cardiac Muscle Cell Proliferation (GO:0060045),-0.4806594729454395,-0.8005203246843354,0.7542955326460481,1.0,1.0,5/13,19.49%,RBPJ;BMPR1A;PIM1;ZFPM2;MEF2C
prerank,Regulation Of Tumor Necrosis Factor Production (GO:0032680),-0.33796175517022675,-0.8001844748099062,0.907859078590786,1.0,1.0,41/109,22.24%,SIRPA;NFKBIL1;CD14;SYT11;TRIM27;SELENOS;FCGR3A;CLU;ZFP36;SPHK2;CHRNA7;PTPN6;IL1A;ARG2;CYBA;RASGRP1;AGER;APP;TYROBP;CX3CL1;VSIR;LCP1;CLEC7A;CACTIN;HSPB1;ARFGEF2;TMEM106A;HLA-E;SETD4;LGALS9;FADD;OAS2;CX3CR1;OAS3;EPHB2;OAS1;TNFAIP3;PYCARD;RIPK1;CD33;PLCG2
prerank,Regulation Of Wound Healing (GO:0061041),-0.37485505280975356,-0.8001501405420277,0.8448275862068966,1.0,1.0,7/42,12.25%,ITGB1;NRG1;AJAP1;CASK;HRAS;MYLK;ANXA1
prerank,Ventricular Septum Morphogenesis (GO:0060412),0.3851813690993837,0.8001271282375308,0.8036649214659686,1.0,1.0,6/26,11.59%,SMAD7;TGFB2;SMAD4;PROX1;TGFBR3;TGFBR2
prerank,Release Of Cytochrome C From Mitochondria (GO:0001836),-0.43831125097836116,-0.8000623142462149,0.7857142857142857,1.0,1.0,6/19,14.88%,FIS1;CLU;BID;DNM1L;MFF;TIMM50
prerank,Striated Muscle Tissue Development (GO:0014706),0.47015633679363783,0.8000320383390476,0.7427293064876958,1.0,1.0,3/12,6.51%,PGM5;PRMT1;SGCG
prerank,Heart Looping (GO:0001947),0.36461496623402856,0.7999542507271011,0.8722222222222222,1.0,1.0,4/33,11.59%,CCDC40;SETDB2;DVL1;TGFBR2
prerank,Positive Regulation Of Pathway-Restricted SMAD Protein Phosphorylation (GO:0010862),-0.3732216009167216,-0.7998689365957228,0.837386018237082,1.0,1.0,6/45,13.56%,TGFBR1;ACVR2A;BMPR2;GDF11;RBPMS;BMPR1A
prerank,Cellular Response To Catecholamine Stimulus (GO:0071870),0.41801403973008233,0.799763642413436,0.7751322751322751,1.0,1.0,4/19,9.14%,PRKN;PRKACA;SNCA;DRD1
prerank,Maintenance Of Protein Location In Nucleus (GO:0051457),0.4191121246976294,0.799736640168829,0.7506493506493507,1.0,1.0,8/18,7.64%,TAF8;BBS4;SUN2;RANGAP1;HNRNPU;BARD1;PML;TOPORS
prerank,Negative Regulation Of Biomineral Tissue Development (GO:0070168),-0.4400501455530419,-0.7996783812310961,0.7652733118971061,1.0,1.0,1/20,0.42%,CCR1
prerank,Positive Regulation Of Glycolytic Process (GO:0045821),0.4396430743498103,0.7994593512440212,0.7223587223587223,1.0,1.0,7/15,14.34%,ZBTB20;PRKAA1;P2RX7;ARNT;INSR;MLXIPL;PSEN1
prerank,Endomembrane System Organization (GO:0010256),-0.32149182479649663,-0.799423541760228,0.948339483394834,1.0,1.0,61/182,18.15%,PI4K2A;LEMD2;TOR1B;SYP;TMED2;SURF4;RAB29;DNM1;TMED4;GORASP2;EIF2AK3;ALS2;VAPA;NUP155;MYO18A;RNF26;SYNGR2;HOOK2;ATL1;HTT;SMPD4;JAGN1;AKTIP;SEC23IP;HOOK1;REEP5;SYNGR1;AP3D1;PLEKHJ1;DYNC2H1;PLEKHA3;GBF1;ATL3;TBC1D20;CR1;USP8;OBSL1;NSFL1C;TOR1AIP2;COG1;DNM1L;SNX10;SERP1;COG7;GOLGA2;DYM;LNPK;HACE1;VPS51;LAMTOR1;SYNE1;PLEKHM2;VPS11;COG6;UBXN2A;BLZF1;FAM174B;BNIP1;SRGN;ARFGEF2;UBXN2B
prerank,Negative Regulation Of Ubiquitin-Protein Transferase Activity (GO:0051444),0.43691068698182856,0.7993263422905007,0.7265625,1.0,1.0,5/16,10.04%,SMAD7;FBXO5;DTX3L;BAG5;BUB3
prerank,Positive Regulation Of Cellular Component Organization (GO:0051130),-0.3393092827978295,-0.7990852837700636,0.9095744680851063,1.0,1.0,17/101,10.14%,PARK7;SURF4;ASAP1;NEUROD2;ABCB7;TGFBR1;BCL2L11;FRMPD4;FLOT1;NRG1;VCP;PPP1R15A;SLF2;CLU;BID;NRXN1;TFR2
prerank,Regulation Of Cell Cycle G2/M Phase Transition (GO:1902749),0.4364936538958338,0.798962228581796,0.7636363636363637,1.0,1.0,9/16,17.79%,AURKA;KIF14;CDK3;CCNQ;CDK4;CDK6;NEK10;NPM1;TP53
prerank,Macromolecule Catabolic Process (GO:0009057),0.314351027340605,0.7987133252201941,0.968421052631579,1.0,1.0,19/80,12.56%,SH3GLB1;PRKN;RNASEH2B;SUPV3L1;UVRAG;UTP25;SIAH1;DNASE1;RAB12;MVB12A;EXOSC6;XRN2;FBH1;SETMAR;CASP7;IDE;CHEK2;LRSAM1;DFFB
prerank,Axoneme Assembly (GO:0035082),-0.4009021721724537,-0.79843547707453,0.8106796116504854,1.0,1.0,9/31,15.55%,CCDC65;SPAG1;CFAP46;HYDIN;STK36;TTC26;GAS8;SPAG16;LRGUK
prerank,Innate Immune Response Activating Cell Surface Receptor Signaling Pathway (GO:0002220),-0.4185611184651915,-0.798434357220712,0.8003120124804992,1.0,1.0,8/25,17.32%,PAK3;IKBKB;PAK1;LYN;SRC;KLRD1;TYROBP;CLEC7A
prerank,Regulation Of Protein Localization To Plasma Membrane (GO:1903076),-0.3473509969387185,-0.7983101038421552,0.8972972972972973,1.0,1.0,19/77,14.33%,PRKCI;LRPAP1;DPP10;RHOG;ITGB1;SORBS1;SIRT6;PLS1;ATP2B4;ZDHHC8;CIB1;CDK5;WNK3;RHOQ;RANGRF;STAC2;AP2M1;ZDHHC5;TMEM59
prerank,Cellular Response To Topologically Incorrect Protein (GO:0035967),-0.43199859868291723,-0.798200325795957,0.7824675324675324,1.0,1.0,8/21,15.17%,RHBDD1;ERN1;DNAJB12;STUB1;TM7SF3;PACRG;DNAJC18;PTPN1
prerank,Regulation Of Dendrite Development (GO:0050773),-0.382901702488707,-0.7981582098768255,0.8144796380090498,1.0,1.0,8/41,10.90%,BCL11A;HECW1;KIAA0319;MARK1;DCC;CSMD3;TNIK;VLDLR
prerank,Actin Polymerization Or Depolymerization (GO:0008154),-0.370208014538075,-0.7980165408414818,0.8399412628487518,1.0,1.0,15/51,15.35%,DSTN;AVIL;MSRB2;MICAL2;CFL1;FAM107A;WASF3;PSTPIP2;WASL;DIAPH1;RAC1;WASF1;WDR1;AIF1;EVL
prerank,Protein Localization To Synapse (GO:0035418),0.461803177810794,0.7976068498378722,0.7205882352941176,1.0,1.0,6/13,17.31%,ILF3;ZDHHC15;ZDHHC12;NLGN2;NPHS1;NLGN1
prerank,Negative Regulation Of Cell Junction Assembly (GO:1901889),-0.4189441253095601,-0.7973092410769971,0.7758064516129032,1.0,1.0,7/24,12.66%,IKBKB;FAM107A;ITGB1BP1;DYNLL1;SLIT1;ROBO2;SRC
prerank,Gonad Development (GO:0008406),0.35338565492211876,0.7972685214241801,0.9110512129380054,1.0,1.0,5/41,12.21%,MAMLD1;TGFB2;SOX8;WNT5A;LRP2
prerank,Cardiac Muscle Tissue Development (GO:0048738),0.3454845349278964,0.7971656733338827,0.8945783132530121,1.0,1.0,10/48,13.55%,SMAD5;PRMT1;SMAD4;AKAP13;SGCG;TCAP;MYOCD;ADAMTS9;GJA1;KDM6B
prerank,Extracellular Matrix Assembly (GO:0085029),0.4266257348291126,0.7968649578126429,0.7857142857142857,1.0,1.0,3/17,12.42%,GAS6;GPM6B;MLF2
prerank,Regulation Of Actin Filament Bundle Assembly (GO:0032231),-0.4151178339232969,-0.7965576577431659,0.8025078369905956,1.0,1.0,11/26,16.84%,PLEK;SYNPO;MTSS1;RAC1;SYNPO2;FHOD1;LIMK1;TSC1;CX3CL1;ASAP3;SLC9A1
prerank,Negative Regulation Of Ubiquitin-Dependent Protein Catabolic Process (GO:2000059),0.3655657278465766,0.796371499776425,0.8489425981873112,1.0,1.0,14/37,14.04%,QRICH2;RYBP;CSNK2A2;WAC;TAF1;PML;GIPC1;BAG6;FHIT;HFE;USP7;SDCBP;OGT;N4BP1
prerank,Response To Lipopolysaccharide (GO:0032496),-0.32588139087496115,-0.7962207615376362,0.9421052631578948,1.0,1.0,31/141,17.87%,SIRPA;SLC11A1;NFKBIL1;CD14;TICAM1;LILRB2;SELENOS;TNFRSF1B;TNIP1;PPM1E;LIAS;S100A9;S100A8;UPF1;ZFP36;MAPKAPK3;CTR9;XBP1;UXT;IL1A;CARD16;ADAM17;PLAA;TNIP2;MAPK8;SBNO2;RELA;GIT1;ADAM9;CACTIN;NR1D1
prerank,Regulation Of Retinoic Acid Receptor Signaling Pathway (GO:0048385),-0.4835288735945096,-0.7959005653450874,0.7605633802816901,1.0,1.0,3/12,9.40%,TRIM16;CNOT1;CALR
prerank,pre-miRNA Processing (GO:0031054),0.4735673439429598,0.7956059971445049,0.7378640776699029,1.0,1.0,6/12,14.65%,AGO4;AGO2;TUT7;TUT4;AGO3;DICER1
prerank,Cellular Response To Peptide (GO:1901653),-0.3670187273640983,-0.795444310688725,0.8396946564885496,1.0,1.0,21/51,22.40%,EPHA4;LGMN;CASP4;XBP1;GRIN2A;CDK5;SRC;AGER;APP;ICAM1;GRM5;PRNP;ZFP36L1;LDOC1;TREM2;GRIN1;ADRB2;CACNB1;SNX6;CHMP5;NOD1
prerank,Positive Regulation Of Dendrite Development (GO:1900006),0.4973448197718873,0.795222579151137,0.72,1.0,1.0,3/10,11.33%,COBL;ZDHHC15;PTN
prerank,Regulation Of Lamellipodium Assembly (GO:0010591),-0.3999286960120536,-0.7951709691708889,0.8235294117647058,1.0,1.0,9/32,13.16%,ABI3;ACTR2;AVIL;ARPC2;NRG1;NCKAP1;CAPZB;RAC1;PLCE1
prerank,Homologous Chromosome Segregation (GO:0045143),0.419274625309934,0.7948904363694118,0.7633587786259542,1.0,1.0,3/18,9.53%,SIRT7;MEI4;MEIOB
prerank,Negative Regulation Of Cell-Cell Adhesion (GO:0022408),0.35683531634076116,0.7947904512289904,0.846820809248555,1.0,1.0,8/38,12.54%,PPARA;KLF4;WNK1;JAG1;ASS1;CDH1;AKNA;RDX
prerank,Regulation Of SNARE Complex Assembly (GO:0035542),0.4793181127422609,0.7947750701931029,0.7463054187192119,1.0,1.0,4/11,8.40%,VPS41;VPS39;VPS8;SNCA
prerank,Potassium Ion Export Across Plasma Membrane (GO:0097623),-0.4873086762224969,-0.7947624878474745,0.7623931623931623,1.0,1.0,4/12,23.87%,KCNT2;KCND3;KCNIP2;KCNQ1
prerank,Response To Organic Cyclic Compound (GO:0014070),-0.36970472457860604,-0.7943467086676856,0.8411497730711044,1.0,1.0,13/50,20.38%,CDKN2D;PAQR7;CLU;ESR1;IGFBP5;ALAS1;ANXA1;ADORA1;HLCS;SFRP1;SPP1;CYP1B1;TRPV1
prerank,Regulation Of Insulin Receptor Signaling Pathway (GO:0046626),-0.3778304126635365,-0.7938397287475876,0.8530670470756063,1.0,1.0,13/42,17.95%,SORBS1;PIP4K2C;ZBTB7B;PTPRE;PRKCQ;TNS2;SLC27A4;PRKCB;SNX5;PTPN1;PID1;SIRT1;GSK3A
prerank,Regulation Of Spindle Organization (GO:0090224),-0.4369122339591277,-0.7937241257975592,0.7647058823529411,1.0,1.0,2/19,2.86%,MAP9;FSD1
prerank,Protein Autoprocessing (GO:0016540),0.4292527094832689,0.7936029902535106,0.7373493975903614,1.0,1.0,7/16,16.54%,PIDD1;FAM111A;KLK6;MYRF;SPRTN;HTRA2;MYRFL
prerank,Response To Acidic pH (GO:0010447),0.4447010236218789,0.7935838309264419,0.7791878172588832,1.0,1.0,4/15,13.38%,RAB11B;CHP1;SCNN1D;PKD1L3
prerank,Regulation Of Cytokine Production (GO:0001817),-0.32815509201883164,-0.7934107007357527,0.9467821782178217,1.0,1.0,29/154,14.54%,AGPAT2;SOD1;GAPDH;SIRPA;SLC11A1;TMIGD2;SYT11;EIF2AK2;RNF26;TNFRSF1B;TXK;FLOT1;FFAR4;PLD3;LYN;ATP2B1;TRIM56;CD276;LURAP1;S100A13;IL1A;ANXA1;ISG15;HLA-DRB1;GPNMB;MOG;IRF7;AFAP1L2;HILPDA
prerank,Negative Regulation Of Mitotic Cell Cycle (GO:0045930),-0.3862478553906252,-0.7933490187525358,0.8134556574923547,1.0,1.0,4/34,8.46%,AURKAIP1;TOM1L1;BTG2;BTG3
prerank,Coenzyme A Metabolic Process (GO:0015936),-0.4530256588559811,-0.7929118560067457,0.7579298831385642,1.0,1.0,4/15,11.02%,ACOT7;PANK2;NUDT19;DCAKD
prerank,Regulation Of Cytokine-Mediated Signaling Pathway (GO:0001959),-0.38527245585147046,-0.7926332718883308,0.823262839879154,1.0,1.0,8/39,11.72%,AGPAT2;CDC37;HIPK1;IKBKB;SPPL2A;IL7;SPPL2B;PTPN6
prerank,Antigen Processing And Presentation Of Peptide Antigen Via MHC Class I (GO:0002474),-0.4522915351567754,-0.792502360697752,0.7700170357751278,1.0,1.0,6/16,12.15%,SAR1B;TAPBP;CALR;FCER1G;ERAP1;TAPBPL
prerank,Ceramide Transport (GO:0035627),-0.47965312129860715,-0.7923610713373452,0.7741379310344828,1.0,1.0,4/12,12.69%,PSAP;VAPA;OSBP;PLTP
prerank,Golgi To Plasma Membrane Transport (GO:0006893),-0.3744461940034324,-0.7922321151157089,0.868421052631579,1.0,1.0,16/44,18.87%,EXOC6;COMMD1;GGA1;CCDC22;STEAP2;EXOC5;ARL3;VAMP5;EXOC2;PREPL;GGA2;RAB26;RAB31;BLZF1;ARFGEF2;EXOC7
prerank,Acylglycerol Homeostasis (GO:0055090),0.42402934380015916,0.7921668650863111,0.7980535279805353,1.0,1.0,1/17,0.38%,SCARB1
prerank,Late Endosome To Lysosome Transport (GO:1902774),-0.4654813842726407,-0.7921171096636668,0.7542087542087542,1.0,1.0,3/14,7.18%,CHMP2A;CHMP3;CHMP7
prerank,Rho Protein Signal Transduction (GO:0007266),-0.3630160178389043,-0.792083989522422,0.8703427719821163,1.0,1.0,12/51,12.76%,GNA12;RHOG;ARHGAP4;CFL1;CDH13;TNFRSF25;ARHGAP29;RHOJ;ARHGDIG;ARHGAP35;PDPN;TAX1BP3
prerank,Negative Regulation Of Leukocyte Chemotaxis (GO:0002689),-0.4977574715615096,-0.7919978921059164,0.7613240418118467,1.0,1.0,2/10,11.54%,NBL1;UXT
prerank,Actin Nucleation (GO:0045010),-0.4530065338056592,-0.7916909207976537,0.7859477124183006,1.0,1.0,3/17,5.13%,ARPC5L;TRIM27;ARPC2
prerank,Visual System Development (GO:0150063),-0.38878761572179565,-0.7916740159088588,0.8203957382039574,1.0,1.0,11/34,18.70%,SMG9;HIPK1;SOX2;POLR2D;RAB18;PBX3;BMPR1B;SH3PXD2B;ADAMTS18;C1QA;ITGAM
prerank,Intracellular Lipid Transport (GO:0032365),-0.45258142659061595,-0.791654716396943,0.7717206132879046,1.0,1.0,7/16,16.75%,ARV1;GRAMD1A;SLC25A20;ABCD3;GRAMD1C;CPT1A;ABCD4
prerank,Positive Regulation Of Telomerase Activity (GO:0051973),-0.3924056779393122,-0.7915481490784415,0.8243670886075949,1.0,1.0,12/33,13.42%,PARM1;DKC1;MAP2K7;CCT2;TNIP1;PRKCQ;MAPKAPK5;HSP90AA1;HSP90AB1;XRCC5;PKIB;PARN
prerank,Sodium Ion Homeostasis (GO:0055078),-0.4238838368967498,-0.7914880720736639,0.7876386687797148,1.0,1.0,2/23,3.43%,ATP1A1;ATP1B1
prerank,Negative Regulation Of Cell Adhesion (GO:0007162),-0.3514296987412115,-0.7914745950300919,0.885952712100139,1.0,1.0,16/69,17.11%,PLXNA4;PTPRO;NF2;EPHA4;CDH13;PLXNA2;ITGB1BP1;NRG1;ARHGDIG;PLXNC1;PLXNB2;RIPOR2;GTPBP4;DMTN;CX3CL1;SIPA1
prerank,L-glutamate Transmembrane Transport (GO:0015813),-0.4700478214549684,-0.7913482371196702,0.7589743589743589,1.0,1.0,4/14,19.06%,PRAF2;SLC17A7;SLC25A12;SLC1A2
prerank,Negative Regulation Of Cation Transmembrane Transport (GO:1904063),-0.46100586072727634,-0.7912822368996812,0.7783417935702199,1.0,1.0,2/15,10.89%,COMMD1;BIN1
prerank,Positive Regulation Of Immune Effector Process (GO:0002699),0.37370705717997865,0.7905031876371741,0.8028169014084507,1.0,1.0,2/30,2.18%,IL12RB1;DDX60
prerank,Regulation Of Organelle Assembly (GO:1902115),0.3108104694717091,0.7901886520203164,0.9814126394052045,1.0,1.0,25/72,16.30%,TBC1D12;TBC1D5;CDKL1;TBC1D10A;SPICE1;SDCCAG8;RAB1B;DYNC2LI1;TSG101;GSN;STAM;CEP76;TBC1D1;CYLD;PDCD6IP;PIKFYVE;RDX;IFT140;TBC1D22A;IFT88;MTMR3;CDKL5;SENP6;NPM1;TBC1D22B
prerank,Attachment Of Mitotic Spindle Microtubules To Kinetochore (GO:0051315),0.4601879056101607,0.7901523678243643,0.7372262773722628,1.0,1.0,4/12,10.74%,CENPE;MIS12;CHAMP1;NUF2
prerank,Response To Sterol (GO:0036314),-0.5016458227474219,-0.7897665764485601,0.7709030100334449,1.0,1.0,2/10,6.31%,TGFBR1;RORA
prerank,Negative Regulation Of Stress Fiber Assembly (GO:0051497),0.39187417619827386,0.7897228410083913,0.8449197860962567,1.0,1.0,8/23,17.89%,WASF2;ARHGAP6;PAK2;TJP1;TMEFF2;WAS;CGNL1;CLASP2
prerank,Negative Regulation Of Kinase Activity (GO:0033673),-0.36229698795057724,-0.7896160592671592,0.8772189349112426,1.0,1.0,13/57,10.77%,PARK7;THY1;LRP6;TRIM27;UBASH3B;ITGB1BP1;RTRAF;PPM1E;PPM1F;SPRED1;SMCR8;YWHAG;DTNBP1
prerank,snRNA 3'-End Processing (GO:0034472),-0.43775204657741984,-0.7893456659914746,0.7775974025974026,1.0,1.0,5/19,7.13%,INTS9;EXOSC8;INTS7;USB1;EXOSC4
prerank,Positive Regulation Of Histone Deacetylation (GO:0031065),0.46063353143395097,0.789317330450254,0.7524038461538461,1.0,1.0,4/12,8.60%,NIPBL;CTBP1;BAZ2A;ING2
prerank,"Positive Regulation Of DNA-templated Transcription, Elongation (GO:0032786)",-0.36859574951216495,-0.7892652584551033,0.8479196556671449,1.0,1.0,20/53,19.25%,THOC1;MED21;EAPP;MED29;MED11;MED27;CCNT2;MED14;MED31;MED10;MED6;ELL;MED23;SUPT6H;MED28;MED4;TCERG1;CDK12;MED8;MED16
prerank,Positive Regulation Of Protein Localization To Nucleus (GO:1900182),-0.3506360990308001,-0.7890355409836468,0.8951841359773371,1.0,1.0,14/69,12.68%,PARK7;CCT5;DKC1;EIF2AK3;CCT2;LAMTOR5;NMD3;LIMK2;SMAD3;RAN;DMAP1;MCRS1;SESN2;PPP3CB
prerank,Positive Regulation Of Fibroblast Proliferation (GO:0048146),-0.4100672148152119,-0.7890084652581028,0.8057324840764332,1.0,1.0,3/27,6.07%,CDKN1A;BMI1;DDR2
prerank,tRNA Wobble Uridine Modification (GO:0002098),0.4478067392519688,0.7889704887696832,0.7493857493857494,1.0,1.0,3/15,3.15%,ELP1;GTPBP3;MOCS3
prerank,Positive Regulation Of Double-Strand Break Repair Via Nonhomologous End Joining (GO:2001034),0.455276083826523,0.7888584110481983,0.7582159624413145,1.0,1.0,4/13,10.03%,WRAP53;SMCHD1;KDM4D;SETMAR
prerank,Regulation Of Peroxisome Proliferator Activated Receptor Signaling Pathway (GO:0035358),0.4803927599951583,0.7881984599865471,0.754950495049505,1.0,1.0,1/10,0.89%,ASXL2
prerank,Regulation Of Telomere Capping (GO:1904353),-0.418010643217181,-0.7879627138339096,0.806070826306914,1.0,1.0,6/22,12.53%,NBN;SMG6;MAP2K7;PRKCQ;MAPKAPK5;PKIB
prerank,DNA Replication Initiation (GO:0006270),0.4005913050674834,0.7878627113335865,0.7965686274509803,1.0,1.0,7/20,15.89%,POLA1;MCM3;PRIM2;PRIM1;MCM5;MCM7;TOPBP1
prerank,Negative Regulation Of Epithelial Cell Proliferation (GO:0050680),-0.35426347408231235,-0.7877889505969548,0.8874458874458875,1.0,1.0,9/66,11.40%,FBXW7;MCC;ATOH8;MAGED1;CASK;ATP5IF1;SOX2;MTSS1;KRIT1
prerank,Basement Membrane Organization (GO:0071711),-0.487710905988588,-0.787719814575026,0.7653429602888087,1.0,1.0,2/10,16.30%,CTSS;FLRT2
prerank,Growth Hormone Receptor Signaling Pathway (GO:0060396),0.45796159296747974,0.7877173353923046,0.7545691906005222,1.0,1.0,3/13,9.31%,GHR;STAT6;STAT3
prerank,Negative Regulation Of Voltage-Gated Potassium Channel Activity (GO:1903817),0.4905675612367679,0.7874253747340793,0.75,1.0,1.0,2/10,16.77%,KCNE3;KCNAB1
prerank,Regulation Of Calcium Ion Import (GO:0090279),-0.44021126047392245,-0.7873364482339253,0.799347471451876,1.0,1.0,5/18,13.31%,TRIM27;PLPP4;SPHK2;CXCL12;WNK3
prerank,Regulation Of G2/M Transition Of Mitotic Cell Cycle (GO:0010389),-0.3922026861459541,-0.787335657627375,0.8345642540620384,1.0,1.0,5/34,8.06%,MECP2;CDKN1A;RAB11A;CDC25B;FHL1
prerank,Positive Regulation Of Transcription By RNA Polymerase III (GO:0045945),-0.4500454596671485,-0.7873100406507516,0.7583892617449665,1.0,1.0,3/15,5.64%,SMARCA5;DDX21;ZC3H8
prerank,Endoplasmic Reticulum Calcium Ion Homeostasis (GO:0032469),-0.43243256210164766,-0.7871655789289291,0.803125,1.0,1.0,5/20,12.88%,BCAP31;ATP2A2;FIS1;KCTD17;TMCO1
prerank,Endothelium Development (GO:0003158),-0.47061472597118087,-0.7871154244842381,0.7389830508474576,1.0,1.0,3/12,11.40%,EDF1;FSTL1;KRIT1
prerank,Positive Regulation Of Cyclin-Dependent Protein Serine/Threonine Kinase Activity (GO:0045737),0.4404576132044705,0.7870934801223939,0.7277486910994765,1.0,1.0,6/15,11.58%,EGFR;CCND3;MAPRE3;PROX1;PDGFB;CCNY
prerank,Protein Destabilization (GO:0031648),0.3572870010221757,0.7870124363920423,0.8853868194842407,1.0,1.0,7/36,8.98%,CREBBP;PRKN;UTP25;GSN;ISOC2;SNCA;MDM2
prerank,Positive Regulation Of Cardiac Muscle Tissue Growth (GO:0055023),-0.4579041676036336,-0.7868771717942298,0.7896494156928213,1.0,1.0,5/15,19.49%,RBPJ;BMPR1A;PIM1;ZFPM2;MEF2C
prerank,N-acetylglucosamine Metabolic Process (GO:0006044),0.4404148618234881,0.7868366613094429,0.7451456310679612,1.0,1.0,4/14,15.96%,OGA;GNPDA1;CHST7;CHST1
prerank,Cellular Response To Amino Acid Stimulus (GO:0071230),0.365455711676823,0.7866745056703687,0.8846153846153846,1.0,1.0,12/33,15.93%,STAMBPL1;CASTOR2;SESN1;CASTOR1;SLC38A9;CPEB3;RRAGA;SESN3;IPO5;SH3BP4;UBR2;NSMF
prerank,Phosphatidic Acid Biosynthetic Process (GO:0006654),-0.4025345700653446,-0.7861509647843145,0.8202247191011236,1.0,1.0,7/29,11.18%,LCLAT1;AGPAT2;PLD2;DGKB;ACP6;DGKD;GPAT3
prerank,Positive Regulation Of Cholesterol Transport (GO:0032376),-0.39605744905971035,-0.7855953574918336,0.8403614457831325,1.0,1.0,11/30,20.58%,EEPD1;LPCAT3;ZDHHC8;ABCA5;ABCA7;PLTP;RXRA;SIRT1;ABCA3;PPARG;TREM2
prerank,Regulation Of Cellular Component Biogenesis (GO:0044087),0.3547786192736161,0.7855587227024861,0.861764705882353,1.0,1.0,10/36,12.54%,BBS10;TIE1;RAP1A;SNCAIP;BAG5;TJP1;ROCK2;ROCK1;TRAF2;RDX
prerank,Endosomal Transport (GO:0016197),-0.3213890240246292,-0.7854494560879508,0.9757653061224489,1.0,1.0,44/168,16.30%,EIPR1;BET1L;DPY30;TOM1;LMTK2;RAB29;VPS53;ALS2;NSG2;DCLK1;CHMP2A;EHD3;TRIM27;GGA1;RGP1;RAB7A;CHMP3;EHD4;CCDC22;RAB35;PLEKHJ1;RAB6A;PLEKHA3;GBF1;DENND1C;SNX17;ZFYVE16;PREPL;STX10;UBE2O;RBSN;EPS15;VPS26C;SNX5;ANKRD50;VPS16;ITSN1;VPS51;NSG1;LAMTOR1;GOSR1;MYO5B;STX5;VPS52
prerank,Negative Regulation Of Cell Activation (GO:0050866),-0.4717249607999528,-0.7853933908082488,0.773972602739726,1.0,1.0,3/13,20.58%,CD200;NR1D1;TREM2
prerank,Lipid Catabolic Process (GO:0016042),0.4159048279640539,0.7853774919227048,0.7878787878787878,1.0,1.0,3/17,8.56%,AOAH;HSD11B1;LIPG
prerank,Glucose 6-Phosphate Metabolic Process (GO:0051156),-0.44529770053796175,-0.7853605285395704,0.7625649913344887,1.0,1.0,9/16,20.54%,RPE;H6PD;GPI;PGLS;RBKS;G6PD;HK2;PGD;HK1
prerank,Positive Regulation Of Cholesterol Efflux (GO:0010875),-0.41932355478701955,-0.7853548987046899,0.815625,1.0,1.0,9/22,20.58%,EEPD1;ZDHHC8;ABCA7;PLTP;RXRA;SIRT1;ABCA3;PPARG;TREM2
prerank,Sodium-Independent Organic Anion Transport (GO:0043252),-0.48597876971676623,-0.7852127212860123,0.7622377622377622,1.0,1.0,2/11,10.46%,SLCO2B1;SLCO1C1
prerank,Positive Regulation Of Axonogenesis (GO:0050772),-0.38074127930073565,-0.7851349364386022,0.8495297805642633,1.0,1.0,15/37,18.59%,PLXNA4;MAP3K13;L1CAM;TIAM2;PLXNA2;ROBO2;SEMA7A;PLXNC1;MAP6;PLXNB2;LIMK1;CHODL;MAPT;NRDC;NTRK2
prerank,Regulation Of Toll-Like Receptor Signaling Pathway (GO:0034121),-0.43104064344829385,-0.7848322729081113,0.7990275526742301,1.0,1.0,2/20,2.31%,IRF1;NFKBIL1
prerank,Regulation Of Cell Fate Commitment (GO:0010453),0.4400811033125191,0.7847659367549246,0.7873831775700935,1.0,1.0,4/13,14.51%,GATAD2B;HDAC1;RBBP7;CHD3
prerank,Negative Regulation Of Locomotion (GO:0040013),-0.4691912526086194,-0.7846650529775605,0.7952218430034129,1.0,1.0,1/12,1.89%,PIN1
prerank,Central Nervous System Projection Neuron Axonogenesis (GO:0021952),-0.4953896080236175,-0.7846579437739548,0.7623931623931623,1.0,1.0,3/10,15.84%,EPHA4;EPHB1;PAFAH1B1
prerank,Negative Regulation Of Signaling (GO:0023057),-0.4059627258766998,-0.7844947148341838,0.8133116883116883,1.0,1.0,6/27,15.17%,OPRM1;UBASH3B;PPP3CA;HSP90AB1;PPP3CB;PTPN1
prerank,Organophosphate Biosynthetic Process (GO:0090407),-0.38863131955467656,-0.7841759971217626,0.834108527131783,1.0,1.0,10/33,12.38%,IPPK;TPI1;ITPKA;DDR2;PIP5K1A;IP6K1;MOCOS;TPK1;PPIP5K2;MOCS2
prerank,MAPK Cascade (GO:0000165),-0.3361805804543413,-0.7841061783105879,0.9369747899159664,1.0,1.0,23/93,14.90%,MAP3K11;NRAS;MAP3K13;BRAF;IKBKB;MAP2K7;RIT2;PAK1;MAP2K1;FGF13;ZFP36;RBX1;MAP3K20;HRAS;TNIK;CAMKK2;PTPN7;TAOK2;RAPGEF2;YWHAE;KRAS;CTSH;MAPK8
prerank,Regulation Of Adenylate Cyclase Activity (GO:0045761),-0.4452215388511371,-0.7838907351982835,0.7858347386172007,1.0,1.0,3/17,12.39%,GNAI3;GABBR2;PALM
prerank,G1/S Transition Of Mitotic Cell Cycle (GO:0000082),-0.35301353631759874,-0.783412426061323,0.9059334298118669,1.0,1.0,17/63,16.14%,USP37;CAMK2A;CDKN1A;EIF4EBP1;CCND2;CDK16;CDK14;BCAT1;CDK5;CCND1;CUL4B;BACH1;GSPT1;LATS2;LATS1;PPP6C;EIF4E
prerank,Cellular Response To Interleukin-4 (GO:0071353),-0.478544663701263,-0.7833980777281557,0.7750865051903114,1.0,1.0,2/11,11.44%,IL4R;XBP1
prerank,Telomere Maintenance (GO:0000723),-0.3503737867104088,-0.7833679320166265,0.9017595307917888,1.0,1.0,15/62,12.12%,NBN;XRCC6;TENM1;RPA3;UCHL5;RPA2;TRAPPC13;SHLD2;SP100;ATR;MCRS1;ERCC4;SHLD1;XRCC5;INO80
prerank,Negative Regulation Of Toll-Like Receptor Signaling Pathway (GO:0034122),-0.47033391499625365,-0.783285624921399,0.7787610619469026,1.0,1.0,2/13,4.72%,NFKBIL1;CD300A
prerank,Negative Regulation Of Signal Transduction In Absence Of Ligand (GO:1901099),-0.42144829385989785,-0.7832528073473468,0.8134206219312602,1.0,1.0,3/20,12.23%,EYA2;EYA3;IL1A
prerank,Negative Regulation Of Extrinsic Apoptotic Signaling Pathway In Absence Of Ligand (GO:2001240),-0.42144829385989785,-0.7832528073473468,0.8134206219312602,1.0,1.0,3/20,12.23%,EYA2;EYA3;IL1A
prerank,Mesoderm Formation (GO:0001707),0.427529577592878,0.7830877057106267,0.7551020408163265,1.0,1.0,6/17,13.55%,TBX19;ITGA3;ITGA2;SCX;CRB2;KDM6B
prerank,DNA Synthesis Involved In DNA Repair (GO:0000731),0.38464080520825367,0.7829550682005447,0.8521739130434782,1.0,1.0,11/26,13.94%,POLD3;POLA1;POLE;ZBTB1;POLDIP2;RRM2B;SPRTN;POLI;RRM1;RFC3;PRIMPOL
prerank,Cilium-Dependent Cell Motility (GO:0060285),-0.43494071102756404,-0.7828767128592586,0.7910447761194029,1.0,1.0,3/18,6.61%,CCDC65;CFAP54;EFHC1
prerank,Establishment Of Protein Localization To Extracellular Region (GO:0035592),-0.37961081233659305,-0.7828739014017514,0.8605341246290801,1.0,1.0,7/38,4.96%,PREB;RAB3A;SVBP;OLFM2;TVP23A;PDIA4;TMEM167A
prerank,Tetrahydrofolate Metabolic Process (GO:0046653),-0.4779101350639131,-0.7825601140311176,0.7768014059753954,1.0,1.0,6/11,16.28%,MTHFR;MTHFD2L;MTHFD1L;SHMT2;MTHFS;MTHFD1
prerank,Negative Regulation Of Protein Binding (GO:0032091),-0.3511672121786044,-0.7824228435164994,0.8925501432664756,1.0,1.0,16/65,15.86%,CDKN1A;PARK7;LRPAP1;PIN1;PPP1CA;ATP2A2;ITGB1BP1;CSNK1E;MAP2;SYMPK;CARD16;DNAJB2;GOLGA2;CTNNBIP1;MAPK8;GNL3L
prerank,RNA Transport (GO:0050658),-0.3853709777272315,-0.7823688233001624,0.8377976190476191,1.0,1.0,8/36,9.54%,XPO5;RBFOX1;NUP155;CKAP5;FLOT1;RTRAF;ZFP36;SIDT2
prerank,Regulation Of Telomere Maintenance (GO:0032204),0.35309850993175296,0.7823100405057138,0.8842975206611571,1.0,1.0,12/36,14.94%,ATRX;SMC5;POT1;PML;MRE11;YLPM1;NSMCE1;USP7;TERF1;PPP1R10;TERF2;SMC6
prerank,Positive Regulation Of Telomere Maintenance Via Telomerase (GO:0032212),0.3680954824878868,0.782122505831814,0.8759894459102903,1.0,1.0,7/32,6.31%,CTNNB1;TNKS2;MAP3K4;POT1;HMBOX1;ATM;CCT8
prerank,Protein Acetylation (GO:0006473),-0.39817569406917896,-0.7819470377954318,0.8174726989079563,1.0,1.0,4/27,5.76%,HAT1;NAA60;NAT10;KAT5
prerank,Regulation Of DNA-templated DNA Replication (GO:0090329),-0.44648629473329726,-0.7818042859777166,0.8033898305084746,1.0,1.0,3/16,5.23%,NBN;METTL4;MCM4
prerank,Regulation Of Mitochondrial Fission (GO:0090140),0.377254929364303,0.7817852331082628,0.8278688524590164,1.0,1.0,8/24,15.68%,PRKN;MCU;DDHD1;PGAM5;STAT2;SPIRE1;LRRK2;MIEF1
prerank,Positive Regulation Of Protein Localization To Cell Periphery (GO:1904377),-0.3592165070632404,-0.781549788655162,0.8768768768768769,1.0,1.0,14/50,14.56%,PRKCI;DPP10;RHOG;ITGB1;SORBS1;PLS1;ATP2B4;ZDHHC8;CIB1;WNK3;RANGRF;STAC2;ZDHHC5;EFCAB7
prerank,Positive Regulation Of Neuron Migration (GO:2001224),0.4539243778640687,0.7814549048721927,0.7525,1.0,1.0,2/12,0.75%,SHTN1;NIPBL
prerank,Cell-Cell Junction Maintenance (GO:0045217),0.4595892681557545,0.781250734883736,0.765661252900232,1.0,1.0,3/12,14.45%,TJP1;NLGN2;FERMT2
prerank,Response To Progesterone (GO:0032570),-0.46059954758341226,-0.7811351368712686,0.7694974003466204,1.0,1.0,3/13,15.79%,UBE3A;SRC;TRERF1
prerank,Protein Hydroxylation (GO:0018126),0.47567406544646884,0.7808254624406028,0.7592592592592593,1.0,1.0,5/11,10.69%,JMJD4;VIPAS39;P3H1;PLOD1;P3H2
prerank,Regulation Of Protein Targeting To Mitochondrion (GO:1903214),-0.3883110267483614,-0.7807899985862028,0.8320373250388803,1.0,1.0,10/35,9.90%,USP36;FBXW7;PIN1;TOMM7;ARIH2;UBE2L3;SAE1;UBE2D3;ATP5IF1;SREBF2
prerank,Apoptotic Process (GO:0006915),-0.3075148066129085,-0.7806807003040248,0.9881093935790726,1.0,1.0,67/213,19.31%,FASTKD2;ATCAY;IRF1;SCN2A;GAPDH;TRPC5;THOC1;CD14;CIT;EFNA5;BCL2L11;TNFRSF25;IFT57;AHCYL1;CYFIP2;PPARD;AIFM2;IKBKG;PPP1R15A;DYNLL1;RFK;FAM162A;TNFRSF21;DDX41;NCKAP1;BID;CIB1;CDK11B;CASP4;DAPK1;MAP3K10;MAGI3;TAOK2;PPP2R1A;MX1;IL1A;CDK5;ERCC2;PAWR;NAE1;ERCC3;APP;STK4;BAD;EGLN3;NSG1;IFI27L2;DPF1;HSPD1;TNFRSF10A;TRADD;HK2;BNIP1;BCLAF1;CASP5;PPIA;IER3;NUDT2;DAP;FAS;DAPK3;NOTCH2;CDK11A;NLRP3;TRAF7;ITGB2;VDAC1
prerank,Odontogenesis Of Dentin-Containing Tooth (GO:0042475),-0.46437083667723456,-0.7806289803679849,0.7668393782383419,1.0,1.0,4/13,18.17%,EDA;HDAC2;ROGDI;ANKRD11
prerank,Regulation Of Sodium Ion Transport (GO:0002028),0.3558484779133775,0.7805271915735972,0.8830409356725146,1.0,1.0,10/33,11.43%,PER1;NEDD4L;GPD1L;NKAIN3;WNK1;PKP2;P2RX7;DLG1;NOS1;NKAIN1
prerank,Regulation Of Cell Differentiation (GO:0045595),-0.3133860115048771,-0.7802416970808722,0.9861286254728878,1.0,1.0,32/179,11.77%,ID2;NSUN2;NELL1;BIRC2;FLOT2;DAG1;MCRIP1;SMARCD3;TGFBR1;EIF2AK2;CEBPB;PTBP1;PA2G4;TNR;ANP32B;NREP;APLF;ATF4;DPF3;FES;GATAD2A;PTPRR;MOSMO;YWHAG;SRF;MTA3;BIN1;HSP90AB1;APC2;YWHAH;PHF10;PPP2R1A
prerank,rRNA Methylation (GO:0031167),-0.44090777886345617,-0.779914450196382,0.7844112769485904,1.0,1.0,7/17,19.48%,TFB1M;TRMT112;MRM2;METTL5;FBL;ZCCHC4;METTL15
prerank,Regulation Of Multicellular Organism Growth (GO:0040014),-0.46166529045486004,-0.779827102883045,0.7696526508226691,1.0,1.0,2/13,8.53%,SOD1;PPIB
prerank,Negative Regulation Of Nucleocytoplasmic Transport (GO:0046823),-0.46840543798599543,-0.7797577592420473,0.773015873015873,1.0,1.0,4/13,8.78%,PARK7;SIRT6;RAB23;SP100
prerank,Regulation Of Developmental Growth (GO:0048638),-0.3947893350460489,-0.7796252176263702,0.8079470198675497,1.0,1.0,11/29,19.62%,SOD1;OLFM1;NRCAM;PLCB1;APP;LATS2;LATS1;CTTN;DNM2;SIN3A;STAT5A
prerank,Regulation Of Cell-Substrate Adhesion (GO:0010810),-0.37068332509701296,-0.7789200935687579,0.8634294385432474,1.0,1.0,9/43,16.42%,THY1;PTPRO;RELL2;PPM1F;RAC1;PDPN;DMTN;TSC1;CX3CL1
prerank,Leukotriene Metabolic Process (GO:0006691),0.406738627987678,0.778878791336615,0.7973684210526316,1.0,1.0,4/19,7.96%,MAPKAPK2;ABCC10;DPEP2;MGST2
prerank,Diol Biosynthetic Process (GO:0034312),0.4388367332469899,0.7788664646653188,0.7925531914893617,1.0,1.0,4/15,11.65%,SPTLC3;DHFR;SPTLC2;QDPR
prerank,Phosphatidylinositol Phosphate Biosynthetic Process (GO:0046854),-0.37047602082991016,-0.7787024885166139,0.8521341463414634,1.0,1.0,8/40,8.46%,PI4K2A;ITPKA;EFR3A;SOCS3;PIP4K2C;IP6K1;PIK3C2A;TTC7B
prerank,Regulation Of TOR Signaling (GO:0032006),-0.35059961889896685,-0.7785494605177675,0.8945086705202312,1.0,1.0,15/68,11.18%,TMEM127;GNA12;LAMTOR4;LAMTOR5;ITFG2;TBC1D7;SEC13;LAMTOR3;SMCR8;SEH1L;PRKAA2;MAPKAPK5;ARAF;MIOS;GPAT3
prerank,Organelle Fission (GO:0048285),0.39573088334998546,0.7785381688165812,0.8421052631578947,1.0,1.0,3/22,2.87%,TMCC1;PRKN;PEX11G
prerank,Regulation Of Response To Biotic Stimulus (GO:0002831),-0.38822384978574365,-0.7785307839936342,0.8482003129890454,1.0,1.0,8/31,16.81%,IRF1;BIRC2;ZMPSTE24;DAPK1;ERAP1;RNF135;CX3CL1;SAMHD1
prerank,Regulation Of Ruffle Assembly (GO:1900027),-0.41326705312795176,-0.7784102868969869,0.8212025316455697,1.0,1.0,6/22,15.71%,FAM98A;HRAS;UXT;NDEL1;EVL;P2RX4
prerank,Histone Deacetylation (GO:0016575),0.35779956733894935,0.778378530400403,0.8976608187134503,1.0,1.0,10/35,14.51%,GATAD2B;SIRT7;MBD2;TBL1X;MORF4L1;BRMS1L;HDAC1;SUDS3;RBBP7;CHD3
prerank,Positive Regulation Of Transport (GO:0051050),0.3360769907415939,0.7783433473343262,0.9341692789968652,1.0,1.0,17/46,19.20%,CAPN10;C2CD5;DAB2;BOK;KMT2A;CHP1;SNCA;SGK1;AKT2;CD151;SMPD1;CBLL1;ANXA2;SCIN;HIP1R;GSK3B;NR1H3
prerank,Epithelial Cell Apoptotic Process (GO:1904019),-0.49368893790679397,-0.778217100666762,0.7949152542372881,1.0,1.0,4/10,16.32%,HIPK1;BMPR2;COL4A3;RYR2
prerank,Regulation Of Protein Sumoylation (GO:0033233),-0.45386820936186856,-0.7782122723453918,0.7768313458262351,1.0,1.0,6/15,10.96%,PARK7;PIAS4;MUL1;UBA2;SAE1;GNL3
prerank,Cellular Response To Thyroid Hormone Stimulus (GO:0097067),-0.47278149884068965,-0.7778944176809014,0.795,1.0,1.0,3/11,7.59%,CTSL;LMO2;CTSS
prerank,Glutamine Family Amino Acid Catabolic Process (GO:0009065),-0.4530040384193932,-0.7776269629372301,0.7728026533996684,1.0,1.0,2/14,10.80%,DDAH1;GLS
prerank,Regulation Of Vacuole Organization (GO:0044088),0.4336746051368582,0.7774115260989377,0.7718446601941747,1.0,1.0,7/14,14.64%,TBC1D12;SCARB2;MTM1;RAB1B;PIKFYVE;IFT88;MTMR3
prerank,V(D)J Recombination (GO:0033151),0.4550585128136348,0.7770873229299856,0.753393665158371,1.0,1.0,4/12,17.64%,HMGB1;HMGB2;LIG1;DCAF1
prerank,Positive Regulation Of Mononuclear Cell Migration (GO:0071677),-0.3962200265469081,-0.7770631328913261,0.8412213740458016,1.0,1.0,6/29,14.77%,CCR1;LGMN;CALR;CXCL12;C1QBP;AIF1
prerank,Regulation Of Extrinsic Apoptotic Signaling Pathway In Absence Of Ligand (GO:2001239),-0.4013358220913523,-0.7769891665118792,0.8275862068965517,1.0,1.0,4/25,13.67%,EYA2;EYA3;IL1A;PPP2R1B
prerank,Response To Organophosphorus (GO:0046683),-0.43061454813745575,-0.7769133673763527,0.8169491525423729,1.0,1.0,2/18,5.97%,TLR7;TRIM16
prerank,Intracellular Monoatomic Ion Homeostasis (GO:0006873),-0.42705082780674886,-0.7766183560537344,0.8169717138103162,1.0,1.0,3/20,11.59%,SLC39A10;COX11;LETMD1
prerank,Mesenchyme Development (GO:0060485),-0.4493696408145054,-0.7765950023447674,0.8159609120521173,1.0,1.0,2/16,7.49%,TGFBR1;BMPR2
prerank,Response To Reactive Oxygen Species (GO:0000302),-0.35255475321634927,-0.7764980616569832,0.908344733242134,1.0,1.0,17/62,17.67%,SOD1;JUN;HBB;PEX13;TPM1;STK24;CAMKK2;PRDX5;PDK2;MAPK8;RPS3;NCF1;PXN;HMOX1;AGAP3;MAPT;SIRT1
prerank,COPII-coated Vesicle Budding (GO:0090114),-0.38443254248275066,-0.7763256593288301,0.8378378378378378,1.0,1.0,8/35,13.79%,PREB;TMED2;VAPA;SEC13;KLHL12;TBC1D20;TRAPPC2L;TRAPPC4
prerank,3'-Phosphoadenosine 5'-Phosphosulfate Metabolic Process (GO:0050427),-0.46131719196233795,-0.7762878160977192,0.7813021702838063,1.0,1.0,1/13,1.21%,SULT1A1
prerank,Positive Regulation Of Locomotion (GO:0040017),-0.4002243277853355,-0.776263059286408,0.8354838709677419,1.0,1.0,2/27,8.20%,PHPT1;PPM1F
prerank,Negative Regulation Of Proteolysis Involved In Protein Catabolic Process (GO:1903051),-0.4202234791549565,-0.7760774222211723,0.8048387096774193,1.0,1.0,11/22,17.79%,OPHN1;EPHA4;SGTA;PSMF1;RPL5;PRKCG;HSP90AB1;RPS7;CSNK2A1;RPL11;GABARAPL2
prerank,Negative Regulation Of Cysteine-Type Endopeptidase Activity Involved In Apoptotic Process (GO:0043154),-0.36293382214993264,-0.7757202071249181,0.8808823529411764,1.0,1.0,12/46,16.96%,PARK7;CDKN2D;HGF;LAMTOR5;CD44;DDX3X;IGBP1;CARD16;SRC;CSNK2A1;RNF34;SIAH2
prerank,Base-Excision Repair (GO:0006284),-0.38372746720902623,-0.7755268202726665,0.8473282442748091,1.0,1.0,12/35,19.78%,MPG;APEX2;RPA3;RPA2;NTHL1;PARG;XRCC1;NEIL2;WRN;POLL;POLB;APEX1
prerank,Cellular Response To Organic Cyclic Compound (GO:0071407),-0.3165744108035336,-0.7754326187637797,0.9761006289308176,1.0,1.0,27/144,14.45%,RIOK3;GABRG2;GABRB2;ADCY2;ATP1A1;ADCY6;GABRB3;NCOA4;ZNF703;KAT5;HCN1;RORA;UBE2L3;CLU;FES;DIAPH1;ESR1;RAPGEF2;CFTR;MSN;ATP1A2;IGFBP5;EZR;HSP90B1;ADCY8;GABRB1;CTNNA1
prerank,Endothelial Cell Differentiation (GO:0045446),-0.4650843913244279,-0.7753414988861338,0.8024263431542461,1.0,1.0,3/13,8.32%,EDF1;BMPR2;FSTL1
prerank,Protein Localization To Centrosome (GO:0071539),-0.4393705803489185,-0.7743068803214811,0.7718696397941681,1.0,1.0,8/16,14.21%,NUDCD3;C2CD3;CCDC14;DCTN2;CEP250;SNX10;PIBF1;KIAA0753
prerank,Protein Dephosphorylation (GO:0006470),-0.32242114330536553,-0.7738480610649563,0.9747340425531915,1.0,1.0,34/116,16.43%,DUSP26;PHPT1;PTPRO;PPP1CA;FBXW11;UBASH3B;PPP1R15A;MTMR4;PTPRE;PPM1E;PTPRS;PPM1F;PTPRT;PTPRA;PPP2R2A;PPP3CA;PTPRR;PTPN7;PPP4R3B;PDP1;TNS2;PTPN6;PPP2R1A;PPP3CB;SBF1;DUSP18;PPP2R1B;TAB1;DUSP12;TIMM50;PTPN1;CTTNBP2NL;PPP6C;PPM1G
prerank,Double-Strand Break Repair Via Break-Induced Replication (GO:0000727),0.4587996415047904,0.7735733409279,0.7713625866050808,1.0,1.0,6/11,19.64%,MCM3;MCM5;MCM6;MCM7;MCMDC2;MUS81
prerank,Extrinsic Apoptotic Signaling Pathway In Absence Of Ligand (GO:0097192),0.43248515730227755,0.773486057538547,0.7898550724637681,1.0,1.0,7/15,18.37%,CASP2;BCL2;BOK;BAX;MCL1;ITGAV;GSK3B
prerank,Limb Development (GO:0060173),0.37725036126453904,0.7731681677807571,0.8769230769230769,1.0,1.0,4/26,3.53%,ZNF141;SMOC1;KAT2B;KAT2A
prerank,Peptide Catabolic Process (GO:0043171),-0.4181201737482185,-0.7730813404587693,0.7974683544303798,1.0,1.0,7/20,16.22%,TPP1;ERAP1;LNPEP;ADAMTS13;LTA4H;CTSH;TRHDE
prerank,Gliogenesis (GO:0042063),-0.4077647512281487,-0.7730762522375915,0.8413223140495868,1.0,1.0,6/23,14.93%,METTL3;METTL14;NCAN;ANXA1;CDH2;BCAN
prerank,Mitochondrial Membrane Organization (GO:0007006),0.37241103747308124,0.7727638159302974,0.8393351800554016,1.0,1.0,14/28,17.80%,APOOL;CHCHD3;SPG7;SAMM50;CHCHD6;BCL2;TMEM11;MTX2;MAIP1;LETM1;MTX1;DNAJC11;MFN2;HSPA9
prerank,Dicarboxylic Acid Transport (GO:0006835),0.38948840853812217,0.7726437536668092,0.8236775818639799,1.0,1.0,6/24,12.22%,SLC22A6;SLC25A32;SLC26A6;SLC19A1;GIPC1;GJA1
prerank,Adipose Tissue Development (GO:0060612),0.44268942992490307,0.7726405235289773,0.7951219512195122,1.0,1.0,5/12,13.38%,SOX8;VPS13B;SPTLC2;DYRK1B;ZNF516
prerank,Negative Regulation Of Platelet-Derived Growth Factor Receptor Signaling Pathway (GO:0010642),0.45973853684550336,0.7726119373541056,0.7791878172588832,1.0,1.0,4/11,15.22%,SNCA;SLC9A3R1;PTPN12;PHF14
prerank,Regulation Of Neuron Migration (GO:2001222),-0.39594919172125476,-0.7724387215797623,0.8369565217391305,1.0,1.0,16/29,21.33%,CAMK2A;ZNF609;ULK4;NTNG1;RAPGEF2;PLAA;PHACTR1;PLXNB2;CX3CL1;IGSF10;CTNNA2;SRGAP2C;RELN;CAMK2B;KIF20B;SRGAP3
prerank,Positive Regulation Of Cyclin-Dependent Protein Kinase Activity (GO:1904031),0.4043753859331591,0.7722023697027823,0.8167539267015707,1.0,1.0,6/18,11.58%,EGFR;CCND3;MAPRE3;PROX1;PDGFB;CCNY
prerank,Phosphate-Containing Compound Metabolic Process (GO:0006796),-0.31330774149121743,-0.7721564295483864,0.9857881136950905,1.0,1.0,46/165,18.84%,AGPAT2;GPX4;IPPK;INPP5B;PIP4P1;ACYP1;PLPPR4;PPP1CA;PANK2;PLPP1;DUSP23;LIMK2;IP6K1;PAK1;ACP6;SPHK2;TOLLIP;PPP3CA;GPI;PLA2G4C;PRKCG;PLPPR5;PLA2G15;PLPP3;PPIP5K2;PLB1;CDK5;TOP1;PPP3CB;PLAA;DUSP18;PPIP5K1;DUSP12;NUDT5;MAPKAP1;MLST8;IMPA1;G6PD;LCP1;PXYLP1;DUSP8;HK2;GFPT1;PPM1A;PSPH;AGPAT1
prerank,Regulation Of Integrin-Mediated Signaling Pathway (GO:2001044),-0.4273711950428032,-0.771931703668004,0.8136439267886856,1.0,1.0,6/19,18.32%,LAMC1;ITGB1BP1;LOXL3;DMTN;CD63;FLNA
prerank,Regulation Of Inflammatory Response To Antigenic Stimulus (GO:0002861),0.4112334074756223,0.7719030354821913,0.8149100257069408,1.0,1.0,2/16,5.12%,MAPK14;YES1
prerank,Embryonic Digit Morphogenesis (GO:0042733),-0.4409509197857415,-0.7716402129750835,0.8020477815699659,1.0,1.0,4/16,17.60%,MAP3K20;INTU;HDAC2;WDPCP
prerank,G Protein-Coupled Acetylcholine Receptor Signaling Pathway (GO:0007213),-0.4380907412260291,-0.7715472168893968,0.8316666666666667,1.0,1.0,3/16,9.94%,OPRM1;PLCB1;CHRM3
prerank,Regulation Of Intracellular Protein Transport (GO:0033157),0.3512453884193825,0.7714469413389012,0.9077380952380952,1.0,1.0,9/35,12.79%,SIRT7;BCAS3;ERGIC3;SH3TC2;FRAT1;GCC2;OAZ2;CEP290;RUFY3
prerank,Maintenance Of Protein Localization In Organelle (GO:0072595),0.4110521732139195,0.7711205789972693,0.8174807197943444,1.0,1.0,5/16,7.64%,TAF8;BBS4;HNRNPU;PML;TOPORS
prerank,Regulation Of Transmembrane Transport (GO:0034762),-0.3872739885068206,-0.7710679832567054,0.853125,1.0,1.0,8/30,16.83%,KCNJ6;KCNJ9;KCNJ5;FFAR4;PRKCB;KCNJ4;CTTNBP2NL;PIM1
prerank,Regulation Of Actin Filament Polymerization (GO:0030833),0.3181319176232914,0.7710376852627728,0.9668874172185431,1.0,1.0,19/65,16.27%,ARFGEF1;MEGF9;FER;ARF6;SSH2;PLEKHG2;TWF1;HCLS1;PRKCD;CDC42EP1;KANK4;RASA1;FCHSD1;KANK1;CDC42EP2;CDC42EP3;NCKAP1L;SNX9;SLIT2
prerank,Negative Regulation Of Telomere Maintenance (GO:0032205),-0.4466413457586495,-0.7707512609289972,0.7996661101836394,1.0,1.0,3/15,10.85%,NBN;SMG6;ERCC4
prerank,Extrinsic Apoptotic Signaling Pathway (GO:0097191),-0.3476086875616025,-0.7707163967406796,0.9132290184921764,1.0,1.0,11/62,9.39%,MLLT11;MOAP1;IL6R;HIPK1;TNFRSF1A;TNFRSF1B;SMAD3;DDX3X;SIVA1;BID;CIB1
prerank,Mitotic DNA Damage Checkpoint Signaling (GO:0044773),-0.3531905498386772,-0.770661365270694,0.9088319088319088,1.0,1.0,11/54,13.36%,ZNF830;CDKN1A;NBN;NEK11;FANCD2;RPA2;MRNIP;TAOK2;CCND1;ATF2;FBXO31
prerank,Positive Regulation Of ERBB Signaling Pathway (GO:1901186),0.3839730136491265,0.7706183441352734,0.8385416666666666,1.0,1.0,4/23,6.95%,CBL;CCDC88A;HIP1;SHKBP1
prerank,Positive Regulation Of Protein Catabolic Process (GO:0045732),0.3026183228639191,0.7705424143153731,0.9964539007092199,1.0,1.0,25/87,18.72%,PRKN;FAF1;DACT1;FOXO1;TIPARP;NSF;BARD1;TMTC3;SEC22B;SNF8;WNT5A;SORL1;OAZ2;IDE;RDX;RNF128;PSMC2;SNX9;SH3D19;NUPR1;DCAF1;GSK3B;NKD1;PLK2;VPS35
prerank,RNA Export From Nucleus (GO:0006405),-0.34647704555739856,-0.7702980436324547,0.9124293785310734,1.0,1.0,10/62,8.44%,XPO5;THOC1;NUP155;SMG6;NXF1;FYTTD1;CHTOP;NUP85;UPF1;RAN
prerank,Self Proteolysis (GO:0097264),0.468613300606055,0.7702927459132758,0.7806603773584906,1.0,1.0,2/11,5.82%,CARD8;CASP8
prerank,T Cell Receptor Signaling Pathway (GO:0050852),-0.3302060374491979,-0.7700984280972104,0.9565217391304348,1.0,1.0,15/91,14.79%,THY1;EIF2B4;IKBKB;TXK;PDE4D;IKBKG;PLCG1;TNFRSF21;CD276;UBE2N;ORC3;LCP2;HLA-DRB1;MOG;EIF2B3
prerank,Negative Regulation Of Autophagy (GO:0010507),-0.35193842127131764,-0.7699978948170818,0.9107913669064748,1.0,1.0,23/59,21.15%,USP36;TBC1D14;FOXK1;TRIM27;HGF;SMCR8;MTMR9;QSOX1;RUBCN;GOLGA2;MLST8;EIF4E;TSC1;RRAGD;EIF4G2;KLHL22;SIRT2;DAP;PINK1;MTOR;TREM2;RPTOR;WASHC1
prerank,Sulfur Compound Biosynthetic Process (GO:0044272),-0.34523830429979746,-0.7697626140503956,0.9232995658465991,1.0,1.0,19/64,18.11%,CHSY1;CHST15;EXT2;LIAS;CHST11;ST3GAL1;B4GAT1;MAT2B;NDST3;ST3GAL2;ST3GAL6;XYLT1;CSGALNACT2;UGDH;B3GAT3;DSE;CHST12;CHSY3;CHST9
prerank,Folic Acid Metabolic Process (GO:0046655),0.44677994109392816,0.7697482933697102,0.7716346153846154,1.0,1.0,4/12,8.22%,DHFR2;SLC25A32;SLC19A1;SHMT1
prerank,Polyol Biosynthetic Process (GO:0046173),0.429365771042053,0.769548733942045,0.7760814249363868,1.0,1.0,5/15,8.92%,IP6K2;ITPKC;IPMK;ITPKB;CYP2R1
prerank,Histone H3-K4 Methylation (GO:0051568),-0.4051113493968872,-0.7689466670421001,0.8398058252427184,1.0,1.0,7/24,9.86%,DPY30;BOD1;NFYC;WDR82;HCFC1;PAXIP1;KMT2B
prerank,Positive Regulation Of B Cell Proliferation (GO:0030890),-0.3913755701940015,-0.7688271521299639,0.8495297805642633,1.0,1.0,9/27,20.65%,VAV3;CD40;IL7;TFRC;CD74;CD81;MEF2C;TNFSF13B;EPHB2
prerank,Positive Regulation Of Ossification (GO:0045778),0.3390018515254035,0.768735127359044,0.9289940828402367,1.0,1.0,8/40,12.21%,ZBTB16;PKDCC;P2RX7;ACVR2B;WNT5A;OXSR1;PTN;GPM6B
prerank,Regulation Of Exosomal Secretion (GO:1903541),0.41481716479015357,0.7686864130836175,0.7707808564231738,1.0,1.0,6/17,10.26%,PRKN;SDC4;TSG101;STAM;SNF8;PDCD6IP
prerank,Positive Regulation Of Protein Binding (GO:0032092),0.32063052293953137,0.768369672082877,0.9743589743589743,1.0,1.0,17/58,14.93%,PRKN;TIAM1;DACT1;ADD1;PPP2CB;BAMBI;TAF1;DTX3L;SPPL3;USP33;EPB41;IDE;DERL1;HFE;LRRK2;PSEN1;RALB
prerank,Positive Regulation Of Interleukin-2 Production (GO:0032743),0.37429453930546136,0.7681720888808686,0.8578947368421053,1.0,1.0,5/25,14.28%,MALT1;TRAF2;CARD11;MAP3K7;CD86
prerank,Negative Regulation Of Leukocyte Cell-Cell Adhesion (GO:1903038),-0.42742522627229185,-0.7680992601082862,0.8257042253521126,1.0,1.0,5/17,14.44%,LAPTM5;IL4I1;PAG1;GPNMB;ILDR2
prerank,Antigen Receptor-Mediated Signaling Pathway (GO:0050851),-0.31780018208631783,-0.768097958564105,0.9799732977303071,1.0,1.0,20/124,16.25%,VAV3;THY1;EIF2B4;IKBKB;SH2B2;TXK;PDE4D;IKBKG;PLCG1;TNFRSF21;CD276;UBE2N;ORC3;LCP2;HLA-DRB1;MOG;PRKCB;EIF2B3;LAT2;PRKD2
prerank,Response To Peptide Hormone (GO:0043434),0.3343023506456463,0.7676815834366288,0.9535603715170279,1.0,1.0,14/47,14.04%,SLC24A4;SORT1;STAT6;CRY1;STAT1;STAT3;STAT2;TGFBR3;SLC27A1;ROCK2;ROCK1;GNAI1;OGT;TCF12
prerank,Cellular Response To ATP (GO:0071318),0.4433945646906981,0.7674363222437854,0.7858942065491183,1.0,1.0,6/13,20.89%,P2RX7;TAF1;P2RY12;RYR3;P2RY11;SSH1
prerank,Regulation Of Phosphatase Activity (GO:0010921),-0.43389933296387667,-0.7674084250309712,0.8146911519198664,1.0,1.0,6/17,17.52%,TIPRL;HTT;MTMR9;HSP90B1;TSC1;PPP1R2
prerank,Monoatomic Cation Homeostasis (GO:0055080),-0.3375797209619057,-0.7668836599735492,0.9304964539007092,1.0,1.0,12/76,14.34%,COMMD1;SLC12A5;SLC11A1;KCNA1;SLC39A10;COX11;TFR2;LETMD1;FAM20A;ZNHIT1;HAMP;UNC80
prerank,Tumor Necrosis Factor-Mediated Signaling Pathway (GO:0033209),0.33883998379665753,0.7667752599137612,0.9548192771084337,1.0,1.0,16/37,18.53%,TRAF4;NFKBIA;TRAF1;CARD14;STAT1;ST18;RRAGA;TRAF2;TNFRSF11A;LIMS1;FOXO3;TRAF3;CHUK;TP53;TXNDC17;JAK2
prerank,Positive Regulation Of Monocyte Chemotaxis (GO:0090026),-0.4325599754178039,-0.7666906639781496,0.81421647819063,1.0,1.0,3/17,11.38%,CCR1;LGMN;CXCL12
prerank,Regulation Of Early Endosome To Late Endosome Transport (GO:2000641),-0.4326967811687945,-0.7665718546967011,0.8252595155709342,1.0,1.0,9/17,18.74%,NF2;MAP2K1;MSN;EZR;SRC;RAB21;VPS11;SNX3;SNX12
prerank,Positive Regulation Of DNA Biosynthetic Process (GO:2000573),-0.3476767007173327,-0.7665014560940869,0.9059334298118669,1.0,1.0,18/65,13.42%,CCT5;PARM1;DKC1;USP1;MAP2K7;HGF;CCT2;TNIP1;PRKCQ;CHTF8;MAPKAPK5;HSP90AA1;ATR;PCNA;HSP90AB1;XRCC5;PKIB;PARN
prerank,Regulation Of Amyloid-Beta Formation (GO:1902003),-0.3789452252906074,-0.7664029953444583,0.8569131832797428,1.0,1.0,14/32,20.41%,PIN1;EPHA4;CLU;RTN3;CHRNA7;ABCA7;BIN1;RTN1;PRNP;RELA;GSK3A;NTRK2;APEX1;RTN4
prerank,Hexose Metabolic Process (GO:0019318),-0.37338073574683095,-0.7663018439354411,0.878125,1.0,1.0,16/38,21.10%,FUCA2;PGM1;HECTD4;CHST15;PPARD;SLC37A4;H6PD;FUCA1;PMM2;GALM;G6PD;HK2;PMM1;HK1;OAS1;GALK1
prerank,Peptidyl-Serine Phosphorylation (GO:0018105),-0.31190689166306484,-0.7662061795107908,0.9910941475826972,1.0,1.0,39/157,15.42%,MARK3;CAMK2A;PRKCI;LMTK2;MAP3K13;CSNK1G1;MKNK1;MARK1;EIF2AK3;HIPK1;TGFBR1;PRKX;IKBKB;ERN1;SRPK1;CAMK4;STK32C;PRKCA;CSNK1E;MAST1;PRKCQ;MAP3K20;GPI;MAP3K10;MAPKAPK5;ATR;MAPKAPK3;PRKCG;CDK5;MAST4;TOP1;PRKCB;MORC3;LATS2;MAPK8;STK4;LATS1;MKNK2;CSNK2A1
prerank,Protein Targeting To Lysosome (GO:0006622),-0.402874824645803,-0.765882565415831,0.8573717948717948,1.0,1.0,8/25,15.82%,LAPTM5;NCOA4;RAB7A;CLU;ZFYVE16;NAGPA;M6PR;BECN1
prerank,Peptidyl-Tyrosine Phosphorylation (GO:0018108),0.3186487052181478,0.7657798701721648,0.9770491803278688,1.0,1.0,20/64,19.34%,EGFR;DDR1;DYRK1A;FER;CLK1;PKDCC;FGFR3;PDGFB;INSR;BTK;MAPK3;IGF1R;SYK;FGFR2;TEK;ALK;JAK2;ERBB4;FGFR1;FYN
prerank,Positive Regulation Of Adaptive Immune Response Based On Somatic Recombination Of Immune Receptors Built From Immunoglobulin Superfamily Domains (GO:0002824),0.4371618145468012,0.7657551626643736,0.799492385786802,1.0,1.0,3/13,7.68%,IL12RB1;ZBTB1;TYK2
prerank,Positive Regulation Of Interleukin-6 Production (GO:0032755),-0.34510320055531424,-0.7655529006941766,0.9287790697674418,1.0,1.0,21/66,19.74%,IL6R;TLR7;LILRB2;AKIRIN2;SPHK2;XBP1;IL1A;CYBA;IL17RA;SCIMP;APP;AIF1;HSPD1;TYROBP;LCP1;CLEC7A;CD74;TMEM106A;SETD4;LGALS9;POU2F2
prerank,Arp2/3 Complex-Mediated Actin Nucleation (GO:0034314),-0.46513199466390787,-0.764985184331189,0.797979797979798,1.0,1.0,3/13,5.13%,ARPC5L;TRIM27;ARPC2
prerank,Positive Regulation Of Attachment Of Spindle Microtubules To Kinetochore (GO:0051987),0.45836187176621357,0.764741806350843,0.7692307692307693,1.0,1.0,3/10,13.58%,KAT2B;HNRNPU;RCC2
prerank,Regulation Of Interferon-Alpha Production (GO:0032647),-0.40121036704954366,-0.7647288197252955,0.8251968503937008,1.0,1.0,7/24,16.89%,TLR7;DHX36;PTPRS;DDX3X;IRF7;HSPD1;SETD2
prerank,Negative Regulation Of Cytokine-Mediated Signaling Pathway (GO:0001960),0.3206405807260632,0.7646446982629295,0.9618055555555556,1.0,1.0,16/56,16.27%,SIGIRR;RFFL;CARD8;NR1H2;IRAK3;NLRC5;PPP2CB;PELI3;CYLD;STAT2;GAS6;PADI2;RNF113A;XIAP;SH2B3;SLIT2
prerank,Heme Biosynthetic Process (GO:0006783),0.39973057396380035,0.7645867553129244,0.8435897435897436,1.0,1.0,1/18,0.02%,CPOX
prerank,Epithelium Development (GO:0060429),-0.3167463693732389,-0.764332200758331,0.9817470664928292,1.0,1.0,18/131,16.39%,IFT122;KRT17;DAG1;FN3K;TPP1;ANXA4;ANXA7;NDRG4;TOLLIP;INTU;PCNA;KRIT1;CBR1;GSTK1;AHI1;LOXL3;MTHFD1;CPT1A
prerank,O-glycan Processing (GO:0016266),-0.36636157089241567,-0.7642848414373663,0.8864,1.0,1.0,10/40,16.23%,B3GNTL1;XXYLT1;GALNT8;ST6GAL1;ST3GAL1;C1GALT1;B4GAT1;ST3GAL2;B4GALT5;POMGNT1
prerank,Autophagosome Organization (GO:1905037),-0.35182061387950647,-0.7642499714858343,0.9193083573487032,1.0,1.0,21/56,18.54%,EMC6;MAP1LC3A;ZFYVE26;RAB7A;ATP2A2;ATG5;RAB23;GABARAPL1;RAB35;NSFL1C;UBQLN2;WDR45B;DNAJC16;ATG7;BECN1;ATG2A;UBXN2A;GABARAPL2;UBXN2B;ATP13A2;ATG16L1
prerank,Positive Regulation Of Protein Localization To Plasma Membrane (GO:1903078),-0.3518859201092026,-0.7637571029232709,0.9252199413489736,1.0,1.0,13/50,13.94%,PRKCI;DPP10;RHOG;ITGB1;SORBS1;PLS1;ATP2B4;ZDHHC8;CIB1;WNK3;RANGRF;STAC2;ZDHHC5
prerank,Positive Regulation Of Transcription Initiation By RNA Polymerase II (GO:0060261),0.3252306761331692,0.7636392381370186,0.9527027027027027,1.0,1.0,14/49,13.36%,TAF8;TAF4;MED13;TAF5;TAF13;TAF12;TAF1;MED22;TAF7;TAF6;TAF11;TAF3;TAF10;MED15
prerank,Negative Regulation Of Cytokine Production Involved In Inflammatory Response (GO:1900016),-0.4179128085888477,-0.763296447610137,0.8144,1.0,1.0,3/19,8.31%,SIRPA;CUEDC2;APLP2
prerank,Meiosis I (GO:0007127),-0.41138055328549517,-0.7632584682266498,0.8370967741935483,1.0,1.0,2/21,9.16%,FOXJ2;ZCWPW1
prerank,Regulation Of Protein Localization To Cell Surface (GO:2000008),-0.38624628667424266,-0.7631603867708853,0.8709677419354839,1.0,1.0,11/30,16.02%,KCNAB2;COMMD1;RIC3;TMEM35A;GBF1;ABCA7;HSP90AB1;TAX1BP3;RANGRF;TM9SF4;TYROBP
prerank,Negative Regulation Of DNA Binding (GO:0043392),-0.39184824619420017,-0.7631016963738659,0.8453125,1.0,1.0,8/27,19.74%,JUN;SP100;SUMO1;HABP4;PER2;SIN3A;ZNF675;SUMO3
prerank,Endocrine System Development (GO:0035270),0.3824833769447943,0.7629834607382489,0.8545034642032333,1.0,1.0,2/21,4.51%,NF1;HESX1
prerank,Reticulophagy (GO:0061709),0.4246360433293081,0.7629733621318958,0.835820895522388,1.0,1.0,7/15,16.26%,ULK1;SNX7;RB1CC1;UBA5;ULK2;ATG2B;UFM1
prerank,Positive Regulation Of T-helper 1 Type Immune Response (GO:0002827),0.4609963593835783,0.7627997895227725,0.7855361596009975,1.0,1.0,1/11,0.78%,IL12RB1
prerank,Cellular Response To Transforming Growth Factor Beta Stimulus (GO:0071560),-0.3287911173592614,-0.7626998783919249,0.9523809523809523,1.0,1.0,13/92,10.23%,SKI;ZYX;JUN;FNTA;ITGB1;TGFBR1;ITGB5;TGFBRAP1;SMAD3;APLP2;OVOL2;GPI;ZMIZ2
prerank,Positive Regulation Of Phospholipase Activity (GO:0010518),0.40378434396649415,0.762679386216229,0.7994722955145118,1.0,1.0,6/18,19.24%,PDPK1;FGFR3;FGFR2;ARF4;FGFR1;GNA13
prerank,Intracellular Sterol Transport (GO:0032366),-0.4472180733137554,-0.7623009776800025,0.8224455611390284,1.0,1.0,4/13,15.10%,ARV1;OSBP;GRAMD1A;GRAMD1C
prerank,Response To Thyroid Hormone (GO:0097066),-0.45382581410544665,-0.7621320831475249,0.8036912751677853,1.0,1.0,3/12,7.59%,CTSL;LMO2;CTSS
prerank,Regulation Of Protein Export From Nucleus (GO:0046825),-0.40634493334489735,-0.7620674884461625,0.8349358974358975,1.0,1.0,6/22,8.78%,PARK7;SIRT6;XPO4;PTPN14;EMD;SP100
prerank,Protein Localization To Microtubule Organizing Center (GO:1905508),-0.44889690395660004,-0.7620096794868269,0.8137082601054482,1.0,1.0,7/14,14.21%,C2CD3;CCDC14;DCTN2;CEP250;SNX10;PIBF1;KIAA0753
prerank,Phosphatidic Acid Metabolic Process (GO:0046473),-0.38226638073717484,-0.7615929521155059,0.8580441640378549,1.0,1.0,7/31,11.18%,LCLAT1;AGPAT2;PLD2;DGKB;ACP6;DGKD;GPAT3
prerank,Regulation Of Transcription Of Nucleolar Large rRNA By RNA Polymerase I (GO:1901836),0.47114861405190733,0.7611585371969463,0.7829099307159353,1.0,1.0,4/10,8.16%,SMARCB1;SIRT7;PIH1D1;NOL11
prerank,Serine Family Amino Acid Biosynthetic Process (GO:0009070),-0.47660926112174107,-0.7608634153635354,0.7932862190812721,1.0,1.0,4/10,18.56%,SEPHS1;MTHFD1;SEPHS2;PSPH
prerank,Mitochondrial Calcium Ion Transmembrane Transport (GO:0006851),0.4239975581513484,0.7606516034487825,0.7681159420289855,1.0,1.0,6/14,13.97%,MICU3;MCU;PMPCB;MCUB;MAIP1;LETM1
prerank,Regulation Of JUN Kinase Activity (GO:0043506),0.34339648050742905,0.7606358135790731,0.9263456090651558,1.0,1.0,10/40,14.17%,DUSP16;DUSP19;MAP3K4;MAPK8IP1;HIPK3;MAP4K2;WNT5A;TRAF2;TNFRSF11A;MAP3K7
prerank,Nucleotide-Excision Repair (GO:0006289),0.3179162433447211,0.7605525473250152,0.9810725552050473,1.0,1.0,10/51,11.56%,GTF2H2;FANCC;POLD3;POLA1;POLE;OGG1;POLR2I;FSCN1;ERCC6;BRCA2
prerank,Mesenchymal Cell Migration (GO:0090497),0.3523748397583286,0.7603313729349568,0.9081081081081082,1.0,1.0,10/32,17.40%,SEMA3D;SEMA3C;NRTN;SOX8;SOX10;SEMA4A;PHACTR4;SEMA6A;SEMA4D;SEMA3A
prerank,Bile Acid Biosynthetic Process (GO:0006699),-0.3978134200964699,-0.7603045014236328,0.8548387096774194,1.0,1.0,6/24,13.03%,CYP46A1;OSBP;HSD17B10;SLC27A5;ABCD3;OSBPL6
prerank,Positive Regulation Of Vasculature Development (GO:1904018),-0.32311130356235135,-0.7599881501082721,0.9695767195767195,1.0,1.0,22/99,17.80%,TMIGD2;ITGB1;HIPK1;CD40;GRN;MYDGF;PLCG1;PRKCA;MTDH;CNTN1;CHRNA7;ETS1;XBP1;IL1A;PRKCB;CTSH;HMOX1;PRKD2;ANGPTL4;SIRT1;HK2;HSPB1
prerank,Response To Light Stimulus (GO:0009416),-0.35517551796702357,-0.7599771238041622,0.9202898550724637,1.0,1.0,16/54,18.93%,CDKN2D;USP1;SIRT6;MAP2K7;ERCC4;CIRBP;ZRANB3;MAPK10;CCAR2;REV1;ERCC3;MAPK8;COPS3;UVSSA;MSH6;BRSK1
prerank,Positive Regulation Of Muscle Cell Differentiation (GO:0051149),0.4278884012525899,0.7598472539981123,0.7780429594272077,1.0,1.0,4/15,10.81%,MAPK14;LAMA2;MYOCD;LAMB2
prerank,Positive Regulation Of Exosomal Secretion (GO:1903543),0.43073220889307695,0.7596604423689954,0.7908163265306123,1.0,1.0,6/13,13.93%,SDC4;TSG101;STAM;SNF8;PDCD6IP;SDCBP
prerank,Ubiquitin-Dependent Protein Catabolic Process Via The Multivesicular Body Sorting Pathway (GO:0043162),-0.3828678869213375,-0.759529229827647,0.8533541341653667,1.0,1.0,12/32,18.60%,CHMP2A;TOM1L1;VPS28;CHMP3;CHMP7;VPS37A;PLAA;UBAP1;VPS37C;RNF115;VPS4B;CHMP2B
prerank,Regulation Of Establishment Of Protein Localization (GO:0070201),-0.44676669619412746,-0.7593548061532891,0.8075601374570447,1.0,1.0,3/13,6.85%,OOEP;CEP295;DNAJA1
prerank,Regulation Of Response To Endoplasmic Reticulum Stress (GO:1905897),-0.4505030464424865,-0.759332669589725,0.825938566552901,1.0,1.0,4/13,8.44%,EIF2AK3;USP19;CLU;LPCAT3
prerank,Neuromuscular Synaptic Transmission (GO:0007274),-0.4309237688197337,-0.7590203719814754,0.8102564102564103,1.0,1.0,2/16,5.61%,RIMBP2;ERC2
prerank,Regulation Of Platelet Aggregation (GO:0090330),-0.3989934727504349,-0.7587226511091664,0.8648648648648649,1.0,1.0,8/24,20.01%,LYN;PRKCA;PRKCQ;SERPINE2;PDPN;DMTN;PRKG1;F11R
prerank,ERBB2 Signaling Pathway (GO:0038128),0.4321541595956879,0.7585689024616427,0.799492385786802,1.0,1.0,3/13,7.29%,EGFR;CUL5;CPNE3
prerank,Positive Regulation Of T Cell Differentiation (GO:0045582),-0.342716918031502,-0.7585505864313661,0.927710843373494,1.0,1.0,20/61,19.28%,TESPA1;AMBRA1;SMARCD3;IL4I1;LILRB2;KAT5;NKAP;IL7;CR1;PHF10;XBP1;SMARCD1;HLA-DRB1;HLA-DRA;VSIR;RHOH;SART1;PBRM1;BCL6;DUSP10
prerank,Positive Regulation Of Glucose Import (GO:0046326),-0.4106013638035124,-0.7583091702490745,0.8571428571428571,1.0,1.0,3/21,6.12%,PRKCI;SORBS1;ARPP19
prerank,Glucose Homeostasis (GO:0042593),-0.3328153148959407,-0.75775841946191,0.9545454545454546,1.0,1.0,11/77,10.26%,PYGL;PARK7;KCNB1;LRRC8A;HECTD4;FOXK1;PPARGC1A;RPS6;APLP2;POLR2D;PRKAA2
prerank,Skeletal System Morphogenesis (GO:0048705),-0.3792308320501159,-0.7575042241156336,0.8626543209876543,1.0,1.0,2/30,3.60%,SKI;TGFBR1
prerank,Negative Regulation Of Cellular Catabolic Process (GO:0031330),-0.3404460319670987,-0.7574947336254917,0.9358974358974359,1.0,1.0,21/63,21.15%,TBC1D14;TIMP3;FOXK1;TRIM27;HGF;ATP2B4;MTMR9;RUBCN;GOLGA2;MLST8;EIF4E;RRAGD;EIF4G2;KLHL22;SIRT2;GSK3A;DAP;MTOR;TREM2;RPTOR;WASHC1
prerank,Mismatch Repair (GO:0006298),-0.3966376092830989,-0.7573404000245461,0.8489984591679507,1.0,1.0,8/24,11.90%,PMS2;MSH3;RPA3;RPA2;MLH1;PCNA;RNASEH2C;MSH2
prerank,Myeloid Cell Development (GO:0061515),-0.4041113169762788,-0.7571639119783754,0.8301282051282052,1.0,1.0,7/23,18.32%,CEBPB;LYAR;ALAS1;SRC;APP;DMTN;FLNA
prerank,Regulation Of Mitochondrial Fusion (GO:0010635),0.462557479985814,0.7571320901710883,0.7929411764705883,1.0,1.0,2/10,3.43%,PRKN;PLD6
prerank,Protein Maturation (GO:0051604),-0.31881211780814384,-0.7570852220696063,0.980106100795756,1.0,1.0,32/106,20.40%,AFG3L2;PCSK5;NAA60;NDUFAB1;TSPAN33;AASDHPPT;TESC;CTSS;NNAT;CASP4;CNTN1;STUB1;PCSK2;ADAMTS13;TLL1;CPE;ADAM17;APH1B;HSPD1;CIAO1;MMP16;ADAM19;SRGN;TASP1;MBTPS1;LMF1;BACE2;NLRP3;METAP2;LMF2;TSPAN5;APH1A
prerank,Purine Nucleotide Biosynthetic Process (GO:0006164),0.39981600803012923,0.7569734197159188,0.7916666666666666,1.0,1.0,11/19,17.45%,NADSYN1;NADK;PFAS;KYNU;SLC4A7;QPRT;PRPSAP2;NMNAT1;GART;PRPSAP1;HAAO
prerank,Positive Regulation Of Axon Extension (GO:0045773),-0.4223694576952825,-0.7569632749722491,0.8723051409618574,1.0,1.0,3/18,4.16%,NELL1;MAP3K13;L1CAM
prerank,Interleukin-1-Mediated Signaling Pathway (GO:0070498),0.39876077559857787,0.7569366963665769,0.815,1.0,1.0,8/19,16.60%,RPS6KA5;RPS6KA4;IRAK3;ST18;MAP3K7;MAPK3;MYD88;IRAK1
prerank,Interferon-Mediated Signaling Pathway (GO:0140888),-0.3832744140014529,-0.7565589019660517,0.8680981595092024,1.0,1.0,5/29,9.50%,IRF1;IFNGR2;SP100;IFITM2;IFITM3
prerank,Regulation Of Muscle Cell Differentiation (GO:0051147),-0.40266743468764515,-0.755454532160101,0.8797364085667215,1.0,1.0,4/21,9.91%,ID2;LAMC1;PTBP1;SRF
prerank,Morphogenesis Of An Epithelium (GO:0002009),0.36711753232791045,0.7554355050284821,0.8792134831460674,1.0,1.0,6/23,12.00%,ARHGAP12;SOX8;KDM2B;TIMELESS;SLC9A3R1;SOX10
prerank,Positive Regulation Of Mitochondrial Fission (GO:0090141),0.39330909568984523,0.755197595274374,0.8505434782608695,1.0,1.0,4/18,7.11%,PRKN;MCU;DDHD1;PGAM5
prerank,Negative Regulation Of Proteasomal Protein Catabolic Process (GO:1901799),-0.3732483537229599,-0.7550986575741784,0.8914373088685015,1.0,1.0,12/36,17.79%,PARK7;OPHN1;PSMF1;UCHL5;PRKCG;UBXN1;HSP90AB1;CCAR2;DDRGK1;CAMLG;RPL11;GABARAPL2
prerank,Branched-Chain Amino Acid Metabolic Process (GO:0009081),0.41684983338354753,0.7549752186113247,0.8225419664268585,1.0,1.0,3/15,5.68%,ECHS1;IVD;HIBCH
prerank,Substrate-Dependent Cell Migration (GO:0006929),-0.4539285891821733,-0.7547268934062428,0.8307692307692308,1.0,1.0,3/13,6.13%,OPHN1;NELL1;ITGB1BP1
prerank,B Cell Activation (GO:0042113),0.29990848958046046,0.7546349414408338,0.9967213114754099,1.0,1.0,19/74,19.19%,MALT1;BANK1;BCL2;CASP8;TOP2B;CD22;CEBPG;HDAC9;ZBTB7A;BTK;CD86;PHB2;HHEX;NFAM1;LYL1;DCAF1;BLNK;TPD52;HDAC4
prerank,Regulation Of Macromolecule Metabolic Process (GO:0060255),-0.3093490939897757,-0.7543745969140094,0.9912060301507538,1.0,1.0,17/140,9.26%,ZNF335;AFF3;SIRPA;NELL1;PIN1;HMG20A;MTMR1;BMI1;ATP1B1;TXK;NRG1;MTMR4;YBX3;MTMR9;ATRAID;TAPBP;SOX2
prerank,Positive Regulation Of Protein-Containing Complex Assembly (GO:0031334),-0.32695472970638534,-0.7543591467299557,0.9611780455153949,1.0,1.0,24/90,17.71%,PLEK;PARK7;BCL2L11;NRG1;VCP;SLF2;CLU;DDX3X;PSMC6;BID;STUB1;HSP90AA1;ATR;ISG15;SRC;MAPK8;RPS3;SUMO1;GNL3L;PIEZO1;TFRC;LCP1;CLEC7A;UNC13B
prerank,Regulation Of Protein Localization To Cell Periphery (GO:1904375),0.39642965198388935,0.7540360277943997,0.8310991957104558,1.0,1.0,4/19,12.28%,ZDHHC2;STX8;APPL1;STX7
prerank,Regulation Of mRNA 3'-End Processing (GO:0031440),0.44263916449194907,0.7540031609246829,0.7864321608040201,1.0,1.0,3/11,10.42%,PAPOLA;BARD1;NCBP2
prerank,Regulation Of Cell Fate Specification (GO:0042659),0.42323587448889766,0.7537982505635425,0.7985611510791367,1.0,1.0,3/14,13.44%,GATAD2B;HDAC1;RBBP7
prerank,N-terminal Protein Amino Acid Modification (GO:0031365),-0.4570828773438777,-0.7537189894601538,0.8296041308089501,1.0,1.0,1/12,1.91%,NAA60
prerank,Receptor Metabolic Process (GO:0043112),0.3878415548019308,0.7536302804676278,0.8578088578088578,1.0,1.0,4/20,5.84%,SH3GLB1;RAB11B;UVRAG;MVB12A
prerank,Positive Regulation Of Lamellipodium Organization (GO:1902745),-0.38090815712639237,-0.7536077842369082,0.8828828828828829,1.0,1.0,8/30,13.16%,ACTR2;AVIL;CARMIL1;ARPC2;NCKAP1;RAC1;SRC;PLCE1
prerank,Positive Regulation Of Behavior (GO:0048520),0.45478847992763877,0.7535817237868462,0.7904328018223234,1.0,1.0,3/11,20.10%,CFAP20;NLGN1;SGIP1
prerank,Positive Regulation Of Lamellipodium Assembly (GO:0010592),0.38061314019362913,0.7532882414316167,0.8428184281842819,1.0,1.0,5/22,6.77%,AUTS2;WASF2;PIK3CA;CDC42;OCLN
prerank,Negative Regulation Of Sequestering Of Calcium Ion (GO:0051283),0.3607087476684084,0.753178920796199,0.9166666666666666,1.0,1.0,4/30,4.37%,ITPR1;HTR2C;PLCB4;PLCB2
prerank,Mitotic Nuclear Division (GO:0140014),0.32913282628440077,0.753040604629036,0.9512195121951219,1.0,1.0,10/43,14.89%,DSN1;NDE1;MIS12;NUSAP1;CENPK;NSL1;CTDP1;KNTC1;EPS8;SMC1A
prerank,Regulation Of Epithelial Cell Proliferation (GO:0050678),-0.3249594730501356,-0.7525929050296568,0.9669421487603306,1.0,1.0,18/86,19.46%,MCC;DEAF1;GRN;LAMC1;EPB41L4B;MAGED1;ZFP36;HRAS;SOX2;MTSS1;C5AR1;TGFA;BAD;SFRP1;NR1D1;ZFP36L1;DUSP10;PRKDC
prerank,Peptidyl-Threonine Dephosphorylation (GO:0035970),0.4050752571983739,0.7525155764171452,0.8300492610837439,1.0,1.0,4/17,7.11%,PPP5C;PPM1D;PPP2CB;PGAM5
prerank,Regulation Of Receptor-Mediated Endocytosis (GO:0048259),-0.3776849509116484,-0.7524807754061679,0.8830963665086888,1.0,1.0,8/32,13.01%,LRPAP1;BICD1;FLOT1;SNAP91;CLU;RAC1;UNC45A;RAB21
prerank,N-terminal Protein Amino Acid Acetylation (GO:0006474),0.4258641783756845,0.7524324015805972,0.80622009569378,1.0,1.0,4/14,10.43%,CREBBP;KAT2B;NAA16;NAA50
prerank,Regulation Of Sprouting Angiogenesis (GO:1903670),-0.3760820210280146,-0.7523991512661562,0.8793650793650793,1.0,1.0,6/31,13.92%,PKM;CEMIP2;BMPER;RHOJ;ITGA5;JMJD8
prerank,Regulation Of Bicellular Tight Junction Assembly (GO:2000810),0.41677857807503255,0.7514364016648495,0.821078431372549,1.0,1.0,5/15,11.15%,PRKACA;PRKCH;TJP1;ROCK2;ROCK1
prerank,Negative Regulation Of Cellular Response To Insulin Stimulus (GO:1900077),-0.3844510383799024,-0.7514002972229673,0.8668683812405447,1.0,1.0,10/27,17.95%,PIP4K2C;PTPRE;APLP2;PRKCQ;TNS2;SLC27A4;PRKCB;PTPN1;PID1;GSK3A
prerank,"Regulation Of Alternative mRNA Splicing, Via Spliceosome (GO:0000381)",-0.347131035060681,-0.7512806591585711,0.9280359820089955,1.0,1.0,14/51,13.59%,RBM25;RBFOX1;PTBP1;RNPS1;RBM47;CELF4;RBFOX3;CELF3;CELF5;SMU1;RBM38;KHDRBS2;SRRM4;RBM15
prerank,Positive Regulation Of Chromosome Organization (GO:2001252),0.3459317478999985,0.7512694720938127,0.9295392953929539,1.0,1.0,10/32,16.76%,ATRX;POT1;PML;MRE11;NCAPD2;TERF1;PPP1R10;TERF2;RAD21;NCAPD3
prerank,"Base-Excision Repair, AP Site Formation (GO:0006285)",-0.4676667953390796,-0.7510985390066535,0.8292682926829268,1.0,1.0,4/11,17.30%,MPG;NTHL1;NEIL2;MBD4
prerank,Negative Regulation Of Receptor-Mediated Endocytosis (GO:0048261),-0.40198808329664876,-0.7507910132189054,0.8642745709828393,1.0,1.0,6/21,15.32%,LRPAP1;ANKRD13A;RAC1;UBQLN2;APP;ATXN2
prerank,Bile Acid Metabolic Process (GO:0008206),-0.3817690797055688,-0.7507289553956971,0.8852201257861635,1.0,1.0,7/28,14.79%,CYP46A1;OSBP;HSD17B10;SLC27A5;ABCD3;OSBPL6;ACAA1
prerank,Brain Development (GO:0007420),-0.30364239535924276,-0.7505089185071702,0.9961538461538462,1.0,1.0,38/154,17.36%,ZNF335;MAP1S;UBE3A;CNTN5;GRIN2B;SMG9;NRCAM;SLC23A2;ADGRL2;FBXW11;SLC6A17;CA10;MAST1;CNTN4;NDRG4;NNAT;RTN3;CNTN1;FOXG1;DNAJC30;CNTNAP2;RAB18;ROBO2;GRIN2A;RAPGEF2;CDH2;PBX3;RTN1;PLXNB2;CDK5R2;VPS51;ATXN1;ZFHX2;PAFAH1B1;UFC1;ARNT2;GIT1;CTNNA2
prerank,Positive Regulation Of RNA Metabolic Process (GO:0051254),-0.3720257010846695,-0.750473545229059,0.880690737833595,1.0,1.0,8/32,8.88%,POLR2A;TRMT112;WDR75;GRSF1;ERN1;NMD3;PNPT1;HRAS
prerank,Long-Chain fatty-acyl-CoA Metabolic Process (GO:0035336),-0.3925807333490583,-0.7503950338785892,0.8646003262642741,1.0,1.0,6/23,17.28%,ACSL3;ACSL1;FAR2;ELOVL5;ACSL5;ACSF3
prerank,Regulation Of Transcription Regulatory Region DNA Binding (GO:2000677),-0.39936935303310883,-0.7500166206447011,0.8545454545454545,1.0,1.0,1/21,1.03%,PARK7
prerank,Vesicle Fusion (GO:0006906),-0.3323670446767006,-0.7496963023265512,0.9492242595204513,1.0,1.0,21/74,16.86%,TOM1;RAB39A;RAB20;SYT11;CHMP2A;RUBCNL;RAB7A;CHMP3;VAMP1;CHMP7;TGFBRAP1;STXBP1;SYT4;TSNARE1;STX10;STX1B;VPS16;GOSR1;STX5;YIPF5;VPS11
prerank,COPII-coated Vesicle Cargo Loading (GO:0090110),0.42026816710618736,0.7495980167872289,0.8102189781021898,1.0,1.0,7/14,17.87%,SEC31A;SEC24D;SEC24C;SEC24A;SEC24B;SEC23A;SAR1A
prerank,DNA Recombination (GO:0006310),-0.36554398896564144,-0.7492826801486033,0.9030303030303031,1.0,1.0,6/38,11.90%,NBN;XRCC6;MSH3;MRPL36;XRCC5;MSH2
prerank,Cholesterol Metabolic Process (GO:0008203),-0.3406768930481305,-0.7492465392407526,0.9475177304964539,1.0,1.0,11/59,12.09%,PIP4P1;DHCR7;CYP46A1;PPARD;ARV1;HMGCS1;ABCA5;CH25H;SNX17;TM7SF2;APOL2
prerank,Negative Regulation Of Lipid Biosynthetic Process (GO:0051055),-0.394101087817215,-0.7492341470664203,0.8817204301075269,1.0,1.0,2/24,4.88%,FBXW7;ASXL3
prerank,Regulation Of Smoothened Signaling Pathway (GO:0008589),-0.34757748304113895,-0.748994074670561,0.9120234604105572,1.0,1.0,10/49,14.12%,TXNDC15;IFT122;RORA;UCHL5;VCP;INTU;MOSMO;BTRC;STK36;GAS8
prerank,Multivesicular Body Sorting Pathway (GO:0071985),-0.4056464886769239,-0.74850691665938,0.8595890410958904,1.0,1.0,7/22,12.60%,CHMP2A;RAB27B;CHMP3;CHMP7;RAB27A;EXPH5;RUBCN
prerank,DNA Modification (GO:0006304),-0.4196674505539411,-0.7483913008832969,0.8504201680672269,1.0,1.0,5/17,17.30%,MPG;EXOSC4;NTHL1;NEIL2;MBD4
prerank,Late Endosome To Vacuole Transport Via Multivesicular Body Sorting Pathway (GO:0032511),0.37427505099155295,0.7482485561068632,0.8575418994413407,1.0,1.0,6/23,8.79%,LEPROTL1;MVB12A;TSG101;STAM;SNF8;STAM2
prerank,Intrinsic Apoptotic Signaling Pathway In Response To DNA Damage (GO:0008630),-0.352462360236471,-0.7477578473997726,0.9300291545189504,1.0,1.0,5/49,5.61%,TMEM109;MOAP1;HIPK1;BCL2L11;TNFRSF1B
prerank,Regulation Of Intracellular Transport (GO:0032386),0.3444009320012334,0.7477250227662764,0.9439775910364145,1.0,1.0,5/33,5.16%,RAB11B;GRIPAP1;MYBPC3;SH3TC2;CAPN10
prerank,Regulation Of Microtubule Depolymerization (GO:0031114),-0.39596130864413,-0.7476944882694185,0.8699186991869918,1.0,1.0,6/23,11.26%,STMN2;MAP1S;MAP1B;FGF13;CIB1;APC2
prerank,Positive Regulation Of Amyloid-Beta Formation (GO:1902004),0.4091797987286832,0.7476547459595696,0.8159203980099502,1.0,1.0,7/16,16.34%,EFNA1;PICALM;ABCG1;ROCK2;CASP3;IFNGR1;SLC2A13
prerank,Zinc Ion Transmembrane Transport (GO:0071577),0.38583647380356234,0.7475374823525321,0.868421052631579,1.0,1.0,1/20,0.32%,SLC39A13
prerank,Membrane Fission (GO:0090148),-0.3656441102636313,-0.7472085399912735,0.9022900763358779,1.0,1.0,10/37,12.14%,EXOC6;CHMP2A;VPS28;CHMP3;CHMP7;EXOC3;EXOC5;VPS37A;EXOC2;DNM1L
prerank,Transition Metal Ion Transport (GO:0000041),-0.3744700521415558,-0.7469897844100407,0.8827067669172932,1.0,1.0,5/32,10.62%,FTH1;SLC11A1;TTYH1;TFR2;SLC31A2
prerank,Aspartate Family Amino Acid Catabolic Process (GO:0009068),0.44582453889095774,0.7464798386466543,0.815668202764977,1.0,1.0,2/11,4.28%,DDO;GOT2
prerank,Establishment Of Epithelial Cell Polarity (GO:0090162),-0.4124735106414821,-0.7463834920723537,0.8647746243739566,1.0,1.0,4/18,12.49%,OPHN1;MYO18A;MSN;EZR
prerank,Organic Cation Transport (GO:0015695),-0.37425184276782286,-0.7462423325608484,0.8630573248407644,1.0,1.0,2/30,2.08%,SLC44A5;SLC7A6
prerank,GPI Anchor Biosynthetic Process (GO:0006506),-0.38487326693646134,-0.7459338246767662,0.8682042833607908,1.0,1.0,4/26,6.29%,DPM2;PGAP2;PIGG;PIGO
prerank,Epithelial Cell Migration (GO:0010631),-0.35392805327348664,-0.7459037309159633,0.9131736526946108,1.0,1.0,6/41,8.32%,NELL1;PRKX;CDH13;TNFRSF25;S100A9;FSTL1
prerank,Fatty Acid Catabolic Process (GO:0009062),0.3046520198660486,0.7456179834744996,0.9932885906040269,1.0,1.0,17/60,17.02%,ECHS1;ECHDC1;ACADS;ACAA2;ECI1;HADHB;SCP2;ACADM;ACOT8;ECHDC2;DECR1;HSD17B4;ABHD3;ILVBL;ACAT2;LPIN3;ACAD10
prerank,Cellular Response To Amino Acid Starvation (GO:0034198),0.3326967273398234,0.7455148138219282,0.9584569732937686,1.0,1.0,3/39,2.51%,RNF152;SH3GLB1;SESN1
prerank,Lymphocyte Differentiation (GO:0030098),-0.32851819093419865,-0.7453546180045132,0.9566473988439307,1.0,1.0,4/74,4.81%,SLC25A5;KLF6;ITGB1;RELB
prerank,Histone H2A Monoubiquitination (GO:0035518),0.4381458838477065,0.7451397753423664,0.8062953995157385,1.0,1.0,5/13,14.55%,DEPDC1B;BARD1;RING1;BRCA2;PCGF1
prerank,Cellular Response To Heat (GO:0034605),-0.36461804624590266,-0.7446636000695755,0.8930232558139535,1.0,1.0,12/35,17.92%,DHX36;VCP;STUB1;HSP90AA1;HSP90AB1;HSPA6;IL1A;YWHAE;SUMO1;HMOX1;MAPT;DNAJB1
prerank,Microtubule Depolymerization (GO:0007019),-0.429884379835883,-0.744447490742376,0.8547297297297297,1.0,1.0,4/16,9.85%,STMN2;STMN1;CKAP5;STMN3
prerank,Branched-Chain Amino Acid Catabolic Process (GO:0009083),0.4036710631785787,0.7440102515800164,0.8592233009708737,1.0,1.0,4/17,5.68%,ECHS1;IVD;ALDH6A1;HIBCH
prerank,Neuromuscular Junction Development (GO:0007528),-0.39079897026550103,-0.7435450528877744,0.8763693270735524,1.0,1.0,5/24,12.20%,DNAJA3;UNC13A;CACNB2;UNC13C;PDZRN3
prerank,Neural Crest Cell Development (GO:0014032),-0.35282274276452236,-0.7435331928312978,0.9246153846153846,1.0,1.0,9/44,13.38%,NELL1;SEMA3E;NRG1;SEMA6B;TCOF1;SEMA4B;KLHL12;SEMA7A;CDH2
prerank,Ubiquinone Biosynthetic Process (GO:0006744),-0.45567409409362813,-0.7434838772460466,0.8250883392226148,1.0,1.0,3/12,8.35%,COQ5;UBIAD1;PDSS1
prerank,Quinone Biosynthetic Process (GO:1901663),-0.45567409409362813,-0.7434838772460466,0.8250883392226148,1.0,1.0,3/12,8.35%,COQ5;UBIAD1;PDSS1
prerank,Vasculogenesis (GO:0001570),-0.36997727298713246,-0.74336618800443,0.9190031152647975,1.0,1.0,3/32,11.57%,NELL1;SPRED1;EGFL7
prerank,Negative Regulation Of Cellular Component Organization (GO:0051129),-0.3264195909210473,-0.743342194881227,0.9680696661828737,1.0,1.0,13/70,12.67%,RIOK3;CARMIL1;SYT11;MCTP1;HSPA5;CLU;DDX3X;CH25H;WASL;XRCC5;RUBCN;SRC;DNAJB2
prerank,Acidic Amino Acid Transport (GO:0015800),-0.46703849566261035,-0.7432001379333185,0.8274021352313167,1.0,1.0,2/10,12.57%,SLC6A1;SLC17A6
prerank,Primary miRNA Processing (GO:0031053),0.4457695464691539,0.742977922519106,0.8407960199004975,1.0,1.0,5/11,12.70%,DGCR8;HNRNPA2B1;NCBP2;SRSF3;SRRT
prerank,Regulation Of Actin Filament Organization (GO:0110053),0.4504157816470333,0.742843464886296,0.8159203980099502,1.0,1.0,4/10,15.64%,PIK3CA;RDX;WASHC5;WAS
prerank,Negative Regulation Of Cysteine-Type Endopeptidase Activity (GO:2000117),-0.3538880881366083,-0.7427243018775158,0.9274924471299094,1.0,1.0,12/44,17.15%,CDKN2D;HGF;LAMTOR5;CD44;DDX3X;IGBP1;CARD16;SRC;CSNK2A1;CST3;SIAH2;CAST
prerank,Membrane Lipid Metabolic Process (GO:0006643),-0.4195181194637623,-0.7427090339606774,0.848381601362862,1.0,1.0,4/17,12.83%,SERINC1;ARV1;SPTLC1;ST3GAL6
prerank,Regulation Of Viral Entry Into Host Cell (GO:0046596),-0.36425848431159324,-0.7426018807695474,0.9130434782608695,1.0,1.0,13/38,20.12%,LY6E;LGALS1;NECTIN2;IFITM2;IFITM3;HLA-DRB1;TRIM38;SNX3;TRIM25;CD74;LGALS9;CD4;CIITA
prerank,Negative Regulation Of Canonical Wnt Signaling Pathway (GO:0090090),-0.3116860941624689,-0.7425174242656786,0.9878869448183042,1.0,1.0,27/105,18.40%,BICC1;HECW1;PTPRO;MCC;DDIT3;DKK3;PFDN5;TMEM131L;FZD6;PRICKLE1;EMD;RBX1;SOX2;UBAC2;SHISA6;APC2;LATS2;STK4;LATS1;NPHP4;APC;SIAH2;ZNRF3;SFRP1;GSK3A;AXIN1;MESP1
prerank,Positive Regulation Of Cytokine Production Involved In Inflammatory Response (GO:1900017),-0.43887895956652745,-0.7424140438591966,0.8231292517006803,1.0,1.0,5/14,22.03%,TICAM1;IL17RA;CLEC7A;MAPK9;CARD9
prerank,Phosphatidylcholine Metabolic Process (GO:0046470),-0.35113500619348215,-0.742378320062335,0.9174174174174174,1.0,1.0,6/44,12.38%,SLC44A5;PCYT1A;LPCAT3;PLA2G4C;PLA2G15;PLB1
prerank,Regulation Of Synapse Organization (GO:0050807),-0.38988310726935327,-0.7422810924436493,0.8781645569620253,1.0,1.0,3/24,6.01%,YWHAZ;EPHA4;SLITRK4
prerank,Positive Regulation Of Autophagosome Assembly (GO:2000786),0.408992563636223,0.7422398891619182,0.8405063291139241,1.0,1.0,10/15,17.11%,SH3GLB1;RAB3GAP1;SNX7;PIP4K2A;PIP4K2B;WDR45;LRSAM1;RALB;WIPI1;SNX4
prerank,Regulation Of Necroptotic Process (GO:0060544),0.38376199017817114,0.7420782033600419,0.8766756032171582,1.0,1.0,9/19,16.02%,PRKN;ARHGEF2;CFLAR;CASP8;CYLD;AIFM1;OGT;PELI1;PARP1
prerank,ncRNA Transcription (GO:0098781),0.4517057483565638,0.7417059313559747,0.8277511961722488,1.0,1.0,3/11,13.01%,SIRT7;USPL1;GTF3A
prerank,Regulation Of Presynapse Assembly (GO:1905606),0.40621482055277414,0.7415300273175558,0.8270676691729323,1.0,1.0,5/16,11.78%,SLITRK1;MDGA1;SNCA;LRFN4;EIF4G1
prerank,Regulation Of Presynapse Organization (GO:0099174),0.40621482055277414,0.7415300273175558,0.8270676691729323,1.0,1.0,5/16,11.78%,SLITRK1;MDGA1;SNCA;LRFN4;EIF4G1
prerank,Induction Of Positive Chemotaxis (GO:0050930),0.4581321490059711,0.7410018337401187,0.804147465437788,1.0,1.0,2/10,10.86%,IL16;MEN1
prerank,Positive Regulation Of Neuron Death (GO:1901216),0.3481894193482792,0.7407846596041529,0.9080779944289693,1.0,1.0,8/32,11.50%,CTNNB1;PICALM;NF1;TGFB2;EFNB2;SNCA;WNT5A;BAX
prerank,Membrane Repolarization (GO:0086009),0.40589703463274013,0.7402911030837076,0.8543689320388349,1.0,1.0,3/17,11.20%,SLC24A4;KCNJ2;KCNE3
prerank,Negative Regulation Of Protein Polymerization (GO:0032272),0.3563941697659603,0.7401892409142937,0.9154228855721394,1.0,1.0,10/25,16.70%,DYRK1A;SSH2;TWF1;SNCA;PRKCD;KANK4;KANK1;EML2;SLIT2;TUBB4A
prerank,Golgi To Vacuole Transport (GO:0006896),-0.4162025470022853,-0.7400174568348354,0.8613013698630136,1.0,1.0,6/17,16.30%,LAPTM5;EHD3;AP3D1;LAMP1;RBSN;VPS52
prerank,Zinc Ion Transport (GO:0006829),0.37406288251839376,0.7397933650811654,0.8663101604278075,1.0,1.0,8/22,20.53%,SLC39A13;SLC30A4;SLC30A10;SLC30A9;SLC30A6;SLC30A1;SLC39A14;SLC30A5
prerank,Positive Regulation Of Catalytic Activity (GO:0043085),0.3382181245344477,0.7396237147161201,0.9487870619946092,1.0,1.0,10/34,14.65%,MAPK14;BCAS3;POT1;NCSTN;PSEN2;MID1IP1;STX4;PHACTR4;PSEN1;MAPK3
prerank,Positive Regulation Of Alpha-Beta T Cell Proliferation (GO:0046641),0.4127235159660424,0.7396130027182153,0.8337349397590361,1.0,1.0,6/16,18.53%,RASAL3;TYK2;TGFBR2;IL18;SYK;JAK2
prerank,Eye Photoreceptor Cell Differentiation (GO:0001754),-0.4482667273149133,-0.7395393784753216,0.8266666666666667,1.0,1.0,2/12,7.30%,RORB;SDK2
prerank,Mitotic Recombination (GO:0006312),0.43877506562657886,0.7395104021347673,0.8028503562945368,1.0,1.0,1/12,0.49%,SMC5
prerank,Alanine Transport (GO:0032328),-0.4601985910394714,-0.7394068602158905,0.8169014084507042,1.0,1.0,2/11,5.25%,SLC7A5;SLC6A17
prerank,Prostanoid Metabolic Process (GO:0006692),0.4191675770787091,0.7392559816447869,0.8442822384428224,1.0,1.0,1/13,4.18%,HPGDS
prerank,Negative Regulation Of Epithelial Cell Differentiation (GO:0030857),-0.4301715150636854,-0.7390440568419873,0.8434782608695652,1.0,1.0,2/14,16.57%,SPRED1;SPRED2
prerank,Regulation Of Mitotic Nuclear Division (GO:0007088),-0.3378181869713927,-0.7389393979172072,0.9522431259044862,1.0,1.0,6/53,12.23%,AURKAIP1;PIN1;TOM1L1;CUL9;OBSL1;IL1A
prerank,Negative Regulation Of DNA Biosynthetic Process (GO:2000279),-0.38051725428006616,-0.7383116172808226,0.8776167471819646,1.0,1.0,7/27,12.66%,CDKN1A;NAT10;TENM1;BMPR2;TENT4B;ERCC4;SRC
prerank,Regulation Of Alcohol Biosynthetic Process (GO:1902930),-0.45150754048309477,-0.7375466748550121,0.8083623693379791,1.0,1.0,2/11,9.47%,LPCAT3;H6PD
prerank,Positive Regulation Of Response To Wounding (GO:1903036),-0.3857060610354048,-0.7374073199267613,0.8971807628524047,1.0,1.0,7/25,17.32%,ITGB1;GRN;HRAS;MYLK;ANXA1;DMTN;CLEC7A
prerank,Positive Regulation Of Macrophage Migration (GO:1905523),-0.4144459713681833,-0.7374029707466121,0.8561872909698997,1.0,1.0,5/18,20.58%,IL34;P2RX4;CX3CL1;CMKLR1;TREM2
prerank,Polarized Epithelial Cell Differentiation (GO:0030859),-0.43838926924883465,-0.7372700902714888,0.8330550918196995,1.0,1.0,3/13,12.49%,OPHN1;MSN;EZR
prerank,Negative Regulation Of Transferase Activity (GO:0051348),0.33282305971789433,0.7372434365376087,0.9722222222222222,1.0,1.0,10/36,10.86%,SMAD7;POT1;HNRNPU;FBXO5;DTX3L;PINX1;IRS2;BAG5;BUB3;MEN1
prerank,Positive Regulation Of Potassium Ion Transmembrane Transport (GO:1901381),-0.4183228896610425,-0.7369639213088218,0.8635634028892456,1.0,1.0,5/17,18.50%,ATP1B1;KCNN4;ANK2;FLNA;AMIGO1
prerank,Positive Regulation Of Tumor Necrosis Factor Superfamily Cytokine Production (GO:1903557),0.29830125723499473,0.7368350356648935,1.0,1.0,1.0,15/69,14.59%,IFIH1;ARHGEF2;TLR2;FRMD8;LILRA2;DHX9;WNT5A;STAT3;TLR3;HMGB1;TLR1;C1QTNF4;CD86;PSEN1;IFNGR1
prerank,Phosphatidylcholine Acyl-Chain Remodeling (GO:0036151),-0.45701977145027955,-0.7368247239389252,0.8389830508474576,1.0,1.0,3/11,12.38%,LPCAT3;PLA2G4C;PLB1
prerank,Mitotic Cytokinetic Process (GO:1902410),0.4048891293774989,0.7366131304275113,0.8350253807106599,1.0,1.0,2/16,2.49%,CNTROB;MITD1
prerank,Toll-Like Receptor Signaling Pathway (GO:0002224),-0.37812447110577024,-0.7365618283577099,0.889751552795031,1.0,1.0,8/28,16.01%,TLR7;TICAM1;TNIP1;CTSS;MAPKAPK3;SCIMP;TLR5;HSPD1
prerank,Positive Regulation Of Cell-Substrate Junction Organization (GO:0150117),-0.3950686817442486,-0.7362728170311259,0.8872785829307569,1.0,1.0,5/23,11.40%,NELL1;THY1;NRG1;PPM1F;RAC1
prerank,Sympathetic Nervous System Development (GO:0048485),-0.431391009024397,-0.7362524613919302,0.836424957841484,1.0,1.0,3/13,12.78%,NELL1;NELL2;FZD3
prerank,Central Nervous System Neuron Differentiation (GO:0021953),-0.3799970380907358,-0.7360266564984039,0.8904109589041096,1.0,1.0,5/26,9.80%,OPHN1;CEND1;MDGA2;MAP2;FAIM2
prerank,Positive Regulation Of Tumor Necrosis Factor Production (GO:0032760),0.3010972668622111,0.735880140734846,0.9968354430379747,1.0,1.0,14/65,14.59%,IFIH1;ARHGEF2;TLR2;FRMD8;LILRA2;DHX9;WNT5A;STAT3;TLR3;HMGB1;TLR1;C1QTNF4;PSEN1;IFNGR1
prerank,Pigment Granule Transport (GO:0051904),-0.44688902230831506,-0.735527885326479,0.8456140350877193,1.0,1.0,3/12,9.67%,RAB11A;RAB27A;BBS7
prerank,Melanosome Transport (GO:0032402),-0.44688902230831506,-0.735527885326479,0.8456140350877193,1.0,1.0,3/12,9.67%,RAB11A;RAB27A;BBS7
prerank,Establishment Of Chromosome Localization (GO:0051303),-0.4384230434672799,-0.735350602180237,0.8498349834983498,1.0,1.0,3/13,13.50%,MAP1S;KIF22;NDEL1
prerank,Interleukin-6-Mediated Signaling Pathway (GO:0070102),0.4286650113819668,0.7353266830442269,0.8493827160493828,1.0,1.0,6/13,13.50%,FER;SMAD4;IL6ST;STAT3;ST18;YAP1
prerank,Keratinocyte Differentiation (GO:0030216),0.3323688895449926,0.7352912716780452,0.9638888888888889,1.0,1.0,10/34,18.83%,CFLAR;JAG1;TXNIP;WNT5A;KRT10;CLIC4;CASP3;MED1;OPN3;FGFR1
prerank,Vesicle Transport Along Actin Filament (GO:0030050),0.39078197628014566,0.7351740792933324,0.8753246753246753,1.0,1.0,2/18,3.78%,MYO1E;MYO6
prerank,Regulation Of Monoatomic Ion Transport (GO:0043269),-0.3795028011876262,-0.7350799031126012,0.912621359223301,1.0,1.0,3/27,6.00%,KCNJ6;KCNJ9;KCNJ5
prerank,Neural Crest Cell Migration (GO:0001755),0.3324374263145718,0.7350753546025263,0.9572192513368984,1.0,1.0,10/34,17.40%,SEMA3D;SEMA3C;NRTN;SOX8;SOX10;SEMA4A;PHACTR4;SEMA6A;SEMA4D;SEMA3A
prerank,Negative Regulation Of Chondrocyte Differentiation (GO:0032331),0.4234614606045688,0.734887793564041,0.8441558441558441,1.0,1.0,1/13,1.56%,CHADL
prerank,Positive Regulation Of G2/M Transition Of Mitotic Cell Cycle (GO:0010971),-0.40623050108020464,-0.7348321337485952,0.8838709677419355,1.0,1.0,8/20,20.69%,MECP2;RAB11A;CDC25B;CCND1;VPS4B;RAD51C;TNFSF13B;CDC7
prerank,Organelle Disassembly (GO:1903008),-0.34337420381348693,-0.7348079164426965,0.9560117302052786,1.0,1.0,20/50,18.31%,MTIF3;UFL1;KAT5;VCP;ASCC2;DENR;GBF1;PRKAA2;GOLGA2;MTIF2;TRIP4;ASCC3;MAP4;MRRF;DDRGK1;STX5;UFC1;ATG2A;PNPLA2;RETREG3
prerank,Regulation Of B Cell Activation (GO:0050864),0.36276760551389065,0.7346552868413035,0.9133858267716536,1.0,1.0,4/24,8.55%,SH3KBP1;BANK1;ZFP36L2;CD22
prerank,Negative Regulation Of G1/S Transition Of Mitotic Cell Cycle (GO:2000134),-0.3708275590256657,-0.7345205738878315,0.9171779141104295,1.0,1.0,7/29,16.05%,CDKN1A;FAM107A;MYO16;FHL1;GPNMB;RB1;APC
prerank,Cardiac Atrium Morphogenesis (GO:0003209),0.4132798575927797,0.7344232512964585,0.8490566037735849,1.0,1.0,2/15,9.42%,TGFB2;PROX1
prerank,Regulation Of Ossification (GO:0030278),-0.3609130070096468,-0.7342170014496937,0.9278033794162827,1.0,1.0,6/36,9.08%,NELL1;CHSY1;DDR2;BMPR2;NBR1;RBPJ
prerank,Positive Regulation Of Platelet Aggregation (GO:1901731),0.44157740164863,0.7341683805401876,0.8355855855855856,1.0,1.0,4/11,18.53%,IL6ST;MMRN1;EMILIN2;JAK2
prerank,Positive Regulation Of Cell Cycle G1/S Phase Transition (GO:1902808),0.32634643637594507,0.7339119565027841,0.9714285714285714,1.0,1.0,7/38,12.54%,EGFR;ANKRD17;EZH2;SASS6;EIF4G1;RRM1;RDX
prerank,NAD Biosynthetic Process (GO:0009435),-0.41240186689066877,-0.7338070570789792,0.8800675675675675,1.0,1.0,5/17,12.26%,NMNAT2;NUDT12;NMNAT3;NAMPT;NAXD
prerank,Regulation Of Lipopolysaccharide-Mediated Signaling Pathway (GO:0031664),-0.4001689443559674,-0.7335983053806514,0.8901453957996769,1.0,1.0,7/20,17.78%,NFKBIL1;LY86;PRKCA;CARD16;SCIMP;CX3CL1;CACTIN
prerank,Negative Regulation Of Viral Entry Into Host Cell (GO:0046597),-0.4190727813506713,-0.7335257048526155,0.8639344262295082,1.0,1.0,4/16,9.70%,LY6E;IFITM2;IFITM3;CH25H
prerank,Positive Regulation Of Cation Transmembrane Transport (GO:1904064),-0.4086363772155992,-0.7334920452007561,0.8836477987421384,1.0,1.0,6/18,20.36%,CTSS;KCNN4;ANK2;FLNA;AMIGO1;PDZK1
prerank,Response To Organonitrogen Compound (GO:0010243),-0.34706862097749624,-0.7331966073953402,0.9523809523809523,1.0,1.0,14/43,17.23%,ERLEC1;RHBDD1;VCP;CLU;DNAJB12;GLRA2;UBXN6;CHRNA7;XBP1;GPIHBP1;SEL1L;ADORA1;RNF5;HLCS
prerank,Motile Cilium Assembly (GO:0044458),0.4094351551248711,0.7328974412702625,0.8418367346938775,1.0,1.0,2/14,7.80%,CCDC40;E2F4
prerank,Cellular Response To Interleukin-1 (GO:0071347),0.29899243726559455,0.7324398043209399,1.0,1.0,1.0,16/69,18.60%,RPS6KA5;RPS6KA4;ZC3H12A;RBMX;TANK;IRAK3;ST18;GBP2;MAP3K7;MAPK3;MYD88;IRAK1;HYAL1;MAPK13;NFKB1;MAPK11
prerank,Transcription Initiation At RNA Polymerase II Promoter (GO:0006367),-0.33054116641980685,-0.7323336309948918,0.9673758865248226,1.0,1.0,22/65,15.69%,POLR2G;PAAF1;MED21;TBP;PPARGC1A;MED29;GTF2E1;POLR2D;ELOC;MED11;MED27;ESR1;TAF4B;MED14;MED31;CDK7;ERCC3;MED10;MED6;MED23;MED28;MAZ
prerank,Positive Regulation Of Glycogen Metabolic Process (GO:0070875),0.42724211061138495,0.7321509214110827,0.8276699029126213,1.0,1.0,7/12,20.30%,IRS2;AKT2;INSR;PHKG2;DYRK2;EPM2AIP1;IGF1
prerank,Regulation Of Anatomical Structure Morphogenesis (GO:0022603),-0.30807624566107034,-0.732114433601287,0.9933155080213903,1.0,1.0,37/122,19.49%,ABI3;HECW1;ZMYM4;DAG1;RNH1;EFNA5;EPHA4;CFL1;PAK3;ARHGAP44;PAK1;BMPER;CHN1;SP100;TNIK;ETS1;CAPZB;KRIT1;ARHGAP35;CDK5;ADGRB3;CDH2;GPNMB;LARP4;KIF1A;PID1;HMOX1;PPFIA2;HECW2;SFRP1;MAPT;BCL6;EPHB3;BRSK1;BRSK2;SIPA1L1;MEF2C
prerank,Dendritic Spine Morphogenesis (GO:0060997),-0.4241507890409863,-0.7319371975619826,0.8591065292096219,1.0,1.0,3/15,10.12%,PAK3;EPHB1;WASL
prerank,Photoperiodism (GO:0009648),-0.39185207410729544,-0.7319025994976829,0.882636655948553,1.0,1.0,3/23,6.93%,ID2;PPP1CA;RBM4B
prerank,Adenylate Cyclase-Activating G Protein-Coupled Receptor Signaling Pathway (GO:0007189),-0.3089050935133508,-0.731869239267064,0.9973118279569892,1.0,1.0,10/100,13.77%,ADCY2;ADCY6;ADGRL2;ADGRB1;ADCY9;ADGRG2;ADGRE2;RAPGEF2;ADGRB3;ADCY8
prerank,Aorta Morphogenesis (GO:0035909),0.40176287967691743,0.7317573690127567,0.8759305210918115,1.0,1.0,4/16,11.59%,JAG1;PROX1;ADAMTS9;TGFBR2
prerank,Positive Regulation Of Cellular Metabolic Process (GO:0031325),0.30776600978628044,0.7316605248183248,0.9968354430379747,1.0,1.0,4/53,3.16%,MAPK14;IFNLR1;ZC3H12A;ROMO1
prerank,Skin Development (GO:0043588),-0.3349602743114148,-0.7315220087442063,0.9556509298998569,1.0,1.0,8/58,14.32%,COL5A2;COL5A1;PIP5K1A;PPP3CA;ITGA6;ITGB4;ANXA1;BCR
prerank,Nucleoside Phosphate Catabolic Process (GO:1901292),-0.4618967041004209,-0.7314685075939552,0.8351648351648352,1.0,1.0,2/10,12.18%,ENTPD1;ENTPD3
prerank,Positive Regulation Of Reactive Oxygen Species Metabolic Process (GO:2000379),-0.3457690568521614,-0.7311051173917976,0.9363354037267081,1.0,1.0,18/43,22.34%,SOD1;CDKN1A;RAB27A;ADGRB1;GRB2;CBR1;CYBA;TYROBP;PID1;CLEC7A;MAPT;ITGAM;ITGB2;GRIN1;AGT;RIPK1;PLCG2;RNF41
prerank,Microtubule Anchoring At Microtubule Organizing Center (GO:0072393),-0.4400446123673645,-0.7310368654291833,0.852233676975945,1.0,1.0,4/12,6.66%,MAP1S;BICD1;NINL;NIN
prerank,Monocyte Differentiation (GO:0030224),-0.4599261534025395,-0.7306261824561315,0.8169491525423729,1.0,1.0,4/10,20.49%,MT1G;PIR;MYH9;PPARG
prerank,Autophagosome Assembly (GO:0000045),-0.3335472563723231,-0.7304202069026269,0.961864406779661,1.0,1.0,20/60,18.54%,EMC6;TOM1;MAP1LC3A;ARFIP2;RAB7A;ATP2A2;ATG5;RAB23;GABARAPL1;RAB35;NSFL1C;UBQLN2;WDR45B;ATG7;BECN1;ATG2A;UBXN2A;GABARAPL2;UBXN2B;ATG16L1
prerank,Renal Absorption (GO:0070293),-0.4050945175918676,-0.7303431472501513,0.8934010152284264,1.0,1.0,2/18,8.52%,HBB;MAGED2
prerank,Exonucleolytic Catabolism Of Deadenylated mRNA (GO:0043928),-0.4567728689359032,-0.7302747038854378,0.8249566724436742,1.0,1.0,3/11,7.17%,DIS3;EXOSC8;CNOT8
prerank,Extrinsic Apoptotic Signaling Pathway Via Death Domain Receptors (GO:0008625),0.35153078372649244,0.7301816488824906,0.9545454545454546,1.0,1.0,12/27,17.16%,SORT1;CASP8AP2;BCL2;CASP8;GABARAP;CRADD;DEDD;BAX;CASP10;DELE1;SPI1;TNFRSF10B
prerank,Notch Signaling Involved In Heart Development (GO:0061314),0.4424600838786795,0.7300321649677628,0.806930693069307,1.0,1.0,2/10,8.59%,JAG1;GALNT11
prerank,Fatty Acid Beta-Oxidation Using acyl-CoA Dehydrogenase (GO:0033539),0.44193057107643774,0.7299433013050549,0.82,1.0,1.0,4/10,10.63%,ACADS;IVD;GCDH;ACADM
prerank,Positive Regulation Of RNA Splicing (GO:0033120),0.3452340417331532,0.7298891724206105,0.9396551724137931,1.0,1.0,4/30,3.93%,SLC38A2;DYRK1A;RBMX;CLNS1A
prerank,Negative Regulation Of Autophagosome Assembly (GO:1902902),0.4520124365568689,0.7290207490676931,0.8282051282051283,1.0,1.0,5/10,16.88%,MTM1;SEC22B;SCFD1;LRRK2;NUPR1
prerank,RNA Splicing (GO:0008380),-0.31399633850689784,-0.7288965438533717,0.988031914893617,1.0,1.0,23/95,14.01%,SNRPD3;SNRPB;SNRPD2;SNRPD1;USB1;PPARGC1A;SRPK1;RNPS1;SNRPA1;SNRPN;U2AF1;CELF3;SMU1;LSM1;MPHOSPH10;SNRNP35;PPP2R1A;SF3A3;TXNL4A;SNRPG;FUS;CCAR2;ZMAT5
prerank,Negative Regulation Of Hippo Signaling (GO:0035331),-0.4423008145278305,-0.7288152738274362,0.8445945945945946,1.0,1.0,6/12,12.70%,MARK3;CIT;SHANK2;WWC1;WWC2;VGLL4
prerank,Regulation Of Signal Transduction By P53 Class Mediator (GO:1901796),-0.3457697143294847,-0.7288101814585156,0.9532428355957768,1.0,1.0,8/44,11.55%,HEXIM1;PIP4P1;RPF2;RPS20;RPL37;RPL5;MAPKAPK5;KMT5A
prerank,Regulation Of Axon Extension Involved In Axon Guidance (GO:0048841),-0.3836295197007861,-0.7282298340135691,0.8847402597402597,1.0,1.0,4/23,8.28%,NELL1;SEMA3E;SEMA6B;SEMA4B
prerank,Synaptic Membrane Adhesion (GO:0099560),-0.4474898421130379,-0.728200735777947,0.8522522522522522,1.0,1.0,4/12,9.64%,LRRC4B;PTPRS;LRFN5;NTNG1
prerank,Histone mRNA Metabolic Process (GO:0008334),-0.3945413347846721,-0.728184805605971,0.8975609756097561,1.0,1.0,6/22,13.84%,MTPAP;EXOSC4;UPF1;TENT4B;LSM1;LSM10
prerank,Cellular Response To Nutrient Levels (GO:0031669),-0.32370594916905443,-0.7278208408068514,0.9858356940509915,1.0,1.0,26/74,17.67%,PRKAG1;MAP1LC3A;KCNB1;FAM107A;PPARD;STK24;BMPR2;SREBF2;ZFYVE1;PRKAA2;TTC5;XBP1;WDR45B;ATG7;PDK2;PRKAB1;MAPKAP1;MLST8;RIPOR1;TSC1;RRAGD;WRN;OTUD3;LCP1;SFRP1;SIRT1
prerank,Regulation Of Centrosome Cycle (GO:0046605),-0.3932271714298929,-0.7277925409939661,0.9007751937984496,1.0,1.0,3/22,6.22%,NAT10;CHMP2A;CHMP3
prerank,Positive Regulation Of Organelle Organization (GO:0010638),-0.3564751290640983,-0.7274705446045223,0.926829268292683,1.0,1.0,10/33,14.83%,TOM1;SURF4;PPARGC1A;SORBS3;RAB3GAP2;SMCR8;ATL3;ANXA1;LNPK;STX18
prerank,Cytoplasmic Microtubule Organization (GO:0031122),-0.3433897201457854,-0.7271774681471779,0.9602446483180428,1.0,1.0,11/48,13.36%,FSD1;RAB11A;HOOK2;LIMK2;HOOK1;CLIP1;CIB1;STMN3;CEP126;EZR;TUBGCP6
prerank,Monoacylglycerol Metabolic Process (GO:0046462),-0.44110688585011315,-0.7270130585869601,0.8470790378006873,1.0,1.0,1/12,8.08%,FAAH
prerank,Positive Regulation Of Purine Nucleotide Biosynthetic Process (GO:1900373),-0.4480483840547551,-0.7269975749066117,0.8474295190713101,1.0,1.0,6/11,20.58%,PPARGC1A;VCP;TMSB4X;PID1;PINK1;TREM2
prerank,Response To Interleukin-1 (GO:0070555),-0.3240420381758578,-0.7269026444456246,0.972463768115942,1.0,1.0,14/71,17.87%,SIRPA;CD40;PRKCA;UPF1;IGBP1;ANXA1;SRC;APP;RELA;CX3CL1;USP10;SFRP1;CACTIN;NR1D1
prerank,Steroid Catabolic Process (GO:0006706),0.45158637043542516,0.7268364241171215,0.8220140515222483,1.0,1.0,4/10,11.41%,FGF23;HSD11B1;HSD17B6;HSD17B11
prerank,"Nuclear-Transcribed mRNA Catabolic Process, Nonsense-Mediated Decay (GO:0000184)",-0.3796318530431473,-0.7267778898407591,0.8956661316211878,1.0,1.0,12/25,20.96%,SMG9;SMG6;RNPS1;UPF1;EIF3E;SMG5;GSPT1;EIF4A3;PNRC1;MAGOHB;DHX34;NCBP1
prerank,Regulation Of Vascular Endothelial Cell Proliferation (GO:1905562),0.3940061925366279,0.7264742565060458,0.8621553884711779,1.0,1.0,2/17,2.50%,PDPK1;AKT3
prerank,Response To Nitric Oxide (GO:0071731),0.44730554028333214,0.7263195754179782,0.8333333333333334,1.0,1.0,3/10,4.87%,FOXO1;EGLN1;MTR
prerank,Cellular Response To Glucocorticoid Stimulus (GO:0071385),-0.4356312701538901,-0.7263118169284485,0.8566493955094991,1.0,1.0,4/14,8.54%,BCL2L11;FAM107A;UBE2L3;ZFP36
prerank,B Cell Activation Involved In Immune Response (GO:0002312),-0.4387708366499277,-0.7262957711249356,0.8364565587734242,1.0,1.0,4/11,18.81%,MSH2;RNF168;RNF8;MSH6
prerank,Positive Regulation Of Leukocyte Mediated Cytotoxicity (GO:0001912),-0.35092784362431084,-0.7258987159829683,0.9497645211930926,1.0,1.0,12/40,19.65%,HLA-C;NECTIN2;LAMP1;UXT;KLRD1;RASGRP1;HLA-DRB1;HLA-DRA;TYROBP;ITGAM;HLA-E;FADD
prerank,Mitochondrial DNA Metabolic Process (GO:0032042),0.41537819581539265,0.7254632859254696,0.8529411764705882,1.0,1.0,7/13,16.02%,POLG;RRM2B;RRM1;POLG2;PRIMPOL;LONP1;PARP1
prerank,Chondrocyte Differentiation (GO:0002062),0.35392158786342187,0.7253617315494534,0.9297752808988764,1.0,1.0,8/27,16.16%,WNT10B;WNT5B;FGFR3;OXSR1;SCX;SULF1;NFIB;CREB3L2
prerank,Positive Regulation Of Receptor Signaling Pathway Via JAK-STAT (GO:0046427),-0.3730868660272349,-0.7252776542615501,0.9090909090909091,1.0,1.0,4/29,15.84%,CAMK2A;CENPJ;PIBF1;OCIAD1
prerank,Entrainment Of Circadian Clock By Photoperiod (GO:0043153),-0.3932078112393962,-0.7251601444509703,0.8852459016393442,1.0,1.0,3/22,6.93%,ID2;PPP1CA;RBM4B
prerank,Positive Regulation Of Response To Endoplasmic Reticulum Stress (GO:1905898),-0.4046762376470372,-0.7251007961314694,0.873581847649919,1.0,1.0,7/18,15.54%,BCL2L11;DDIT3;RNFT1;ERN1;XBP1;TMEM259;NCK2
prerank,Bone Development (GO:0060348),-0.35920761337460483,-0.7249030495476693,0.9442675159235668,1.0,1.0,6/35,16.61%,SKI;PPIB;DYM;RPL13;SBDS;SH3PXD2B
prerank,Positive Regulation Of DNA-templated Transcription Initiation (GO:2000144),-0.3348529662982516,-0.7248980071133113,0.9568965517241379,1.0,1.0,18/53,15.43%,JUN;MED21;TBP;DHX36;MED29;PAXIP1;SRF;MED11;MED27;TAF4B;MED14;MED31;ZNHIT1;MED10;MED6;MED23;MED28;MDC1
prerank,Regulation Of Fibroblast Growth Factor Receptor Signaling Pathway (GO:0040036),-0.404833746495574,-0.7248429347580061,0.8578431372549019,1.0,1.0,3/18,16.38%,GPC1;PRKD2;NPTN
prerank,Cholesterol Biosynthetic Process (GO:0006695),0.34363751240066476,0.7247635040246408,0.9421965317919075,1.0,1.0,7/25,12.82%,PLPP6;INSIG2;FDFT1;INSIG1;LSS;MVK;DHCR24
prerank,Establishment Of Protein Localization To Vacuole (GO:0072666),0.34504667231436525,0.724209353648679,0.9575070821529745,1.0,1.0,8/27,8.79%,VPS41;MVB12A;VPS8;TSG101;STAM;SNF8;VPS13A;STAM2
prerank,Regulation Of Endothelial Cell Apoptotic Process (GO:2000351),-0.3598606955893991,-0.7240332761382398,0.9421875,1.0,1.0,7/35,17.08%,PRKCI;CD40;PLCG1;KRIT1;TNIP2;ICAM1;RGCC
prerank,Regulation Of Transcription Involved In G1/S Transition Of Mitotic Cell Cycle (GO:0000083),-0.3994179961256448,-0.7238166155870801,0.8872549019607843,1.0,1.0,5/19,12.45%,ID2;CDK16;ESRRB;CDK14;CDK5
prerank,Negative Regulation Of Protein Localization To Plasma Membrane (GO:1903077),0.38306801848780786,0.723636765966851,0.8787878787878788,1.0,1.0,5/19,9.25%,PICALM;PKDCC;DAB2;CSK;NUMB
prerank,Endosome Transport Via Multivesicular Body Sorting Pathway (GO:0032509),-0.3978990258902998,-0.7231795232876564,0.8754208754208754,1.0,1.0,6/20,13.51%,CHMP2A;CHMP3;VCP;CHMP7;UBXN6;TMEM50B
prerank,Regulation Of Epidermal Growth Factor-Activated Receptor Activity (GO:0007176),-0.3683443689611994,-0.7230934966461878,0.9177631578947368,1.0,1.0,6/26,15.66%,FBXW7;SOCS6;APP;TGFA;NCK2;NCF1
prerank,Positive Regulation Of Notch Signaling Pathway (GO:0045747),-0.3728551065687926,-0.7227393095243848,0.9131886477462438,1.0,1.0,6/27,12.66%,PRKCI;NEPRO;ITGB1BP1;TM2D3;ROBO2;SRC
prerank,Regulation Of Receptor Internalization (GO:0002090),-0.359818540959323,-0.722604665265568,0.9119010819165378,1.0,1.0,3/33,5.84%,LRPAP1;ANKRD13A;FLOT1
prerank,Regulation Of Synapse Maturation (GO:0090128),-0.46272742840860503,-0.7226026914528368,0.8465430016863407,1.0,1.0,2/10,2.60%,YWHAZ;NEUROD2
prerank,Inositol Phosphate Biosynthetic Process (GO:0032958),0.4475492836187126,0.7225808221589729,0.8280871670702179,1.0,1.0,3/10,0.98%,IP6K2;ITPKC;IPMK
prerank,Negative Regulation Of Oxidative Stress-Induced Cell Death (GO:1903202),-0.3779376115842114,-0.7221153378554428,0.9083850931677019,1.0,1.0,9/22,19.65%,PARK7;TXN;ATF4;FBXO7;SIRT1;HSPB1;PPIA;GPR37L1;PINK1
prerank,Regulation Of Telomerase Activity (GO:0051972),-0.345931112503358,-0.7220524142288101,0.9515625,1.0,1.0,15/44,13.42%,PARM1;DKC1;SMG6;MAP2K7;CCT2;TNIP1;PRKCQ;MAPKAPK5;HSP90AA1;ERCC4;HSP90AB1;XRCC5;PKIB;SRC;PARN
prerank,Embryonic Skeletal System Morphogenesis (GO:0048704),-0.3974762959331031,-0.7219278190167847,0.8757961783439491,1.0,1.0,1/18,3.60%,TGFBR1
prerank,Regulation Of Mitotic Cell Cycle Spindle Assembly Checkpoint (GO:0090266),-0.40643085533834267,-0.7217435389597295,0.8737704918032787,1.0,1.0,2/17,12.84%,MAD1L1;DYNC1LI1
prerank,Cellular Response To Glucose Starvation (GO:0042149),-0.35074397244659383,-0.7216639459357911,0.9330357142857143,1.0,1.0,10/38,11.90%,TBL2;EIF2AK3;ITFG2;KAT5;HSPA5;ATF4;PRKAA2;SESN2;XBP1;RRP8
prerank,Cardiocyte Differentiation (GO:0035051),-0.4343375880369872,-0.7210801929107268,0.8707964601769912,1.0,1.0,3/13,12.80%,SIRT6;NRG1;CBY1
prerank,Positive Regulation Of Endopeptidase Activity (GO:0010950),-0.3821613864932807,-0.7206029587027154,0.9016641452344932,1.0,1.0,9/25,17.19%,PRELID1;GRIN2B;EPHA4;PSME1;LYN;CR1;APH1B;EFNA3;VSIR
prerank,Cellular Response To Alcohol (GO:0097306),-0.3380541291021164,-0.7201776885442027,0.9585798816568047,1.0,1.0,14/49,19.33%,ADCY2;ADCY6;LRP6;GRAMD1A;SPHK2;GLRA2;CFTR;ADCY8;CTNNA1;GRAMD1C;ADCY1;SFRP1;LARP1;GNB1
prerank,Positive Regulation Of Non-Canonical Wnt Signaling Pathway (GO:2000052),0.4333388013978201,0.7197360067440209,0.8308823529411765,1.0,1.0,2/10,8.31%,DAB2;WNT5B
prerank,Regulation Of Plasminogen Activation (GO:0010755),-0.41200580097525286,-0.7195565504785206,0.8782161234991424,1.0,1.0,5/15,18.84%,ENO1;SERPINE2;CTSZ;SERPINF2;PLAUR
prerank,Diterpenoid Metabolic Process (GO:0016101),-0.36620315591252683,-0.7195217419221547,0.9190031152647975,1.0,1.0,5/27,21.03%,RDH11;PLB1;ALDH3A2;ALDH1A1;PECR
prerank,Positive Regulation Of Chromosome Segregation (GO:0051984),0.3769836418955332,0.719513653698946,0.889763779527559,1.0,1.0,8/18,20.94%,SMC5;NCAPD2;RCC2;SMC6;NCAPD3;NUMA1;NCAPG2;NCAPH2
prerank,Negative Regulation Of Proteasomal Ubiquitin-Dependent Protein Catabolic Process (GO:0032435),-0.3625288815900667,-0.719463443088545,0.9432515337423313,1.0,1.0,11/31,17.31%,PARK7;SGTA;UCHL5;UBXN1;HSP90AB1;CCAR2;DDRGK1;USP14;CAMLG;RPL11;SVIP
prerank,Pattern Recognition Receptor Signaling Pathway (GO:0002221),-0.33397289739870617,-0.7191494538586654,0.9648609077598829,1.0,1.0,18/50,23.37%,CD14;TLR7;TICAM1;CTSS;ALPK1;MAPKAPK3;TLR5;TRIM25;NLRP3;TLR10;NLRP1;PYCARD;IRAK4;PLCG2;NOD1;CASP1;TBK1;MAVS
prerank,Embryonic Heart Tube Morphogenesis (GO:0003143),0.3229916586254691,0.7186558597965146,0.9822485207100592,1.0,1.0,6/37,16.11%,CCDC40;SETDB2;DVL1;TGFBR2;MEGF8;MKKS
prerank,Negative Regulation Of Cartilage Development (GO:0061037),0.4234620512732848,0.7186489434425928,0.8623188405797102,1.0,1.0,1/12,1.56%,CHADL
prerank,"Positive Regulation Of Protein Localization To Chromosome, Telomeric Region (GO:1904816)",-0.44668782709873145,-0.7185985544210509,0.8424778761061947,1.0,1.0,7/11,18.83%,CCT5;DKC1;GNL3;GNL3L;CCT3;CCT7;CCT6A
prerank,Regulation Of Monocyte Chemotactic Protein-1 Production (GO:0071637),-0.4563878673341697,-0.7184234992104064,0.8400702987697716,1.0,1.0,6/10,23.93%,CLEC7A;LGALS9;OAS3;OAS1;APOD;CD84
prerank,Nucleotide-Binding Oligomerization Domain Containing Signaling Pathway (GO:0070423),0.4256530293974784,0.7181957081259764,0.8450704225352113,1.0,1.0,4/11,17.18%,OTULIN;MAP3K7;MAP2K6;RIPK2
prerank,Response To Purine-Containing Compound (GO:0014074),-0.3805474285615857,-0.71727804879696,0.9042016806722689,1.0,1.0,5/23,16.32%,TLR7;CLU;ADORA1;P2RX4;RYR2
prerank,Mitotic intra-S DNA Damage Checkpoint Signaling (GO:0031573),-0.43221117040246215,-0.7168433448864471,0.8787878787878788,1.0,1.0,2/13,4.76%,NEK11;FANCD2
prerank,Positive Regulation Of Response To Cytokine Stimulus (GO:0060760),-0.44237183168485233,-0.7167384997846651,0.87248322147651,1.0,1.0,2/11,7.70%,AGPAT2;IL7
prerank,T Cell Proliferation (GO:0042098),-0.421281656560408,-0.7166896711064003,0.8697123519458545,1.0,1.0,5/14,14.23%,SLC11A1;MSN;PPP3CB;RASGRP1;CTPS1
prerank,Regulation Of Dendritic Spine Development (GO:0060998),0.3656263199250806,0.7166728669655408,0.9191374663072777,1.0,1.0,7/20,17.31%,ARF6;TANC2;CPEB3;CAMK1;SHANK3;PSEN1;NLGN1
prerank,Pulmonary Valve Morphogenesis (GO:0003184),0.3770935741628999,0.7166461551163567,0.9116883116883117,1.0,1.0,6/18,20.16%,TGFB2;JAG1;SLIT2;SMAD6;ROBO1;NOTCH1
prerank,Intracellular Steroid Hormone Receptor Signaling Pathway (GO:0030518),-0.3459377028757633,-0.7164866946223096,0.945141065830721,1.0,1.0,10/35,15.79%,UBE3A;TMF1;NCOA4;PLPP1;TADA3;ESR2;ESR1;SRC;TRIP4;TRERF1
prerank,Positive Regulation Of Homotypic Cell-Cell Adhesion (GO:0034112),0.3965628777672021,0.7164531501057908,0.8853658536585366,1.0,1.0,2/15,7.00%,IL6ST;MMRN1
prerank,Relaxation Of Muscle (GO:0090075),0.4215629877808943,0.7162858206362727,0.8470588235294118,1.0,1.0,7/12,17.93%,PIK3CA;KCNJ2;GSN;ATP2A1;CAMK2D;RGS2;SLC8A1
prerank,Artery Development (GO:0060840),-0.3828683836935647,-0.7160890953781264,0.8992,1.0,1.0,4/21,11.46%,NELL1;TGFBR1;BMPR2;ROBO2
prerank,Heparan Sulfate Proteoglycan Biosynthetic Process (GO:0015012),-0.3828412744898298,-0.7160264593709352,0.8927973199329984,1.0,1.0,7/22,20.44%,HS6ST3;EXT2;NDST3;XYLT1;UGDH;HS2ST1;HS3ST2
prerank,Epithelial Structure Maintenance (GO:0010669),-0.4159385254361628,-0.7159637709340833,0.8835616438356164,1.0,1.0,2/14,9.88%,CXADR;POLR2D
prerank,Regulation Of Cold-Induced Thermogenesis (GO:0120161),-0.29565942148770696,-0.7151607392632038,1.0,1.0,1.0,20/132,12.08%,ACOT13;DOCK7;PTH2R;SIRT6;DDIT3;IL4R;PPARGC1A;ARRDC3;FFAR4;ZBTB7B;CEBPB;IP6K1;UCP2;ACSL1;APLP2;ATF4;RBPJ;LAMA4;CNKSR2;LNPEP
prerank,Regulation Of Programmed Necrotic Cell Death (GO:0062098),0.44668109408537027,0.71510591205422,0.8361858190709046,1.0,1.0,6/10,16.88%,PRKN;CFLAR;CYLD;OGT;PELI1;NUPR1
prerank,tRNA Wobble Base Modification (GO:0002097),-0.41368818998804574,-0.7147966006246205,0.8729372937293729,1.0,1.0,8/15,14.95%,ALKBH1;ELP3;ELP4;CTU1;ELP6;MTO1;TRMT9B;ELP5
prerank,Epiboly Involved In Wound Healing (GO:0090505),0.40354216343788657,0.7147191519612571,0.8717277486910995,1.0,1.0,5/14,16.10%,DDR1;TMEFF2;CD151;TOR1A;RHOC
prerank,Cellular Response To Mechanical Stimulus (GO:0071260),0.3042862300680975,0.7144623348233508,0.9970674486803519,1.0,1.0,16/47,15.79%,CASP2;PTGER4;CASP8AP2;MAP3K1;CASP8;CRADD;AQP1;PIEZO2;MAP3K14;TLR3;MAP3K2;PDE2A;MAPK3;LTBR;MYD88;MAP2K4
prerank,Positive Regulation Of Rho Protein Signal Transduction (GO:0035025),0.3355787042077802,0.7143991366808458,0.95,1.0,1.0,4/30,9.89%,ARHGEF3;AKAP13;LPAR1;P2RY8
prerank,Mitotic Chromosome Condensation (GO:0007076),-0.41141690723328533,-0.7141335015634905,0.8828522920203735,1.0,1.0,4/15,17.17%,SMC2;KMT5A;TTN;TENT4A
prerank,protein-DNA Complex Disassembly (GO:0032986),0.3828879262659164,0.7140602390920027,0.8691358024691358,1.0,1.0,4/16,6.93%,ARID2;SMARCB1;GRWD1;SMARCC2
prerank,Purine Ribonucleoside Triphosphate Metabolic Process (GO:0009205),-0.3530892941368578,-0.7130460419806839,0.9447004608294931,1.0,1.0,11/32,16.78%,ATP1B1;GNAI3;RAB23;OLA1;FIGNL1;RAN;ATP1A2;RHOQ;GIMAP7;BAD;CLPX
prerank,Negative Regulation Of Osteoblast Differentiation (GO:0045668),0.3352354249789573,0.7129531825595524,0.9610778443113772,1.0,1.0,10/32,17.10%,LIMD1;FGF23;HDAC9;MEN1;TMEM64;CDK6;PTCH1;SUFU;SEMA4D;SMAD6
prerank,Polyol Metabolic Process (GO:0019751),-0.406829119428216,-0.7129369662447458,0.8754152823920266,1.0,1.0,5/16,14.73%,IPPK;INPP5B;IP6K1;PPIP5K2;PPIP5K1
prerank,Clathrin Coat Assembly (GO:0048268),0.42054521545533646,0.7127486703378074,0.8631840796019901,1.0,1.0,4/13,6.29%,PICALM;FCHO2;FCHO1;HIP1
prerank,Cellular Response To Hexose Stimulus (GO:0071331),-0.36918929305117365,-0.7125856902988899,0.9145161290322581,1.0,1.0,6/25,11.44%,KCNB1;ZNF236;ERN1;UCP2;PRKAA2;XBP1
prerank,Negative Regulation Of Double-Strand Break Repair Via Homologous Recombination (GO:2000042),0.3753592248861773,0.7125607682714018,0.9063291139240506,1.0,1.0,5/19,13.61%,UBQLN4;SMCHD1;FBH1;PARPBP;FANCB
prerank,Purine Nucleotide Metabolic Process (GO:0006163),-0.3530139278838243,-0.712477357652444,0.9433656957928802,1.0,1.0,10/32,16.66%,MDH1;GUK1;KRT17;IDH1;HPRT1;TP53I3;IDH2;MTHFD1;G6PD;PRPS1
prerank,Negative Regulation Of Interleukin-12 Production (GO:0032695),0.4222102266041766,0.7120317973860371,0.8524590163934426,1.0,1.0,2/12,15.93%,IRAK3;LILRB1
prerank,Negative Regulation Of RNA Splicing (GO:0033119),0.3715804404838305,0.7118144140130415,0.9223057644110275,1.0,1.0,5/19,7.85%,SFSWAP;RBMX;SRSF6;TMBIM6;SRSF12
prerank,"Positive Regulation Of mRNA Splicing, Via Spliceosome (GO:0048026)",-0.40447165716312755,-0.71166021960911,0.8701298701298701,1.0,1.0,9/17,21.48%,WDR77;CELF4;RBM3;CIRBP;PRDX6;NUP98;THRAP3;NCBP1;PRMT5
prerank,Cellular Component Disassembly (GO:0022411),-0.3571844307700556,-0.7115011690286458,0.9445300462249615,1.0,1.0,9/35,22.28%,LAMC1;FLOT1;CTSS;SH3PXD2B;LCP1;KIF9;EXOC8;WASHC1;ADAM15
prerank,Positive Regulation Of Intracellular Transport (GO:0032388),-0.35172577679377415,-0.7112207420248884,0.9512195121951219,1.0,1.0,3/35,4.08%,EIPR1;RAB29;TENM1
prerank,Smooth Muscle Contraction (GO:0006939),-0.42426674021986777,-0.7107389505499271,0.8752136752136752,1.0,1.0,4/13,16.81%,PIK3C2A;APBB1;MYLK;TPCN2
prerank,Stress-Activated MAPK Cascade (GO:0051403),-0.33854181362718205,-0.7106669029712231,0.9671150971599403,1.0,1.0,12/42,14.98%,MAP3K11;MAP3K13;IKBKB;MAP2K7;GPS1;ZFP36;MAP3K20;MAP3K10;TAOK2;MAPK10;MAPK8;SH2D3C
prerank,Cellular Response To Estrogen Stimulus (GO:0071391),-0.4114278113295987,-0.7105962372786598,0.8856655290102389,1.0,1.0,6/15,17.49%,NCOA4;SERPINB9;ESR2;ESR1;TRIM24;SFRP1
prerank,Glutamine Family Amino Acid Biosynthetic Process (GO:0009084),-0.4487033782792212,-0.709966641493712,0.837037037037037,1.0,1.0,2/10,13.37%,GLS;ALDH18A1
prerank,Regulation Of Myotube Differentiation (GO:0010830),0.36999223681533944,0.7097997663735003,0.9209876543209876,1.0,1.0,4/18,9.63%,MAPK14;HDAC1;DMPK;HDAC9
prerank,Regulation Of Mitochondrion Organization (GO:0010821),-0.33854417535284764,-0.709226791214481,0.9583333333333334,1.0,1.0,16/45,20.58%,USP36;FBXW7;PPARGC1A;FIS1;MUL1;SREBF2;DNM1L;MFF;HAX1;PID1;MAPT;GSK3A;VDAC1;PINK1;SFI1;TREM2
prerank,RNA Destabilization (GO:0050779),-0.4001556360742303,-0.7089000779395507,0.913961038961039,1.0,1.0,7/18,16.51%,YTHDF2;METTL3;METTL14;FTO;YTHDF1;YTHDF3;PUM1
prerank,Telomere Capping (GO:0016233),-0.42353118385577204,-0.7087114482642153,0.874326750448833,1.0,1.0,2/13,4.08%,NBN;TENM1
prerank,Steroid Hormone Biosynthetic Process (GO:0120178),-0.40869259986619,-0.7086811380864013,0.888135593220339,1.0,1.0,2/16,3.87%,SRD5A3;SRD5A1
prerank,Regulation Of Cardiac Muscle Hypertrophy (GO:0010611),0.3672135091453047,0.7084804412104896,0.8970588235294118,1.0,1.0,9/21,17.85%,PDE9A;SMAD4;IL6ST;GLRX3;ROCK2;ROCK1;PARP1;CAMK2D;RGS2
prerank,Negative Regulation Of Viral Transcription (GO:0032897),-0.4301277293000788,-0.7083753028249347,0.8812709030100334,1.0,1.0,4/12,10.45%,TRIM27;ZFP36;IFITM3;UBP1
prerank,Regulation Of Small Molecule Metabolic Process (GO:0062012),-0.3410218106577929,-0.7083256747294957,0.9678407350689127,1.0,1.0,8/40,10.45%,PRKAG1;FMO5;PANK2;FOXK1;SLC2A6;RORA;ARV1;PGAM1
prerank,Negative Regulation Of Cell Cycle Phase Transition (GO:1901988),-0.4518956664671686,-0.708268628434321,0.8576449912126538,1.0,1.0,5/10,19.14%,SOX2;ATF5;APC;RGCC;ZFP36L1
prerank,Protein Transmembrane Import Into Intracellular Organelle (GO:0044743),-0.3541148905237881,-0.7081994403322982,0.947209653092006,1.0,1.0,8/32,16.01%,TOMM70;TIMM17A;TIMM21;GRPEL1;PEX26;TOMM20;TIMM50;HSPD1
prerank,Positive Regulation Of Phosphate Metabolic Process (GO:0045937),-0.3714569301106497,-0.7081991837442595,0.933115823817292,1.0,1.0,6/27,14.06%,NELL1;KCTD20;ITGA6;SRC;BTBD10;APP
prerank,Regulation Of Lymphocyte Activation (GO:0051249),-0.3994365755669308,-0.7080954326141957,0.9067103109656302,1.0,1.0,5/17,19.83%,PAG1;ORC3;KLRD1;CLEC7A;CD4
prerank,Regulation Of Glucose Transmembrane Transport (GO:0010827),-0.4140303808209314,-0.7077509738604757,0.8803278688524591,1.0,1.0,3/15,13.79%,BRAF;FFAR4;PRKCB
prerank,Organic Hydroxy Compound Biosynthetic Process (GO:1901617),-0.33643747189162565,-0.7076867404769215,0.9709923664122138,1.0,1.0,8/41,13.03%,PARK7;CYP46A1;OSBP;HSD17B10;CH25H;SLC27A5;ABCD3;OSBPL6
prerank,Actin-Myosin Filament Sliding (GO:0033275),-0.4503682070022874,-0.7076305090174074,0.8705281090289608,1.0,1.0,2/10,8.45%,TPM1;MYL6
prerank,Negative Regulation Of Dephosphorylation (GO:0035305),-0.45450532264381094,-0.7075922287865671,0.8752136752136752,1.0,1.0,3/10,10.09%,PPP1R15A;PPP1R8;ENSA
prerank,ncRNA Metabolic Process (GO:0034660),-0.3953041203678379,-0.7073219856697385,0.8848080133555927,1.0,1.0,6/16,17.62%,XPO5;TENT4B;PARN;ZCCHC8;NIFK;MAPT
prerank,Regulation Of Kinase Activity (GO:0043549),-0.3074925346044549,-0.7070846018915204,0.9944444444444445,1.0,1.0,24/82,20.58%,SOD1;NBN;NTRK3;DDR2;LDB2;MERTK;TSPYL2;CCNYL1;CAMKK2;HLA-DRB1;PLCE1;ROR2;TTN;ZNF16;RB1;VAC14;ROR1;CD74;MAPT;NTRK2;ZNF622;CD4;RBL2;TREM2
prerank,Peptidyl-Tyrosine Dephosphorylation (GO:0035335),-0.3581940496723482,-0.7070458481111037,0.9390625,1.0,1.0,9/28,15.17%,PTPRO;UBASH3B;PTPRS;PTPRT;PTPRR;TNS2;PTPN6;DUSP18;PTPN1
prerank,Negative Regulation Of Macroautophagy (GO:0016242),0.3508668428781683,0.7070387133175338,0.9491525423728814,1.0,1.0,4/22,6.49%,UBQLN4;MTM1;PIK3CA;SEC22B
prerank,Positive Regulation Of Receptor Signaling Pathway Via STAT (GO:1904894),-0.35923067807643067,-0.7066820881586697,0.936,1.0,1.0,1/30,0.63%,CAMK2A
prerank,Keratan Sulfate Biosynthetic Process (GO:0018146),0.39744940847064075,0.7061756220107274,0.9066985645933014,1.0,1.0,5/14,15.96%,SLC35D2;B4GALT4;ST3GAL3;ST3GAL4;CHST1
prerank,Negative Regulation Of Exocytosis (GO:0045920),-0.4475007877965653,-0.7061255946397526,0.8623548922056384,1.0,1.0,4/10,8.67%,WDR41;RAB7A;ATP9A;SMCR8
prerank,Mitochondrial Transcription (GO:0006390),-0.43855021770030267,-0.7060662361716743,0.859271523178808,1.0,1.0,4/11,14.65%,MTERF3;TFB1M;MTERF4;TEFM
prerank,Nucleosome Disassembly (GO:0006337),0.3876274199177788,0.7060126202120506,0.8938271604938272,1.0,1.0,4/15,6.93%,ARID2;SMARCB1;GRWD1;SMARCC2
prerank,Multicellular Organismal-Level Iron Ion Homeostasis (GO:0060586),-0.4281505094085114,-0.706010081590815,0.8849270664505673,1.0,1.0,4/12,16.04%,SLC11A1;TFR2;HAMP;HMOX1
prerank,Intracellular Estrogen Receptor Signaling Pathway (GO:0030520),-0.4190701426561824,-0.7051643311989725,0.8940754039497307,1.0,1.0,5/13,14.54%,NCOA4;TADA3;ESR2;ESR1;TRIP4
prerank,Negative Regulation Of Cell Communication (GO:0010648),-0.38207583150254315,-0.7051011536862951,0.9101307189542484,1.0,1.0,4/21,15.17%,OPRM1;UBASH3B;HSP90AB1;PTPN1
prerank,Triglyceride Homeostasis (GO:0070328),0.35076164899185797,0.7050908525199874,0.947945205479452,1.0,1.0,1/23,0.38%,SCARB1
prerank,Chromosome Condensation (GO:0030261),0.3519897073731447,0.7050746055818414,0.9367088607594937,1.0,1.0,6/21,16.76%,NUSAP1;NCAPD2;AKAP8L;DFFB;AIFM1;NCAPD3
prerank,Regulation Of Cholesterol Biosynthetic Process (GO:0045540),-0.41186674849500093,-0.7049037857376165,0.8983050847457628,1.0,1.0,3/15,9.90%,SOD1;LPCAT3;SREBF2
prerank,Positive Regulation Of Cell Death (GO:0010942),0.31351994915275244,0.7048536775184818,0.9935483870967742,1.0,1.0,8/43,11.78%,FAF1;PICALM;HTATIP2;EFNB2;SNCA;REST;WNT5A;EIF4G1
prerank,Mast Cell Mediated Immunity (GO:0002448),-0.4452183047775985,-0.704245705626654,0.8704028021015762,1.0,1.0,2/10,11.96%,SERPINB9;S100A13
prerank,Negative Regulation Of Viral Life Cycle (GO:1903901),-0.39490323300989083,-0.703803563336971,0.8993506493506493,1.0,1.0,4/17,10.19%,LY6E;IFITM2;IFITM3;BST2
prerank,rRNA Transcription (GO:0009303),0.3859451904861282,0.7031532067422795,0.9086294416243654,1.0,1.0,4/15,8.11%,SIRT7;TAF1B;POLR1E;GTF3C3
prerank,Regulation Of Establishment Of Planar Polarity (GO:0090175),0.34421357340715086,0.7030038441077404,0.9616438356164384,1.0,1.0,5/28,9.22%,TIAM1;DACT1;CDC42;DVL1;WNT5A
prerank,Organophosphate Ester Transport (GO:0015748),-0.37116818076998015,-0.7029942814242615,0.9226973684210527,1.0,1.0,5/25,7.95%,PITPNC1;PRELID1;PITPNA;VAPA;OSBP
prerank,Regulation Of Telomere Maintenance Via Telomerase (GO:0032210),-0.32979188888109157,-0.702968912236087,0.9782608695652174,1.0,1.0,16/50,14.25%,CCT5;NAT10;TENM1;SMG6;MAP2K7;CCT2;TNIP1;PRKCQ;MAPKAPK5;TENT4B;ATR;XRCC5;PKIB;SRC;PARN;SMG5
prerank,Regulation Of Interleukin-10 Production (GO:0032653),-0.33570542485822547,-0.7027920805928083,0.9623493975903614,1.0,1.0,12/40,22.24%,TNFRSF21;ISG15;HLA-DRB1;PIBF1;HSPD1;TYROBP;VSIR;CLEC7A;LGALS9;PDCD1LG2;PYCARD;PLCG2
prerank,Response To Nutrient Levels (GO:0031667),-0.35954501203168837,-0.7027360615374801,0.9548494983277592,1.0,1.0,9/27,17.14%,PRKAG1;KCNB1;FAM107A;PPARD;PRKAA2;PRKAB1;MAPKAP1;MLST8;OTUD3
prerank,Positive Regulation Of Epidermal Growth Factor Receptor Signaling Pathway (GO:0045742),-0.3462429551664797,-0.7023401857807854,0.9655172413793104,1.0,1.0,10/32,20.08%,FBXW7;RALA;DGKD;AFAP1L2;TGFA;NCF1;CNOT9;PLAUR;APEX1;NEU3
prerank,Body Fluid Secretion (GO:0007589),-0.43044665783649205,-0.7022420769168771,0.8763837638376384,1.0,1.0,1/11,6.35%,ZBTB7B
prerank,Negative Regulation Of NLRP3 Inflammasome Complex Assembly (GO:1900226),-0.435073156569042,-0.7017075878320839,0.8747855917667239,1.0,1.0,5/11,24.72%,FBXL2;TREM2;HSPA8;CSNK1A1;CPTP
prerank,Cell Surface Receptor Signaling Pathway Involved In Cell-Cell Signaling (GO:1905114),0.34007342385035055,0.7013682925476012,0.9603174603174603,1.0,1.0,7/27,16.36%,STRN;P2RX7;NXN;WNT5A;FERMT2;FZD2;CELSR2
prerank,Positive Regulation Of ATP-dependent Activity (GO:0032781),-0.3436200734761001,-0.7013059656870491,0.9356814701378254,1.0,1.0,14/38,19.44%,ATP1B1;MSH3;TPM1;CHTOP;TOR1AIP2;MSH2;DNAJB2;RYR2;DNAJC9;GABARAPL2;DNAJB1;MSH6;SSBP1;DNAJC10
prerank,Central Nervous System Myelination (GO:0022010),-0.43139613343090194,-0.7012016464240326,0.8788870703764321,1.0,1.0,3/11,15.05%,CNTNAP1;CLU;B4GALT5
prerank,Regulation Of Receptor Signaling Pathway Via STAT (GO:1904892),0.37320721229848935,0.7009631277658859,0.9088607594936708,1.0,1.0,1/16,3.07%,TP53INP2
prerank,Early Endosome To Late Endosome Transport (GO:0045022),0.3591592991010528,0.7008646697916323,0.9330024813895782,1.0,1.0,7/22,10.84%,WDR81;WDR91;PIK3C3;HOOK3;SNF8;STX8;ANKRD27
prerank,Regulation Of B Cell Receptor Signaling Pathway (GO:0050855),-0.4063959173449967,-0.700790682357136,0.8927973199329984,1.0,1.0,5/15,13.79%,CD300A;SLC39A10;LYN;UXT;PRKCB
prerank,Positive Regulation Of Protein Export From Nucleus (GO:0046827),-0.42262639233215404,-0.7007677399186895,0.8811544991511036,1.0,1.0,4/12,13.39%,SIRT6;XPO4;EMD;YWHAE
prerank,Negative Regulation Of NF-kappaB Transcription Factor Activity (GO:0032088),-0.30901236168781593,-0.7005503162669159,0.99721059972106,1.0,1.0,12/76,10.60%,COMMD1;NFKBIL1;PSMD10;DDIT3;UFL1;ANXA4;TCEAL7;CCDC22;CD200;CDKN2A;TMSB4X;ITCH
prerank,Left/Right Pattern Formation (GO:0060972),0.3513424650051044,0.700120986200625,0.9402597402597402,1.0,1.0,8/23,20.16%,SETDB2;GALNT11;DNAAF4;DNAH11;MEGF8;MKKS;PKD2;NOTCH1
prerank,Negative Regulation Of Response To Endoplasmic Reticulum Stress (GO:1903573),0.35399413454250356,0.6998825483774179,0.9353099730458221,1.0,1.0,6/24,7.13%,PRKN;CREB3;NR1H2;WFS1;TMBIM6;AQP11
prerank,Porphyrin-Containing Compound Biosynthetic Process (GO:0006779),-0.37503790285724625,-0.6998754245186734,0.9341894060995185,1.0,1.0,10/20,19.23%,HMBS;RSAD1;ATP5IF1;ALAS1;SUCLA2;FLVCR1;COX15;ALAD;COX10;NFE2L1
prerank,Non-Canonical Wnt Signaling Pathway (GO:0035567),-0.33836270796104506,-0.699693903390916,0.9737654320987654,1.0,1.0,9/41,17.49%,CELSR3;FZD6;PRICKLE2;PRICKLE1;GPI;RAC1;FZD3;DAAM1;SFRP1
prerank,Regulation Of Anoikis (GO:2000209),-0.3842514158551716,-0.699491881279322,0.9296740994854202,1.0,1.0,4/19,12.66%,PTRH2;ITGB1;ITGA5;SRC
prerank,Regulation Of Interleukin-13 Production (GO:0032656),0.4105726760515383,0.6994008692123894,0.8795180722891566,1.0,1.0,1/12,1.06%,PRKCZ
prerank,Positive Regulation Of Wound Healing (GO:0090303),-0.3412134213057087,-0.6990220343010545,0.9536,1.0,1.0,8/38,17.32%,ITGB1;ENPP4;HRAS;MYLK;XBP1;ANXA1;DMTN;CLEC7A
prerank,Negative Regulation Of DNA Recombination (GO:0045910),-0.3624142420804226,-0.6987100518226382,0.9533011272141707,1.0,1.0,8/27,11.90%,MSH3;KAT5;TRAPPC13;SHLD2;ZRANB3;SHLD1;KMT5A;MSH2
prerank,Positive Regulation Of Leukocyte Proliferation (GO:0070665),-0.39901902209477835,-0.6986908735197657,0.9113712374581939,1.0,1.0,2/15,11.14%,LYN;IL34
prerank,Response To Cadmium Ion (GO:0046686),-0.3745105155289439,-0.6985302201443205,0.9161290322580645,1.0,1.0,7/21,17.22%,JUN;MT1X;MT1G;MAPK8;NCF1;SUMO1;MT1F
prerank,Antibacterial Humoral Response (GO:0019731),-0.361619998724072,-0.6984399137846858,0.9370967741935484,1.0,1.0,1/26,5.45%,FAU
prerank,Negative Regulation Of Immune Effector Process (GO:0002698),-0.4194557922265344,-0.698346483560624,0.8679245283018868,1.0,1.0,3/13,11.07%,CD300A;GRN;CR1
prerank,Negative Regulation Of Striated Muscle Cell Differentiation (GO:0051154),-0.4188982809262603,-0.6982368459424344,0.8724489795918368,1.0,1.0,6/13,23.36%,XBP1;GSK3A;BHLHE41;HDAC3;SOX6;TMEM119
prerank,Plasma Membrane Invagination (GO:0099024),0.35113283042729215,0.6981755929603405,0.9671232876712329,1.0,1.0,8/25,15.47%,ELMO1;ARHGAP12;CDC42;GSN;HAVCR1;SPIRE1;VAMP7;SNX9
prerank,Negative Regulation Of Axon Extension Involved In Axon Guidance (GO:0048843),0.36061083868451194,0.6978806129052723,0.9256410256410257,1.0,1.0,2/19,2.87%,SEMA3D;SEMA3C
prerank,Cytoplasmic Sequestering Of Transcription Factor (GO:0042994),0.4051549395875251,0.697084424086383,0.868421052631579,1.0,1.0,3/13,9.41%,FAF1;NFKBIA;KEAP1
prerank,Regulation Of Platelet-Derived Growth Factor Receptor Signaling Pathway (GO:0010640),0.3997985613543924,0.6970517108541088,0.89,1.0,1.0,3/12,8.65%,CBL;SNCA;SLC9A3R1
prerank,Peptidyl-Tyrosine Modification (GO:0018212),-0.321161588077453,-0.696931607858946,0.9895522388059701,1.0,1.0,11/53,15.82%,ABI3;EPHA4;DDR2;LYN;FES;PTPN6;CLK2;SRC;TPST1;ABL2;HCK
prerank,Barbed-End Actin Filament Capping (GO:0051016),0.37427238166405175,0.6968607124375101,0.9251870324189526,1.0,1.0,6/17,8.95%,TWF1;VILL;GSN;FLII;CAPG;ADD3
prerank,Actin Filament Capping (GO:0051693),0.37427238166405175,0.6968607124375101,0.9251870324189526,1.0,1.0,6/17,8.95%,TWF1;VILL;GSN;FLII;CAPG;ADD3
prerank,Heparan Sulfate Proteoglycan Metabolic Process (GO:0030201),0.41719213478274814,0.6968155075700415,0.9014423076923077,1.0,1.0,3/12,11.97%,HS3ST4;HS6ST1;SULF1
prerank,Keratan Sulfate Metabolic Process (GO:0042339),-0.4033810523183649,-0.696402029805398,0.899488926746167,1.0,1.0,5/16,12.83%,GNS;ST3GAL1;B4GAT1;ST3GAL2;ST3GAL6
prerank,"Regulation Of CD4-positive, Alpha-Beta T Cell Differentiation (GO:0043370)",-0.4316495511829314,-0.6962084523380808,0.8900523560209425,1.0,1.0,3/11,15.52%,ZBTB7B;HLA-DRB1;HLA-DRA
prerank,Response To Iron Ion (GO:0010039),0.41985112184772233,0.6959459225971624,0.8634146341463415,1.0,1.0,3/11,13.41%,BCL2;SNCA;HFE
prerank,Vesicle-Mediated Transport Between Endosomal Compartments (GO:0098927),0.35354784552520574,0.695714387968822,0.9465648854961832,1.0,1.0,7/23,10.84%,WDR81;WDR91;PIK3C3;HOOK3;SNF8;STX8;ANKRD27
prerank,Steroid Hormone Mediated Signaling Pathway (GO:0043401),-0.43600820696934683,-0.6956280315523985,0.8807017543859649,1.0,1.0,2/10,11.72%,PLPP1;ESR1
prerank,Translesion Synthesis (GO:0019985),-0.37282958665817595,-0.6955840545348676,0.9200626959247649,1.0,1.0,10/23,17.17%,POLH;VCP;POLE2;POLN;RCHY1;USP43;PCNA;REV1;USP10;TENT4A
prerank,Receptor Signaling Pathway Via STAT (GO:0097696),0.3429660483492681,0.695366665839757,0.9796437659033079,1.0,1.0,12/26,19.48%,GHR;STAT6;TYK2;STAT1;STAT3;STAT2;PIAS1;CSF2RB;JAK2;CSF2RA;PKD2;IFNAR1
prerank,C-terminal Protein Amino Acid Modification (GO:0018410),-0.4309141940841444,-0.6948920249925682,0.8769771528998243,1.0,1.0,2/11,6.30%,AGBL4;ATG5
prerank,Positive Regulation Of Establishment Of Protein Localization (GO:1904951),0.3730484604622286,0.6948886674616646,0.9088729016786571,1.0,1.0,5/18,7.15%,WRAP53;CEP135;CEP120;CCT8;CHP1
prerank,Regulation Of Defense Response To Virus (GO:0050688),-0.3955381008022734,-0.6948625030502421,0.9054982817869416,1.0,1.0,6/16,14.15%,ZMPSTE24;RNF26;ATG5;ITCH;C1QBP;RNF216
prerank,Cellular Response To Glucose Stimulus (GO:0071333),-0.34620172295221935,-0.6944971205244663,0.9553846153846154,1.0,1.0,8/32,13.56%,KCNB1;ZNF236;ERN1;PTPRN2;UCP2;PRKAA2;XBP1;AGER
prerank,Negative Regulation Of I-kappaB kinase/NF-kappaB Signaling (GO:0043124),-0.33143780787784094,-0.694128372117194,0.9814814814814815,1.0,1.0,13/42,18.49%,RIOK3;CARD19;TNIP1;RORA;CCDC22;ESR1;USP20;USP10;SIRT1;CACTIN;NR1D1;RHOH;PPM1A
prerank,Positive Regulation Of miRNA Metabolic Process (GO:2000630),-0.32789775385886516,-0.6940668468378073,0.9826338639652678,1.0,1.0,8/45,10.96%,JUN;ATOH8;SMAD3;PNPT1;HRAS;SRF;ETS1;GNL3
prerank,Positive Regulation Of Histone Acetylation (GO:0035066),-0.4161244773549355,-0.6938648095823192,0.8875838926174496,1.0,1.0,3/13,5.99%,SMARCA5;DDX21;PPARGC1A
prerank,Fatty Acid Derivative Biosynthetic Process (GO:1901570),-0.37162406433501094,-0.693619337179754,0.9320695102685624,1.0,1.0,4/22,11.81%,PAM;HMGCL;FAR2;SLC27A5
prerank,Positive Regulation Of Interferon-Alpha Production (GO:0032727),-0.38105938153817864,-0.6934756688720319,0.9326923076923077,1.0,1.0,6/19,16.89%,TLR7;DHX36;DDX3X;IRF7;HSPD1;SETD2
prerank,Response To Peptide (GO:1901652),-0.3439363651515563,-0.693358706163346,0.9613003095975232,1.0,1.0,7/32,15.81%,STAT4;EIF2B4;CACNA1B;CHRNA7;ANXA1;EIF2B3;PRNP
prerank,Regulation Of Cellular Ketone Metabolic Process (GO:0010565),-0.42182604093711973,-0.6933277019422022,0.9101899827288429,1.0,1.0,2/12,4.50%,PANK2;SIRT5
prerank,Actin Crosslink Formation (GO:0051764),-0.4248503059300839,-0.6931821124764962,0.8774422735346359,1.0,1.0,5/11,18.32%,BAIAP2L1;BAIAP2;GAS2;LCP1;FLNA
prerank,Negative Regulation By Host Of Viral Transcription (GO:0043922),-0.41693260575257174,-0.6921272401015564,0.8799342105263158,1.0,1.0,1/12,1.27%,JUN
prerank,Transepithelial Transport (GO:0070633),-0.3925815060058327,-0.6913238830954787,0.9009584664536742,1.0,1.0,2/17,8.37%,CXADR;ABCC2
prerank,Ubiquinone Metabolic Process (GO:0006743),-0.4060201302491873,-0.6913138073857592,0.8883161512027491,1.0,1.0,3/14,8.35%,COQ5;UBIAD1;PDSS1
prerank,Regulation Of Mast Cell Degranulation (GO:0043304),-0.4178227946240548,-0.6910930340886952,0.8853288364249579,1.0,1.0,5/12,9.17%,CD300A;LYN;STXBP2;SPHK2;FES
prerank,Membrane Repolarization During Action Potential (GO:0086011),-0.4131599253310383,-0.6908648100502064,0.9104991394148021,1.0,1.0,2/14,13.39%,ATP1B1;YWHAE
prerank,Negative Regulation Of Coagulation (GO:0050819),0.40930545562289267,0.6904914174579297,0.8959810874704491,1.0,1.0,1/12,8.42%,SERPINE1
prerank,Peptidyl-Lysine Trimethylation (GO:0018023),-0.4067295647887283,-0.6901436212652678,0.9075342465753424,1.0,1.0,4/14,18.92%,NFYC;NFYA;SETD2;SETD4
prerank,Regulation Of Lipid Storage (GO:0010883),-0.38118716850551265,-0.6901133914275644,0.9266347687400319,1.0,1.0,8/19,20.49%,FBXW7;FTO;HILPDA;LCP1;VSTM2A;SIRT1;PTPN2;PPARG
prerank,Protein Lipidation (GO:0006497),-0.3157132649488319,-0.6899180861401734,0.9897360703812317,1.0,1.0,13/59,14.24%,DPM2;PGAP2;HHAT;PIGG;PIGO;ATG5;ZDHHC18;ZDHHC6;ZDHHC8;WDR45B;PIGC;ZDHHC5;ATG7
prerank,Regulation Of Neutrophil Chemotaxis (GO:0090022),-0.3645653206126924,-0.6897899603676096,0.9506578947368421,1.0,1.0,5/23,14.57%,MPP1;RAC1;DNM1L;C1QBP;RIPOR2
prerank,Pyrimidine Deoxyribonucleotide Catabolic Process (GO:0009223),-0.4152408349496405,-0.689653039655765,0.9195979899497487,1.0,1.0,5/12,17.30%,DUT;NTHL1;UPP2;NEIL2;MBD4
prerank,Positive Regulation Of Nuclear Division (GO:0051785),-0.36266429228833374,-0.6894514165757525,0.943127962085308,1.0,1.0,1/23,0.19%,OOEP
prerank,Negative Regulation Of Endocytosis (GO:0045806),0.3264966678630589,0.6892933729391466,0.9859154929577465,1.0,1.0,14/30,19.81%,PICALM;PIP4P2;ARF6;TLR2;NR1H2;LGALS3;LRSAM1;PRKD1;LILRB1;APOC1;FCGR2B;MTMR2;NR1H3;SCAMP5
prerank,Positive Regulation Of Triglyceride Metabolic Process (GO:0090208),0.3852042680828066,0.6889317480630144,0.908433734939759,1.0,1.0,3/15,10.62%,SCARB1;NR1H2;SLC27A1
prerank,Regulation Of Lipid Biosynthetic Process (GO:0046890),-0.3522122515366614,-0.6888555307269297,0.9490131578947368,1.0,1.0,3/27,4.88%,AVIL;SORBS1;ASXL3
prerank,Neuron Cell-Cell Adhesion (GO:0007158),-0.40883559039110284,-0.6885022794485319,0.9039735099337748,1.0,1.0,5/14,18.48%,CNTN4;NRXN1;NRXN2;ASTN2;NRXN3
prerank,Regulation Of Extracellular Matrix Disassembly (GO:0010715),0.4006932283143726,0.6882888119559157,0.8876404494382022,1.0,1.0,2/14,10.59%,DDR1;FSCN1
prerank,Positive Regulation Of Cell Cycle G2/M Phase Transition (GO:1902751),-0.37065033807583114,-0.6877350811294856,0.9433656957928802,1.0,1.0,8/23,20.69%,MECP2;RAB11A;CDC25B;CCND1;VPS4B;RAD51C;TNFSF13B;CDC7
prerank,Positive Regulation Of Potassium Ion Transport (GO:0043268),0.37261832057017685,0.6872261325247648,0.9216710182767625,1.0,1.0,4/15,9.14%,NOS1AP;KIF5B;DLG1;DRD1
prerank,Negative Regulation Of Cardiac Muscle Hypertrophy (GO:0010614),0.41186389163576304,0.6854434986937934,0.8805194805194805,1.0,1.0,3/11,7.72%,FOXO1;SMAD4;GLRX3
prerank,Dosage Compensation By Inactivation Of X Chromosome (GO:0009048),0.41286111325451436,0.6844059865758032,0.8755868544600939,1.0,1.0,3/11,5.44%,YTHDC1;SMCHD1;HNRNPU
prerank,Epithelial Tube Morphogenesis (GO:0060562),-0.33568648062357664,-0.6841440305651744,0.9744,1.0,1.0,7/33,19.49%,PRKX;PAK1;MTSS1;PRKD2;RYR2;MESP1;MEF2C
prerank,Peptidyl-Proline Modification (GO:0018208),0.3550064611197134,0.6838295825721612,0.9502487562189055,1.0,1.0,6/21,11.80%,NKTR;PPIL3;PPIG;P3H2;PPIL1;PPID
prerank,Positive Regulation Of Mitotic Sister Chromatid Separation (GO:1901970),0.37995234847070714,0.6837771746676038,0.9467005076142132,1.0,1.0,3/15,18.93%,CDC23;ANAPC5;CUL3
prerank,Regulation Of Nucleocytoplasmic Transport (GO:0046822),0.3730481304047426,0.683483715517564,0.94,1.0,1.0,2/16,8.53%,SIRT7;FRAT1
prerank,Negative Regulation Of Reproductive Process (GO:2000242),0.37543142395995477,0.6833433650286206,0.9262295081967213,1.0,1.0,3/16,14.52%,SULF1;GJA1;DUSP1
prerank,Negative Regulation Of Hemostasis (GO:1900047),0.42418556882939595,0.6832766600674842,0.8672985781990521,1.0,1.0,1/10,8.42%,SERPINE1
prerank,Positive Regulation Of ERAD Pathway (GO:1904294),-0.4132918608925602,-0.6830987933248676,0.8980322003577818,1.0,1.0,5/12,13.49%,BCAP31;RNFT1;SGTA;UBQLN2;TMEM259
prerank,Protein Localization To Mitochondrion (GO:0070585),-0.41202891138432696,-0.6829848967187718,0.9044368600682594,1.0,1.0,6/13,20.54%,RALA;DNAJA1;ISG15;HK2;PINK1;HK1
prerank,Xenobiotic Transport (GO:0042908),0.34797438830509597,0.6824504894665968,0.9432098765432099,1.0,1.0,5/20,13.02%,ABCB1;SLC15A2;ABCC1;GJA1;SLC47A1
prerank,Positive Regulation Of Growth (GO:0045927),-0.3076414474826603,-0.682096000978638,0.9972413793103448,1.0,1.0,21/67,17.90%,TGFBR1;PSMD10;PLCB1;EXOSC4;S100A9;S100A8;PPM1F;DDX3X;CIB1;MTPN;LGI1;INO80;ADAM17;TEAD1;MAPKAP1;CSNK2A1;MLST8;EIF4G2;KLHL22;SFRP1;ZNF639
prerank,Microtubule-Based Transport (GO:0099111),0.4058916139925146,0.6819426993524775,0.923469387755102,1.0,1.0,3/11,7.20%,CCDC40;CABYR;SPEF2
prerank,Cellular Response To Misfolded Protein (GO:0071218),0.3548914303190852,0.6807206286283307,0.9487179487179487,1.0,1.0,8/18,18.93%,RNF185;BAG6;ATXN3;DERL1;TOR1A;UFD1;AUP1;CUL3
prerank,Ribonucleoside Bisphosphate Biosynthetic Process (GO:0034030),-0.42909127275436376,-0.6804867411036842,0.9094138543516874,1.0,1.0,3/10,11.02%,ACOT7;PANK2;DCAKD
prerank,Purine Nucleoside Bisphosphate Biosynthetic Process (GO:0034033),-0.42909127275436376,-0.6804867411036842,0.9094138543516874,1.0,1.0,3/10,11.02%,ACOT7;PANK2;DCAKD
prerank,Coenzyme A Biosynthetic Process (GO:0015937),-0.42909127275436376,-0.6804867411036842,0.9094138543516874,1.0,1.0,3/10,11.02%,ACOT7;PANK2;DCAKD
prerank,Positive Regulation Of Neuroinflammatory Response (GO:0150078),-0.42848383858469913,-0.6803740020174881,0.8873949579831932,1.0,1.0,3/10,22.24%,UXT;TREM2;PLCG2
prerank,Long-Term Synaptic Potentiation (GO:0060291),-0.3779143735878152,-0.6790653969569421,0.9355371900826446,1.0,1.0,7/19,16.38%,GRIN2B;SHANK2;GRIN2A;SLC8A3;SLC8A2;TSHZ3;NPTN
prerank,Positive Regulation Of Lipid Localization (GO:1905954),0.4267890696231667,0.6786121545202901,0.8833333333333333,1.0,1.0,1/10,2.71%,ZC3H12A
prerank,Negative Regulation Of Fibroblast Growth Factor Receptor Signaling Pathway (GO:0040037),-0.40975862184922535,-0.6785234674938705,0.9184692179700499,1.0,1.0,1/13,12.06%,GPC1
prerank,miRNA Metabolic Process (GO:0010586),0.37994359081715035,0.6784526007677602,0.9303482587064676,1.0,1.0,7/15,15.15%,DDX17;ZC3H12A;TUT7;KHSRP;TUT4;DICER1;DIS3L2
prerank,Alpha-Amino Acid Metabolic Process (GO:1901605),-0.3451328329736317,-0.6782849352040314,0.9545454545454546,1.0,1.0,6/27,16.28%,MTHFR;THAP4;KYAT1;DDAH1;SLC25A12;MTHFD1
prerank,Regulation Of Oligodendrocyte Differentiation (GO:0048713),-0.3830161896145994,-0.6782587584342756,0.9334442595673876,1.0,1.0,3/18,11.14%,TNFRSF1B;TNFRSF21;IL34
prerank,Negative Regulation Of Insulin Receptor Signaling Pathway (GO:0046627),-0.3496617747037778,-0.6777969310198436,0.9678899082568807,1.0,1.0,9/26,17.95%,PIP4K2C;PTPRE;PRKCQ;TNS2;SLC27A4;PRKCB;PTPN1;PID1;GSK3A
prerank,mRNA Transport (GO:0051028),-0.31064478956134717,-0.6775431532692241,0.9985443959243085,1.0,1.0,18/57,19.89%,THOC1;SMG6;NXF1;FYTTD1;CHTOP;NUP85;UPF1;ZFP36;SMG5;DDX25;KIF5C;MCM3AP;THOC3;EIF4A3;ZFP36L1;THOC7;SLBP;MAGOHB
prerank,Regulation Of Apoptotic Signaling Pathway (GO:2001233),-0.3227319082476355,-0.6775152709253163,0.9894894894894894,1.0,1.0,15/42,19.04%,CTSL;GRINA;TGFBR1;CTSS;FAIM2;CTSH;CSNK2A1;RPS3;RB1;MAZ;CX3CL1;PPIA;FAS;STYXL1;TRAF7
prerank,Regulation Of Establishment Of Protein Localization To Telomere (GO:0070203),-0.4338912465731422,-0.6772807368196329,0.8807829181494662,1.0,1.0,2/10,2.66%,CCT5;DKC1
prerank,Regulation Of Synapse Assembly (GO:0051963),-0.3123208853495201,-0.6769944847822802,0.9830769230769231,1.0,1.0,11/50,13.02%,CLSTN1;CLSTN3;SLITRK4;LRRC4B;SLIT1;EPHB1;LRFN5;IL1RAPL2;NRXN1;ROBO2;CUX2
prerank,Negative Regulation Of Extrinsic Apoptotic Signaling Pathway Via Death Domain Receptors (GO:1902042),-0.3791508139616585,-0.6768044624960141,0.9313099041533547,1.0,1.0,9/18,21.50%,PARK7;DDX3X;FAIM2;ICAM1;HMOX1;RNF34;BCL2L1;BRCA1;TNFAIP3
prerank,Extracellular Matrix Disassembly (GO:0022617),-0.33760024083726603,-0.676291859819398,0.9680851063829787,1.0,1.0,9/35,22.28%,LAMC1;FLOT1;CTSS;SH3PXD2B;LCP1;KIF9;EXOC8;WASHC1;ADAM15
prerank,Platelet-Derived Growth Factor Receptor Signaling Pathway (GO:0048008),0.375652328478131,0.6760704702868429,0.9386666666666666,1.0,1.0,5/15,10.29%,FER;BCAR1;PDGFB;PLAT;PDGFC
prerank,Positive Regulation Of miRNA Transcription (GO:1902895),-0.3253486039690411,-0.6757853139805998,0.9869942196531792,1.0,1.0,6/39,10.96%,JUN;ATOH8;SMAD3;SRF;ETS1;GNL3
prerank,Axonemal Dynein Complex Assembly (GO:0070286),-0.3539479797520764,-0.6757499598720014,0.9706362153344209,1.0,1.0,4/25,11.22%,CCDC65;SPAG1;CFAP100;NISCH
prerank,Positive Regulation Of Cytokine Production Involved In Immune Response (GO:0002720),0.31625935464783883,0.6754784305239689,0.9868766404199475,1.0,1.0,7/31,15.80%,MALT1;TNFRSF14;WNT5A;TRAF2;MAP3K7;IRF5;HLA-F
prerank,Neurotransmitter Uptake (GO:0001504),0.41506930870945424,0.6751904808690878,0.9057971014492754,1.0,1.0,2/11,10.19%,SLC29A1;SLC1A6
prerank,Lipid Oxidation (GO:0034440),0.3766742017759752,0.6751429028914078,0.9172932330827067,1.0,1.0,2/13,12.95%,ADIPOR2;ALOX15B
prerank,Negative Regulation Of NIK/NF-kappaB Signaling (GO:1901223),-0.362064086203839,-0.6747291309032121,0.9536423841059603,1.0,1.0,10/22,21.07%,MYO1C;DDX3X;TMSB4X;CPNE1;IFI35;RELA;PPM1A;NLRP3;MKRN2;ADIPOR1
prerank,Regulation Of Triglyceride Biosynthetic Process (GO:0010866),0.37048402989616896,0.6747117576890952,0.9329896907216495,1.0,1.0,3/16,10.62%,SCARB1;NR1H2;SLC27A1
prerank,GTP Metabolic Process (GO:0046039),-0.40332466547716966,-0.6745578713483628,0.918918918918919,1.0,1.0,6/13,13.64%,GNAI3;IMPDH1;RAB23;RAN;RHOQ;GIMAP7
prerank,Organonitrogen Compound Catabolic Process (GO:1901565),-0.30186135738712655,-0.6737999056861457,0.9985652797704447,1.0,1.0,17/71,16.94%,SLC6A7;GGACT;IL4I1;TPP1;DENND3;NPL;PLA2G15;ERAP1;UCHL3;LNPEP;ADAMTS13;SLC16A3;LTA4H;TRHDE;RNF5;TRIM24;ETFB
prerank,Regulation Of Spindle Assembly (GO:0090169),-0.34974894303785714,-0.6737352294064063,0.9622047244094488,1.0,1.0,7/27,18.60%,CHMP2A;CHMP3;CHMP7;DRG1;CENPJ;VPS4B;CHMP2B
prerank,Positive Regulation Of Cell Adhesion Mediated By Integrin (GO:0033630),0.3655451267413286,0.6736877731500308,0.9198113207547169,1.0,1.0,4/16,18.23%,TGFB2;NCKAP1L;SYK;P2RY12
prerank,Negative Regulation Of Interleukin-8 Production (GO:0032717),-0.3791602018401027,-0.6725355090782345,0.9499136442141624,1.0,1.0,6/16,22.13%,ANXA4;TMSB4X;BCL3;CACTIN;MAP2K5;CD33
prerank,Muscle Cell Development (GO:0055001),-0.3389434498822934,-0.6724229300598665,0.9819672131147541,1.0,1.0,5/30,15.25%,CXADR;BIN1;DMD;ANK2;TTN
prerank,Regulation Of Cysteine-Type Endopeptidase Activity Involved In Apoptotic Signaling Pathway (GO:2001267),-0.42325068479202527,-0.672051373833801,0.9027027027027027,1.0,1.0,5/10,19.16%,PARK7;PRR7;FAS;PLAUR;LGALS9
prerank,Negative Regulation Of Vascular Permeability (GO:0043116),0.40749223253209055,0.6720395728994418,0.9245742092457421,1.0,1.0,4/11,16.27%,PDE3A;PDE2A;FERMT2;SLIT2
prerank,Plasma Membrane Tubulation (GO:0097320),-0.39447040793273197,-0.6720238609133768,0.9332191780821918,1.0,1.0,5/13,19.21%,PACSIN2;BIN3;FNBP1L;PACSIN1;SNX18
prerank,Mitochondrial Calcium Ion Homeostasis (GO:0051560),-0.36909892140378464,-0.6719891613808021,0.9483870967741935,1.0,1.0,4/20,6.74%,BCAP31;SLC25A23;MCUR1;FIS1
prerank,Negative Regulation Of Peptidyl-Serine Phosphorylation (GO:0033137),0.3447478614908562,0.6714007258660969,0.9656862745098039,1.0,1.0,2/19,3.94%,SMAD7;GPD1L
prerank,Phosphatidylethanolamine Metabolic Process (GO:0046337),0.35964704322823116,0.6702814267281499,0.9457364341085271,1.0,1.0,4/18,10.62%,CHKA;NAAA;PLA2G6;SLC27A1
prerank,Regulation Of Tubulin Deacetylation (GO:0090043),0.37042321723247945,0.6694339975240642,0.9299516908212561,1.0,1.0,4/16,4.33%,KAT2B;KAT2A;SGF29;PRKAA1
prerank,Regulation Of Activated T Cell Proliferation (GO:0046006),-0.34064846764718987,-0.6685721331812566,0.9764521193092621,1.0,1.0,8/29,19.77%,TMIGD2;PPP3CA;RPS3;PRNP;PRKAR1A;LGALS9;FADD;PDCD1LG2
prerank,Sphingoid Metabolic Process (GO:0046519),0.4095898356009593,0.6683961896884463,0.8963855421686747,1.0,1.0,5/11,14.89%,NAAA;SPTLC3;KDSR;DEGS2;SGPP1
prerank,fatty-acyl-CoA Metabolic Process (GO:0035337),0.35344372970287763,0.6681871318002742,0.95,1.0,1.0,2/16,4.09%,SLC25A1;GCDH
prerank,DNA Double-Strand Break Processing (GO:0000729),-0.3864477207334002,-0.6679361027099929,0.9209621993127147,1.0,1.0,3/15,8.92%,NBN;UBE2N;UBE2V2
prerank,Sensory Perception Of Taste (GO:0050909),-0.39230882911494525,-0.6675571183221913,0.9337748344370861,1.0,1.0,1/15,7.05%,ASIC2
prerank,Regulation Of Interleukin-5 Production (GO:0032674),-0.42526380389137497,-0.6675289812007854,0.9028006589785832,1.0,1.0,2/10,7.84%,PDE4D;TNFRSF21
prerank,Cell Communication By Electrical Coupling Involved In Cardiac Conduction (GO:0086064),0.3724871118448072,0.66751922559889,0.9532467532467532,1.0,1.0,3/15,12.22%,PRKACA;PKP2;GJA1
prerank,Melanosome Localization (GO:0032400),-0.39195108173143056,-0.6671869878049431,0.924956369982548,1.0,1.0,3/14,9.67%,RAB11A;RAB27A;BBS7
prerank,Transcription By RNA Polymerase I (GO:0006360),-0.3954524188844924,-0.6668015129308165,0.9360967184801382,1.0,1.0,4/13,11.56%,POLR2L;SPTY2D1;TCOF1;TAF1C
prerank,Positive Regulation Of Stem Cell Differentiation (GO:2000738),-0.3827392115937932,-0.6666274925266091,0.9369951534733441,1.0,1.0,3/15,17.36%,SIRT6;NUDT21;SOX5
prerank,Release Of Sequestered Calcium Ion Into Cytosol (GO:0051209),-0.33389251648212415,-0.666623866737221,0.9777070063694268,1.0,1.0,10/33,16.44%,PLCH2;PLCB1;GHITM;PLCG1;CLU;IBTK;PLCE1;HTR2A;RYR2;ERO1A
prerank,Pyrimidine Nucleobase Metabolic Process (GO:0006206),-0.41401855136409693,-0.6665918201961718,0.92,1.0,1.0,3/11,14.23%,DPYS;DPYSL4;CTPS1
prerank,Negative Regulation Of Chemokine Production (GO:0032682),-0.3840291164866053,-0.6664298824692029,0.945364238410596,1.0,1.0,2/15,7.10%,SIRPA;MUL1
prerank,Negative Regulation Of Leukocyte Mediated Cytotoxicity (GO:0001911),-0.3980676236637998,-0.6664243625077841,0.9300341296928327,1.0,1.0,4/13,20.13%,KLRD1;HLA-E;LGALS9;CX3CR1
prerank,Regulation Of Telomere Maintenance Via Telomere Lengthening (GO:1904356),0.3669138691575355,0.6663378479876867,0.9319899244332494,1.0,1.0,7/17,16.02%,TNKS2;HNRNPA2B1;POT1;PINX1;TERF1;TERF2;PARP1
prerank,Rac Protein Signal Transduction (GO:0016601),-0.3792837048372918,-0.6656283771429514,0.9264957264957265,1.0,1.0,8/16,16.81%,RHOG;CDH13;NCKAP1;RAC1;WASF1;AIF1;HACE1;RAC3
prerank,Innate Immune Response-Activating Signaling Pathway (GO:0002758),0.3637002058306832,0.6655541949216658,0.9423558897243107,1.0,1.0,4/15,19.12%,LILRA2;CGAS;NLRC4;NAIP
prerank,Regulation Of Cellular Metabolic Process (GO:0031323),-0.3159992768920498,-0.6655241586684779,0.9954128440366973,1.0,1.0,11/43,16.85%,PRKAG1;RSL1D1;PANK2;SLC2A6;PNPT1;STUB1;PGAM1;JMJD8;PDK2;PID1;RNF34
prerank,Glial Cell Development (GO:0021782),-0.3539481590358628,-0.6651686893825914,0.9531502423263328,1.0,1.0,6/22,17.61%,EIF2B4;CSPG5;S100A9;APP;EIF2B3;ZNF488
prerank,Regulation Of Tissue Remodeling (GO:0034103),0.36416536253471044,0.6650684251580112,0.9477806788511749,1.0,1.0,1/16,1.03%,THBS4
prerank,Positive Regulation Of Brown Fat Cell Differentiation (GO:0090336),-0.39333004038080677,-0.6649947488460103,0.9155172413793103,1.0,1.0,4/12,20.19%,ZBTB7B;PIM1;VSTM2A;SOX13
prerank,Regulation Of Calcium Ion Transmembrane Transport (GO:1903169),-0.36751472286915443,-0.6647903528670046,0.9495934959349593,1.0,1.0,4/19,15.81%,UBASH3B;DIAPH1;ATP1A2;PRNP
prerank,Positive Regulation Of Sodium Ion Transport (GO:0010765),-0.41297976958669136,-0.664750175291457,0.9262981574539364,1.0,1.0,3/11,13.31%,SCN1B;SCN3B;WNK3
prerank,Protein Homotrimerization (GO:0070207),-0.4020082863043946,-0.6646239157302373,0.9323181049069373,1.0,1.0,4/12,19.06%,PNPT1;MLKL;SLC1A5;SLC1A2
prerank,Protein Trimerization (GO:0070206),-0.4020082863043946,-0.6646239157302373,0.9323181049069373,1.0,1.0,4/12,19.06%,PNPT1;MLKL;SLC1A5;SLC1A2
prerank,Positive Regulation Of Embryonic Development (GO:0040019),-0.3811404042550031,-0.6642330007996228,0.9387417218543046,1.0,1.0,3/16,9.01%,CFL1;PLCB1;ZBED3
prerank,Atrioventricular Valve Development (GO:0003171),0.3901533833988854,0.6638266761886028,0.9190600522193212,1.0,1.0,3/13,11.59%,MDM4;TGFB2;TGFBR2
prerank,Negative Regulation Of Protein Kinase B Signaling (GO:0051898),-0.3291593610935488,-0.6634995736169271,0.9790419161676647,1.0,1.0,5/34,11.77%,DAG1;DDIT3;MUL1;CIB1;PPP2R1A
prerank,Negative Regulation Of Alpha-Beta T Cell Activation (GO:0046636),0.4056610600330899,0.6627013552835522,0.8986175115207373,1.0,1.0,4/10,15.93%,TNFRSF14;TWSG1;HFE;LILRB1
prerank,Cellular Response To Reactive Oxygen Species (GO:0034614),-0.2990532395000091,-0.6624258147716057,0.9943422913719944,1.0,1.0,17/70,17.67%,SIRPA;JUN;PEX13;TPM1;CLU;CAMKK2;PRDX5;ANXA1;PDK2;MAPK8;RPS3;NCF1;PXN;RELA;AGAP3;MAPT;SIRT1
prerank,Positive Regulation Of Long-Term Synaptic Potentiation (GO:1900273),-0.41262909458679514,-0.6622251116800756,0.915,1.0,1.0,9/12,21.64%,LGMN;CHRNA7;ADCY8;APP;EIF2AK4;RELN;EPHB2;SHISA7;AKAP5
prerank,DNA-templated Transcription Termination (GO:0006353),-0.3898964710855147,-0.6619746696713679,0.9233333333333333,1.0,1.0,2/14,4.64%,POLR2A;SSU72
prerank,Regulation Of Nuclear-Transcribed mRNA poly(A) Tail Shortening (GO:0060211),-0.39211185642245366,-0.6618686732358162,0.9314845024469821,1.0,1.0,6/14,10.75%,POLR2G;EIF4ENIF1;BTG2;ZFP36;CNOT1;TENT4B
prerank,Cellular Lipid Catabolic Process (GO:0044242),-0.36208799803371083,-0.661689411800265,0.967409948542024,1.0,1.0,6/20,12.95%,PLD2;PPARD;NUDT19;FAAH;PLA2G15;PLBD2
prerank,Negative Regulation Of Focal Adhesion Assembly (GO:0051895),-0.38155037702054373,-0.6608526113312558,0.9508474576271186,1.0,1.0,5/15,16.21%,FAM107A;ITGB1BP1;DYNLL1;SRC;DMTN
prerank,Negative Regulation Of Cell-Substrate Junction Organization (GO:0150118),-0.38155037702054373,-0.6608526113312558,0.9508474576271186,1.0,1.0,5/15,16.21%,FAM107A;ITGB1BP1;DYNLL1;SRC;DMTN
prerank,Lipid Droplet Organization (GO:0034389),-0.3500910501566293,-0.660509487290458,0.965742251223491,1.0,1.0,9/26,18.21%,KAT5;ZFYVE1;PLA2G4C;PRKAA2;RAB18;FAF2;SQLE;PNPLA2;PPIA
prerank,Negative Regulation Of Inflammatory Response To Antigenic Stimulus (GO:0002862),0.35568721244066737,0.6600783638835834,0.953125,1.0,1.0,2/16,5.12%,MAPK14;YES1
prerank,Regulation Of T Cell Mediated Immunity (GO:0002709),0.4061541503859085,0.6596832576069515,0.9228915662650602,1.0,1.0,3/10,15.64%,ZBTB1;HMGB1;WAS
prerank,cAMP-mediated Signaling (GO:0019933),-0.34251370738744275,-0.6596167205985841,0.9798449612403101,1.0,1.0,5/26,11.74%,ADCY2;PDE4D;KSR1;PDE7B;RAPGEF2
prerank,Positive Regulation Of Synapse Assembly (GO:0051965),0.3075792611362697,0.6593966027359789,0.9974874371859297,1.0,1.0,11/31,17.32%,GRID2;VSTM5;SLITRK1;NLGN3;SLITRK5;SEMA4A;NLGN2;SYNDIG1;SEMA4D;NLGN1;GHRL
prerank,Pore Complex Assembly (GO:0046931),-0.36490352647023605,-0.6587960036085703,0.9471947194719472,1.0,1.0,3/18,6.96%,TSPAN33;PDZD11;PLEKHA7
prerank,Stress-Activated Protein Kinase Signaling Cascade (GO:0031098),0.3334287816942625,0.6584778765146679,0.9855769230769231,1.0,1.0,7/20,14.65%,MAPK14;KAT7;CCM2;MAPK1;MAP3K7;MAP2K6;MAPK3
prerank,Nucleoside Phosphate Biosynthetic Process (GO:1901293),0.39237910569972534,0.6578392604747154,0.937046004842615,1.0,1.0,2/11,4.43%,AK7;AK4
prerank,Purine-Containing Compound Biosynthetic Process (GO:0072522),0.36945709864859877,0.6575201558165112,0.9379474940334129,1.0,1.0,6/15,16.40%,PFAS;SHMT1;SLC4A7;PRPSAP2;GART;PRPSAP1
prerank,Muscle Cell Differentiation (GO:0042692),-0.3337378531797138,-0.6571352980326784,0.9823434991974318,1.0,1.0,8/30,20.72%,SPEG;RORA;DMD;ZNHIT1;SYNE1;NINJ1;MEF2C;GLMN
prerank,Negative Regulation Of Nuclear Division (GO:0051784),-0.4136158188291983,-0.6558929283605447,0.908273381294964,1.0,1.0,1/10,5.36%,TOM1L1
prerank,Acetylcholine Receptor Signaling Pathway (GO:0095500),0.3560124367594061,0.655419128862279,0.967741935483871,1.0,1.0,6/18,14.09%,LYPD1;GNAQ;CHRM5;GRK2;GNA11;RGS10
prerank,Negative Regulation Of Fatty Acid Biosynthetic Process (GO:0045717),0.37810008685845803,0.6552685813616963,0.952,1.0,1.0,4/13,17.44%,DCAF5;ERLIN1;UBR4;APOC1
prerank,Regulation Of Cell Activation (GO:0050865),-0.41890278278203763,-0.6551483883579221,0.922824302134647,1.0,1.0,3/10,10.99%,TXK;NRG1;FCER1G
prerank,Regulation Of Macrophage Chemotaxis (GO:0010758),0.3414140212151557,0.6540235204482245,0.9895561357702349,1.0,1.0,8/20,21.47%,C5;MAPK1;MTUS1;MAPK3;DDT;CSF1R;CSF1;PTK2
prerank,Regulation Of Cell-Cell Adhesion Mediated By Cadherin (GO:2000047),-0.37251401331099154,-0.6539484363760198,0.9491803278688524,1.0,1.0,4/15,18.69%,FLOT1;PPM1F;RGCC;SERPINF2
prerank,Positive Regulation Of Cell Morphogenesis Involved In Differentiation (GO:0010770),0.3824293437681242,0.6537576753780979,0.9315403422982885,1.0,1.0,4/12,14.82%,FBXW8;CUL7;SS18L1;CDKL5
prerank,Regulation Of Lamellipodium Organization (GO:1902743),-0.3927656447271284,-0.6535042947512228,0.9508474576271186,1.0,1.0,5/13,16.21%,CARMIL1;CD44;RAC1;PDPN;DMTN
prerank,Establishment Of Melanosome Localization (GO:0032401),-0.3919547392799906,-0.6527258204336259,0.9367311072056239,1.0,1.0,3/13,9.67%,RAB11A;RAB27A;BBS7
prerank,Regulation Of Response To Oxidative Stress (GO:1902882),0.4033358879811562,0.6522657815121623,0.9101941747572816,1.0,1.0,2/10,2.93%,PRKN;NFE2L2
prerank,Cell Part Morphogenesis (GO:0032990),-0.3939584881710746,-0.6518597581258506,0.9345637583892618,1.0,1.0,7/11,16.03%,PACSIN2;FIS1;PNPT1;DNM1L;WASF1;MFF;PID1
prerank,Cellular Response To Interleukin-6 (GO:0071354),-0.3469579822501492,-0.6515551153461328,0.973015873015873,1.0,1.0,8/22,16.14%,IL6R;PTPRT;CTR9;SRC;ST3GAL6;SBNO2;PID1;RELA
prerank,Regulation Of Cellular Response To Heat (GO:1900034),-0.3789691484353757,-0.6511673687694767,0.9458128078817734,1.0,1.0,7/15,17.92%,DNAJC2;CHORDC1;DNAJC7;ATR;MAPT;SIRT1;DNAJB1
prerank,Regulation Of Vesicle Size (GO:0097494),-0.40136960093470153,-0.6510953433519036,0.9362416107382551,1.0,1.0,5/12,18.28%,SNAPIN;RAB5A;AP2M1;BORCS6;KXD1
prerank,Sphingosine Metabolic Process (GO:0006670),-0.3755428984105308,-0.6509148579182981,0.9514563106796117,1.0,1.0,5/17,16.62%,PLPP1;SPTLC1;SPHK2;PLPP3;ACER3
prerank,Relaxation Of Cardiac Muscle (GO:0055119),-0.39507443576209145,-0.6505771547001679,0.92894280762565,1.0,1.0,4/12,15.71%,ATP1B1;CHGA;ATP1A2;P2RX4
prerank,Cellular Response To Unfolded Protein (GO:0034620),-0.3705488981314406,-0.6504701881571425,0.96875,1.0,1.0,6/17,16.01%,RHBDD1;ERN1;TM7SF3;PACRG;PTPN1;HSPD1
prerank,Transport Along Microtubule (GO:0010970),-0.3703997743079854,-0.6503328473201619,0.9548494983277592,1.0,1.0,5/17,14.21%,SNAPIN;DYNC1I1;DYNC1I2;APP;BORCS6
prerank,Negative Regulation Of Monoatomic Ion Transport (GO:0043271),0.3414977457428445,0.6499262777530133,0.9707446808510638,1.0,1.0,4/18,15.93%,NOS1;HRH3;PXK;LILRB1
prerank,Protein Deacetylation (GO:0006476),-0.3175177536527216,-0.649686490654659,0.9939577039274925,1.0,1.0,14/39,19.15%,MORF4L2;SIRT3;SIRT5;SIRT6;GATAD2A;MTA3;TBL1XR1;HDAC2;SIRT1;SIRT2;MBD3;FLNA;SIRT4;HDAC8
prerank,Negative Regulation Of Protein Localization To Cell Periphery (GO:1904376),-0.3573768147284725,-0.6496046972572423,0.9636650868878357,1.0,1.0,5/19,16.03%,LRPAP1;RHOQ;AP2M1;TMEM59;PID1
prerank,Positive Regulation Of DNA-templated DNA Replication (GO:2000105),-0.4131962710748967,-0.649414668301105,0.9215358931552587,1.0,1.0,3/10,20.69%,INO80;SSBP1;CDC7
prerank,Regulation Of Actin Polymerization Or Depolymerization (GO:0008064),-0.3357998025648261,-0.648936579562841,0.9860248447204969,1.0,1.0,8/25,16.02%,PAK3;CXCL12;ARHGAP35;HAX1;WDR1;COTL1;LATS1;ARHGAP18
prerank,Positive Regulation Of Amyloid Precursor Protein Catabolic Process (GO:1902993),0.3332869358244009,0.6488166846571206,0.9865951742627346,1.0,1.0,8/20,16.34%,EFNA1;PICALM;ABCG1;ROCK2;RANBP9;CASP3;IFNGR1;SLC2A13
prerank,2-Oxoglutarate Metabolic Process (GO:0006103),0.36246707094098396,0.6486756437314167,0.9712230215827338,1.0,1.0,6/14,17.45%,ADHFE1;GOT2;DLST;L2HGDH;D2HGDH;OGDH
prerank,Positive Regulation Of Dendritic Spine Development (GO:0060999),-0.36036566215774213,-0.6484927972565288,0.9702970297029703,1.0,1.0,7/19,20.28%,DHX36;CAPRIN1;CUX2;NEURL1;DLG5;RELN;CAMK2B
prerank,Cell Surface Receptor Signaling Pathway Involved In Heart Development (GO:0061311),0.35160007343729877,0.647944427181721,0.9503916449086162,1.0,1.0,2/16,8.59%,JAG1;GALNT11
prerank,Regulation Of Gastrulation (GO:0010470),-0.40862512381963345,-0.6478699488902235,0.934931506849315,1.0,1.0,1/11,2.77%,DAG1
prerank,Regulation Of Amyloid Precursor Protein Catabolic Process (GO:1902991),-0.399526546027378,-0.6476025355105467,0.9327586206896552,1.0,1.0,4/11,15.81%,FLOT2;CHRNA7;ABCA7;PRNP
prerank,Positive Regulation Of Peptidyl-Threonine Phosphorylation (GO:0010800),0.3194029692475792,0.6467432072986926,0.9925,1.0,1.0,5/22,12.86%,CHI3L1;TNKS1BP1;PRKAG2;UBE2K;MAPK1
prerank,Linoleic Acid Metabolic Process (GO:0043651),-0.35564862617103704,-0.6463408251899513,0.9669421487603306,1.0,1.0,2/19,18.33%,ELOVL5;PNPLA8
prerank,Negative Regulation Of Peptidyl-Threonine Phosphorylation (GO:0010801),0.3707602220986879,0.6461668310592861,0.9545454545454546,1.0,1.0,1/14,0.28%,SMAD7
prerank,T Cell Mediated Immunity (GO:0002456),-0.34993863043628837,-0.6460529625762004,0.9712837837837838,1.0,1.0,3/20,14.90%,GNL1;CR1;CTSH
prerank,Maintenance Of Blood-Brain Barrier (GO:0035633),-0.3290150556346932,-0.6456688609919072,0.9887820512820513,1.0,1.0,5/28,14.02%,ITGB1;LAMC1;DMD;WNK3;ACTG1
prerank,N-glycan Processing (GO:0006491),-0.35629290699372396,-0.6445771251406174,0.9625407166123778,1.0,1.0,8/19,21.44%,MAN1B1;ST8SIA5;ST8SIA3;MAN1A1;PRKCSH;ST8SIA1;MAN1A2;MGAT4B
prerank,Nuclear Migration (GO:0007097),-0.3690762553696539,-0.644370717431159,0.9516407599309153,1.0,1.0,3/16,4.89%,DOCK7;SYNE3;FBXW11
prerank,Negative Regulation Of Homotypic Cell-Cell Adhesion (GO:0034111),-0.404110559607528,-0.6438493681612685,0.9180887372013652,1.0,1.0,2/10,11.55%,ZNF703;SERPINE2
prerank,Regulation Of Ubiquitin Protein Ligase Activity (GO:1904666),-0.3619945334354761,-0.6430002208707403,0.9638752052545156,1.0,1.0,4/16,12.05%,SKP1;RPL5;BTRC;RPS7
prerank,Negative Regulation Of Protein Processing (GO:0010955),-0.3797677349044156,-0.6424720502199057,0.9480069324090121,1.0,1.0,5/13,18.74%,SERPINE2;CTSZ;PRNP;SERPINF2;SNX12
prerank,Negative Regulation Of Mitotic Cell Cycle Phase Transition (GO:1901991),-0.3132711487316991,-0.6422888590064085,0.9940740740740741,1.0,1.0,11/37,20.44%,CDKN1A;FAM107A;MYO16;FHL1;GPNMB;RB1;APC;RGCC;ZFP36L1;RBL2;SLFN11
prerank,Neutrophil Activation Involved In Immune Response (GO:0002283),0.40635883329891975,0.6409357642476442,0.9324009324009324,1.0,1.0,5/10,17.05%,DNASE1;LILRA2;STXBP3;VAMP7;SYK
prerank,Regulation Of Cell Adhesion Mediated By Integrin (GO:0033628),-0.32391537467269904,-0.6402913195867219,0.9934959349593496,1.0,1.0,8/31,17.75%,ITGB1BP1;NRG1;LYN;TESC;CIB1;FERMT3;RAC3;ADAM9
prerank,Macrophage Differentiation (GO:0030225),0.3364495303464685,0.6398903530885003,0.9901234567901235,1.0,1.0,4/18,16.02%,CASP8;CDC42;CASP10;PARP1
prerank,Positive Regulation Of Peptidyl-Lysine Acetylation (GO:2000758),-0.3619026819989927,-0.6394880236091952,0.9614767255216693,1.0,1.0,4/17,10.26%,SMARCA5;DDX21;PPARGC1A;PRKAA2
prerank,Negative Regulation Of Complement Activation (GO:0045916),0.38488966892213206,0.6393712916101464,0.9512195121951219,1.0,1.0,3/12,14.11%,SVEP1;SUSD4;SERPING1
prerank,Regulation Of Intracellular Steroid Hormone Receptor Signaling Pathway (GO:0033143),-0.33772867392887185,-0.6386455181318381,0.9796238244514106,1.0,1.0,3/22,5.26%,PARK7;UFL1;CARM1
prerank,Regulation Of Carbohydrate Catabolic Process (GO:0043470),0.3553697963331926,0.6383137857235586,0.9478458049886621,1.0,1.0,6/14,13.99%,PPP1R3B;SCARB2;TIGAR;PRKAG2;ZBTB7A;OGT
prerank,Endochondral Bone Morphogenesis (GO:0060350),0.38034167077258796,0.6379333439651707,0.951530612244898,1.0,1.0,3/11,11.17%,FGFR3;SCX;INPPL1
prerank,Vesicle Docking (GO:0048278),0.33067735417606825,0.6378421348543015,0.9923273657289002,1.0,1.0,7/19,12.83%,CEP83;STX8;STX17;STX6;STX4;STX7;STX3
prerank,"Wnt Signaling Pathway, Planar Cell Polarity Pathway (GO:0060071)",0.3190074603569599,0.6374572621915684,0.9861111111111112,1.0,1.0,5/26,9.22%,TIAM1;RYK;CDC42;DVL1;WNT5A
prerank,Positive Regulation Of Vacuole Organization (GO:0044090),-0.34791133006797037,-0.6370068892673586,0.9761526232114467,1.0,1.0,4/20,7.36%,MOAP1;PIP4K2C;GRN;RAB3GAP2
prerank,Positive Regulation Of Integrin-Mediated Signaling Pathway (GO:2001046),-0.3919452364035543,-0.6362661949974471,0.9581151832460733,1.0,1.0,4/12,18.32%,LAMC1;LOXL3;DMTN;FLNA
prerank,Glial Cell Differentiation (GO:0010001),0.29012234173699636,0.6356185628580356,1.0,1.0,1.0,7/33,15.02%,SOX8;MYRF;STAT3;HAPLN2;TPPP;SOX10;NFIB
prerank,Positive Regulation Of Chromosome Separation (GO:1905820),-0.38278323089469923,-0.6354912375135988,0.9639175257731959,1.0,1.0,1/13,7.63%,SMC2
prerank,T Cell Differentiation (GO:0030217),-0.2991558748948338,-0.6346311956499049,1.0,1.0,1.0,12/43,21.86%,FCER1G;ANXA1;GPR89A;RHOH;ZFP36L1;FADD;CD4;PTPN2;SOX13;PIK3R1;JAG2;LEPR
prerank,"Negative Regulation Of DNA Damage Response, Signal Transduction By P53 Class Mediator (GO:0043518)",-0.38775945814749474,-0.6345630999831491,0.9521276595744681,1.0,1.0,2/12,5.71%,PSMD10;CD44
prerank,Receptor Internalization (GO:0031623),-0.2990088141747741,-0.6345034420558481,1.0,1.0,1.0,13/48,19.30%,DNM1;ITGB1;RALA;RAB5A;ITCH;FCER1G;GRB2;AP2M1;RAB31;TFRC;DNM2;CD81;ITGB2
prerank,miRNA Catabolic Process (GO:0010587),0.3931740338678769,0.6340964334295347,0.9384965831435079,1.0,1.0,3/10,10.00%,ZC3H12A;ZSWIM8;TUT4
prerank,Autonomic Nervous System Development (GO:0048483),0.3597100134765307,0.633788637552211,0.9507389162561576,1.0,1.0,4/14,13.45%,NF1;SOX8;SOX10;PHACTR4
prerank,Myoblast Differentiation (GO:0045445),-0.350787709001992,-0.6337668915822443,0.9850746268656716,1.0,1.0,7/19,15.62%,ITGB1;NRG1;RBPJ;SRF;SOX15;PLEKHM3;RB1
prerank,Negative Regulation Of Myoblast Differentiation (GO:0045662),0.37375961331332086,0.6331627819316055,0.9617346938775511,1.0,1.0,1/13,4.57%,SOX8
prerank,Positive Regulation Of Metaphase/Anaphase Transition Of Cell Cycle (GO:1902101),0.3799810227952077,0.6326776398107161,0.9431524547803618,1.0,1.0,3/11,18.93%,CDC23;ANAPC5;CUL3
prerank,Positive Regulation Of Mitotic Metaphase/Anaphase Transition (GO:0045842),0.3799810227952077,0.6326776398107161,0.9431524547803618,1.0,1.0,3/11,18.93%,CDC23;ANAPC5;CUL3
prerank,Brain Morphogenesis (GO:0048854),0.38211835613868345,0.6320941929723846,0.9447004608294931,1.0,1.0,4/11,16.11%,BBS4;SPEF2;SHANK3;MKKS
prerank,Regulation Of DNA-templated DNA Replication Initiation (GO:0030174),-0.38780267408953484,-0.6320279589397129,0.9422066549912435,1.0,1.0,2/11,5.23%,NBN;MCM4
prerank,Regulation Of Fatty Acid Oxidation (GO:0046320),0.3490931907886658,0.6319331696951876,0.9748743718592965,1.0,1.0,6/16,18.42%,PPARA;PRKAG2;FABP3;PDK4;TYSND1;ABCD1
prerank,Positive Regulation Of Dendrite Morphogenesis (GO:0050775),-0.3627412305588047,-0.6318350220112452,0.9744463373083475,1.0,1.0,5/16,13.02%,DHX36;CDKL3;OBSL1;CAPRIN1;CUX2
prerank,tRNA Threonylcarbamoyladenosine Metabolic Process (GO:0070525),0.38980205889385916,0.6316128634693154,0.9304556354916067,1.0,1.0,4/10,16.64%,OSGEPL1;TPRKB;TRIT1;TP53RK
prerank,Ether Lipid Metabolic Process (GO:0046485),0.38190155370695805,0.6315720281572721,0.9287469287469288,1.0,1.0,5/11,18.34%,PLA2G6;PEX7;AGPS;GNPAT;DHRS7B
prerank,Positive Regulation Of Nuclear-Transcribed mRNA poly(A) Tail Shortening (GO:0060213),-0.39193348002502937,-0.6312665774665911,0.948073701842546,1.0,1.0,5/12,9.10%,POLR2G;EIF4ENIF1;BTG2;ZFP36;CNOT1
prerank,Cardiac Left Ventricle Morphogenesis (GO:0003214),0.3689189519348832,0.6308051313064964,0.9459459459459459,1.0,1.0,2/11,11.59%,SMAD4;TGFBR2
prerank,Positive Regulation Of Neuron Apoptotic Process (GO:0043525),-0.3368838367562563,-0.6307718707588057,0.9737704918032787,1.0,1.0,6/22,16.02%,FBXW7;DDIT3;GRN;CDK5;PRNP;TYROBP
prerank,Myeloid Dendritic Cell Activation (GO:0001773),-0.396792212634463,-0.630601696213951,0.9416809605488851,1.0,1.0,2/10,14.51%,CAMK4;BATF3
prerank,Positive Regulation Of Cellular Response To Insulin Stimulus (GO:1900078),-0.39072878691805485,-0.6303552830232627,0.9588138385502472,1.0,1.0,4/11,17.67%,SORBS1;ZBTB7B;SNX5;SIRT1
prerank,Regulation Of Melanin Biosynthetic Process (GO:0048021),0.3930096709020419,0.6302709820385113,0.9354838709677419,1.0,1.0,5/10,19.94%,ZEB2;GIPC1;ASIP;OPN3;CTNS
prerank,Negative Regulation Of Endothelial Cell Proliferation (GO:0001937),-0.31424783071199197,-0.6295519534506552,0.9938461538461538,1.0,1.0,9/33,21.63%,ATOH8;ATP5IF1;KRIT1;ATP5F1A;COL4A3;RGCC;MEF2C;PPARG;PDCD10
prerank,Glutamine Metabolic Process (GO:0006541),-0.38518343511391123,-0.6294365103406564,0.9570446735395189,1.0,1.0,2/12,10.80%,UCP2;GLS
prerank,Positive Regulation Of Glycogen Biosynthetic Process (GO:0045725),0.3804236080515533,0.6293557570642415,0.9467005076142132,1.0,1.0,6/11,20.30%,IRS2;AKT2;INSR;DYRK2;EPM2AIP1;IGF1
prerank,Negative Regulation Of Cilium Assembly (GO:1902018),0.35547746020022597,0.6276998392898719,0.9653465346534653,1.0,1.0,7/14,15.42%,EVI5L;CDK10;KIF24;TCHP;CEP97;YAP1;MPHOSPH9
prerank,Cell-Cell Signaling By Wnt (GO:0198738),0.3118280097045541,0.6276471582194445,0.9875621890547264,1.0,1.0,9/23,19.85%,STRN;NXN;WNT5A;FERMT2;FZD2;CELSR2;VPS35;PKD2;GPC4
prerank,Microvillus Organization (GO:0032528),0.35032516450085505,0.6274894867477193,0.9774436090225563,1.0,1.0,5/13,15.03%,RAP1A;MINK1;SLC9A3R1;RAP2B;RAP2A
prerank,Phosphatidylinositol 3-Kinase Signaling (GO:0014065),-0.3134236063492924,-0.6262164403398608,0.9889937106918238,1.0,1.0,6/31,14.17%,FCGR3A;MYO16;PIK3C2A;PIK3R5;C1QBP;HTR2A
prerank,Negative Regulation Of DNA Replication (GO:0008156),-0.38224749207193137,-0.6255081844876887,0.9523809523809523,1.0,1.0,4/12,15.65%,TSPYL2;S100A11;WAPL;GTPBP4
prerank,Negative Chemotaxis (GO:0050919),-0.3159055669614918,-0.6254945882768683,0.9902912621359223,1.0,1.0,6/30,13.13%,SEMA3E;SLIT1;SEMA6B;SEMA4B;LRTM1;SEMA7A
prerank,Protein Targeting To Vacuole (GO:0006623),-0.314858634997482,-0.6249651374333253,0.9923195084485407,1.0,1.0,11/33,18.74%,LAPTM5;NCOA4;RAB7A;VPS37A;ZFYVE16;NAGPA;M6PR;BECN1;AP3M1;VPS37C;PIK3R4
prerank,Positive Regulation Of Stress-Activated Protein Kinase Signaling Cascade (GO:0070304),0.323992524498248,0.6245271813668907,0.9916897506925207,1.0,1.0,5/18,10.22%,TGFB2;KLHDC10;RNF13;TAOK1;STK25
prerank,Sodium Ion Import Across Plasma Membrane (GO:0098719),0.325164014019131,0.6241106128037703,1.0,1.0,1.0,5/20,17.93%,SLC9C2;SCNN1D;SLC12A2;SLC9A7;SLC8A1
prerank,Sulfur Compound Catabolic Process (GO:0044273),0.32515610843682863,0.6237263746052489,0.9922680412371134,1.0,1.0,2/20,7.25%,TST;DPEP2
prerank,Microtubule Nucleation (GO:0007020),-0.3254087065578323,-0.623540628788457,0.9952456418383518,1.0,1.0,9/23,17.98%,CCDC57;SSNA1;TUBGCP6;CENPJ;NDEL1;GOLGA2;TUBG2;NEDD1;TUBG1
prerank,Regulation Of ERAD Pathway (GO:1904292),0.385380164476315,0.6226706164123333,0.960919540229885,1.0,1.0,4/10,13.61%,RNF185;BAG6;ATXN3;HERPUD1
prerank,Protein Kinase B Signaling (GO:0043491),-0.32327784897553924,-0.6219860151900897,0.9967845659163987,1.0,1.0,5/24,21.98%,THEM4;BTBD10;ZFP36L1;MKRN2;TSC2
prerank,Cell Projection Assembly (GO:0030031),-0.38310231212103485,-0.6218682219312551,0.9664310954063604,1.0,1.0,5/11,16.81%,PARVB;CYFIP2;NCKAP1;NEFH;RAC3
prerank,Positive Regulation Of Natural Killer Cell Activation (GO:0032816),-0.3508949525487729,-0.6211736466364735,0.9770491803278688,1.0,1.0,5/16,18.82%,TICAM1;FCGR3A;LAMP1;TYROBP;HLA-E
prerank,Regulation Of Nitrogen Compound Metabolic Process (GO:0051171),-0.3769854249806974,-0.6206561323416105,0.9550173010380623,1.0,1.0,1/11,5.42%,SELENOS
prerank,Postsynaptic Membrane Organization (GO:0001941),-0.3552056999751235,-0.6202199625825617,0.9675767918088737,1.0,1.0,3/17,13.89%,DNAJA3;NRXN1;NRXN2
prerank,Nucleotide Biosynthetic Process (GO:0009165),0.33006904470135434,0.6199586828320063,0.9900990099009901,1.0,1.0,8/18,16.40%,PFAS;SLC4A7;RRM2B;PRPSAP2;RRM1;NMNAT1;GART;PRPSAP1
prerank,Dendritic Spine Organization (GO:0097061),-0.3166731186236287,-0.6196546729540893,0.9919224555735057,1.0,1.0,5/26,10.12%,PAK3;EPHB1;LGMN;CHRNA7;WASL
prerank,Negative Regulation Of Gluconeogenesis (GO:0045721),-0.3719191446022391,-0.6188371094613943,0.9581320450885669,1.0,1.0,3/13,11.99%,PGPEP1;SIRT6;CLK2
prerank,Glycerolipid Catabolic Process (GO:0046503),-0.35332610241483814,-0.6174500792177819,0.9743150684931506,1.0,1.0,4/16,10.24%,ABHD2;GDPD1;SMPD4;PLA2G4C
prerank,Regulation Of Receptor Recycling (GO:0001919),-0.3435180410997517,-0.6171343749841737,0.985553772070626,1.0,1.0,1/17,1.99%,RAB29
prerank,Cellular Response To Leucine Starvation (GO:1990253),-0.3842579060966719,-0.6161613904126907,0.9547738693467337,1.0,1.0,6/11,20.04%,RNF167;ATF4;SESN2;RRAGD;EIF2AK4;MTOR
prerank,Positive Regulation Of Insulin Receptor Signaling Pathway (GO:0046628),-0.3907354725047023,-0.6160372865048185,0.9633943427620633,1.0,1.0,4/10,17.67%,SORBS1;ZBTB7B;SNX5;SIRT1
prerank,Regulation Of Bone Remodeling (GO:0046850),0.3543802334971435,0.6157663371687916,0.9643765903307888,1.0,1.0,4/13,20.86%,NF1;SYT7;SLC4A2;CSF1R
prerank,Negative Regulation Of Chemotaxis (GO:0050922),-0.30924279703454555,-0.615374030725841,0.9984,1.0,1.0,6/31,13.13%,SEMA3E;NRG1;SEMA6B;SEMA4B;ROBO2;SEMA7A
prerank,Positive Regulation Of Leukocyte Degranulation (GO:0043302),0.35878761958536454,0.615217681070529,0.9675810473815462,1.0,1.0,4/12,17.05%,GAB2;STX4;HLA-F;SYK
prerank,Protein Heterotetramerization (GO:0051290),-0.368734598503395,-0.6146453614797269,0.9658703071672355,1.0,1.0,4/12,11.83%,GRIN2B;NUDT21;FARSB;FARSA
prerank,Regulation Of Transcription From RNA Polymerase II Promoter In Response To Stress (GO:0043618),-0.38337940137190785,-0.614257854239266,0.9574829931972789,1.0,1.0,3/11,16.04%,DDIT3;ATF4;HMOX1
prerank,Negative Regulation Of Sodium Ion Transmembrane Transporter Activity (GO:2000650),-0.39142913543639285,-0.6130110396836508,0.934819897084048,1.0,1.0,1/10,1.69%,HECW1
prerank,Positive Regulation Of Insulin Secretion Involved In Cellular Response To Glucose Stimulus (GO:0035774),0.35541192543225236,0.6128995686899057,0.9829683698296837,1.0,1.0,3/12,14.14%,PLA2G6;STX4;BAIAP3
prerank,Glycolipid Metabolic Process (GO:0006664),-0.31693187565021025,-0.6123965438168575,0.9969558599695586,1.0,1.0,6/28,15.09%,B4GALNT1;GM2A;FUCA1;ST3GAL2;ST3GAL6;SCCPDH
prerank,Regulation Of Sensory Perception (GO:0051931),-0.38362580772790184,-0.6122792411935923,0.9596491228070175,1.0,1.0,1/10,15.77%,ZFHX2
prerank,Regulation Of Sensory Perception Of Pain (GO:0051930),-0.38362580772790184,-0.6122792411935923,0.9596491228070175,1.0,1.0,1/10,15.77%,ZFHX2
prerank,Positive Regulation Of Actin Nucleation (GO:0051127),0.3732954742449368,0.6121313360372586,0.9626556016597511,1.0,1.0,3/10,7.61%,WASF2;WHAMM;GSN
prerank,Oligodendrocyte Differentiation (GO:0048709),-0.3407625325195982,-0.6115645616761093,0.9917491749174917,1.0,1.0,10/19,23.75%,EIF2B4;SLC8A3;EIF2B3;ZNF488;SOX13;PRDM8;SOX9;SOX6;EIF2B5;NSUN5
prerank,Regulation Of Lipoprotein Lipase Activity (GO:0051004),-0.3804864529614119,-0.6112670842578359,0.9698046181172292,1.0,1.0,1/11,0.59%,PCSK5
prerank,Regulation Of Leukocyte Adhesion To Vascular Endothelial Cell (GO:1904994),0.35059109625261375,0.611197062235191,0.955607476635514,1.0,1.0,4/12,19.10%,ZDHHC21;FUT9;IRAK1;RHOA
prerank,Microvillus Assembly (GO:0030033),-0.3558334761673523,-0.6109827184936367,0.9768595041322314,1.0,1.0,4/14,12.49%,FXYD5;TNIK;RAPGEF2;EZR
prerank,Negative Regulation Of Heart Contraction (GO:0045822),-0.38675061802191774,-0.6104010436278902,0.9562937062937062,1.0,1.0,3/11,11.89%,SRI;PDE4D;ATP1A2
prerank,Protein Peptidyl-Prolyl Isomerization (GO:0000413),-0.350202112982876,-0.6103409574033266,0.9713322091062394,1.0,1.0,6/16,18.21%,PIN1;PPIB;PPIH;PPIE;PPIL6;PPIA
prerank,Outflow Tract Septum Morphogenesis (GO:0003148),-0.33349375006376303,-0.6101302660894172,0.9837662337662337,1.0,1.0,5/21,13.56%,NELL1;NELL2;BMPR2;ROBO2;BMPR1A
prerank,Peroxisomal Membrane Transport (GO:0015919),0.3230215453582587,0.6096344847442432,0.992462311557789,1.0,1.0,3/17,12.16%,RAB8B;PEX7;PEX5
prerank,Positive Regulation Of Interleukin-12 Production (GO:0032735),-0.3199600797451496,-0.6095517074558082,0.9967637540453075,1.0,1.0,3/25,5.44%,LAPTM5;CD40;PLCB1
prerank,Regulation Of Immune Effector Process (GO:0002697),-0.3572452171587031,-0.6073463962480873,0.9697508896797153,1.0,1.0,3/13,21.12%,HLA-DRB1;HLA-DRA;CD55
prerank,Aspartate Family Amino Acid Metabolic Process (GO:0009066),-0.36116009356771267,-0.6031293732202772,0.9727767695099818,1.0,1.0,5/12,17.11%,MTHFR;GOT1;SLC25A12;MTHFD1;SMS
prerank,Intracellular Cholesterol Transport (GO:0032367),-0.34847341434659973,-0.6030832579127258,0.975609756097561,1.0,1.0,2/14,7.95%,LRP6;OSBP
prerank,Insulin-Like Growth Factor Receptor Signaling Pathway (GO:0048009),-0.38322871440375905,-0.6029358754144865,0.9663120567375887,1.0,1.0,2/10,5.44%,EIF2AK3;PLCB1
prerank,Gastrulation (GO:0007369),0.33776889457933357,0.6026577268002157,0.9852579852579852,1.0,1.0,4/14,21.75%,MEGF8;MKKS;LMBRD1;SMAD2
prerank,Cardiac Cell Development (GO:0055006),-0.36329795375587975,-0.6026554502238403,0.9856373429084381,1.0,1.0,1/12,3.25%,CXADR
prerank,Defense Response To Tumor Cell (GO:0002357),-0.3708449939558291,-0.6021012796248244,0.9666666666666667,1.0,1.0,2/11,9.66%,LAPTM5;DAPK1
prerank,acetyl-CoA Metabolic Process (GO:0006084),-0.3341635681889184,-0.6020513304795921,0.9919354838709677,1.0,1.0,6/16,21.79%,HMGCS1;ACACB;PMVK;NUDT8;ACAT1;ACLY
prerank,Dicarboxylic Acid Catabolic Process (GO:0043649),-0.34285520976754674,-0.601598925664077,0.9881154499151104,1.0,1.0,4/16,12.86%,ALDH1L1;ALDH1L2;GOT1;MTHFS
prerank,Regulation Of RNA Export From Nucleus (GO:0046831),-0.3665065666888891,-0.6011202046987527,0.9664429530201343,1.0,1.0,1/11,0.92%,NSUN2
prerank,Negative Regulation Of Fibrinolysis (GO:0051918),0.37005482988773275,0.6006957573270132,0.9688995215311005,1.0,1.0,2/11,10.16%,SERPINE1;PLAT
prerank,Embryonic Cranial Skeleton Morphogenesis (GO:0048701),-0.36931499286774916,-0.6005254327324352,0.9755671902268761,0.9999055454225712,1.0,2/12,7.75%,TGFBR1;MTHFD1L
prerank,Protein Import Into Peroxisome Matrix (GO:0016558),-0.3569354985237512,-0.6000748001836699,0.9733777038269551,0.9995572685084043,1.0,2/13,10.60%,PEX13;PEX26
prerank,Negative Regulation Of Endoplasmic Reticulum Stress-Induced Intrinsic Apoptotic Signaling Pathway (GO:1902236),-0.35009044004961765,-0.5987349905023552,0.9796264855687606,0.9993938890762933,1.0,5/14,15.17%,PARK7;SELENOS;TXNDC12;XBP1;PTPN1
prerank,Positive Regulation Of Activated T Cell Proliferation (GO:0042104),0.32711797229531114,0.5976537981732005,0.9870466321243523,1.0,1.0,1/16,0.78%,IL12RB1
prerank,Pyroptosis (GO:0070269),0.2857536973405547,0.5969903838543272,1.0,1.0,1.0,6/27,19.12%,GSDMB;CASP8;DHX9;CASP3;NLRC4;NAIP
prerank,Negative Regulation Of Ion Transmembrane Transporter Activity (GO:0032413),-0.3175369602476594,-0.5890557236025803,0.9984126984126984,1.0,1.0,4/24,17.48%,HECW1;YWHAE;CAB39;HECW2
prerank,Protein Localization To Vacuole (GO:0072665),-0.3498388366702544,-0.5888878290054047,0.9697478991596639,1.0,1.0,2/13,5.50%,LAMTOR4;LAMTOR5
prerank,Astrocyte Development (GO:0014002),-0.34252975255143847,-0.5882587987615162,0.9898819561551433,1.0,1.0,6/14,20.58%,S100A9;C5AR1;APP;C1QA;MAPT;TREM2
prerank,"Protein Alpha-1,2-Demannosylation (GO:0036508)",0.33475167370625053,0.5867059597550468,0.9770408163265306,1.0,1.0,1/14,0.34%,RNF185
prerank,Regulation Of Megakaryocyte Differentiation (GO:0045652),0.30911008896024084,0.5856525165108848,0.9973544973544973,1.0,1.0,5/17,18.04%,PRMT1;PITHD1;HMGB2;FAXDC2;SCIN
prerank,Sphingoid Biosynthetic Process (GO:0046520),-0.3675540423931576,-0.585545412849792,0.9818181818181818,0.9998431623001776,1.0,4/11,19.74%,SPTLC1;SPHK2;ACER3;ASAH1
prerank,Sphingosine Biosynthetic Process (GO:0046512),-0.3675540423931576,-0.585545412849792,0.9818181818181818,0.9998431623001776,1.0,4/11,19.74%,SPTLC1;SPHK2;ACER3;ASAH1
prerank,Regulation Of Calcium Ion Transmembrane Transport Via High Voltage-Gated Calcium Channel (GO:1902514),0.36377988401467887,0.5850561807593905,0.9652777777777778,1.0,1.0,4/10,19.84%,NOS1AP;NOS1;CAMK2D;SESTD1
prerank,Regulation Of Trophoblast Cell Migration (GO:1901163),0.33479640144878436,0.5849974056649875,0.990632318501171,1.0,1.0,2/13,12.22%,AGO2;GJA1
prerank,"Regulation Of Synaptic Transmission, GABAergic (GO:0032228)",0.32678198405376646,0.5848739933632237,0.9930875576036866,1.0,1.0,7/15,20.09%,USP46;BAIAP3;ZDHHC12;NLGN2;NLGN1;SLC38A1;NALCN
prerank,Endoplasmic Reticulum Mannose Trimming (GO:1904380),0.35711024871521463,0.5835650212491365,0.9778325123152709,1.0,1.0,1/11,0.34%,RNF185
prerank,Positive Regulation Of Hormone Secretion (GO:0046887),-0.3451595741969685,-0.5816661602177021,0.9850746268656716,1.0,1.0,3/13,20.49%,TFR2;VAMP8;PPARG
prerank,Positive Regulation Of Bone Resorption (GO:0045780),0.3599612948013985,0.5807141047260936,0.9822335025380711,1.0,1.0,5/10,19.20%,TMEM64;TNFRSF11A;SYK;PLEKHM1;DEF8
prerank,Triglyceride Metabolic Process (GO:0006641),-0.2844288839113765,-0.5789820487801932,1.0,0.9999941084475765,1.0,10/38,20.88%,GPAT3;SLC27A5;GPIHBP1;SEL1L;LCP1;SIRT1;PNPLA2;LMF1;APOBR;LIPC
prerank,Positive Regulation Of Mitochondrial Outer Membrane Permeabilization Involved In Apoptotic Signaling Pathway (GO:1901030),-0.36704007700656566,-0.5782732910431228,0.9758620689655172,0.9996481222906922,1.0,4/10,18.63%,CHCHD10;MAPK8;GSK3A;NMT1
prerank,Regulation Of Macrophage Cytokine Production (GO:0010935),-0.3545631599132588,-0.5764709374303105,0.9848484848484849,0.9994689031418913,1.0,3/12,13.13%,LAPTM5;CUEDC2;SEMA7A
prerank,Positive Regulation Of Glycoprotein Biosynthetic Process (GO:0010560),-0.3582890740556217,-0.5734982301977457,0.9867109634551495,0.9994228579181933,1.0,2/11,13.71%,PLCB1;GOLGA2
prerank,Spliceosomal tri-snRNP Complex Assembly (GO:0000244),-0.3456927263799034,-0.5717235821042977,0.9852216748768473,0.999225626840774,1.0,1/13,2.59%,CD2BP2
prerank,L-serine Metabolic Process (GO:0006563),0.36039274719091496,0.5715128984700163,0.9786729857819905,1.0,1.0,4/10,19.92%,SHMT1;SRR;SERINC5;PSAT1
prerank,"Antigen Processing And Presentation Of Endogenous Peptide Antigen Via MHC Class I Via ER Pathway, TAP-independent (GO:0002486)",0.3435505987978876,0.5707546457687473,0.9800443458980045,1.0,1.0,3/11,15.80%,MICB;HLA-B;HLA-F
prerank,Antigen Processing And Presentation Of Endogenous Peptide Antigen Via MHC Class I Via ER Pathway (GO:0002484),0.3435505987978876,0.5707546457687473,0.9800443458980045,1.0,1.0,3/11,15.80%,MICB;HLA-B;HLA-F
prerank,Antigen Processing And Presentation Of Peptide Antigen Via MHC Class Ib (GO:0002428),0.3435505987978876,0.5707546457687473,0.9800443458980045,1.0,1.0,3/11,15.80%,MICB;HLA-B;HLA-F
prerank,Antigen Processing And Presentation Of Endogenous Peptide Antigen Via MHC Class Ib (GO:0002476),0.3435505987978876,0.5707546457687473,0.9800443458980045,1.0,1.0,3/11,15.80%,MICB;HLA-B;HLA-F
prerank,sno(s)RNA 3'-End Processing (GO:0031126),-0.35376254550180775,-0.5675361499825158,0.988313856427379,0.9992920747097318,1.0,4/10,16.04%,EXOSC4;TENT4B;PARN;FBL
prerank,Cellular Response To Exogenous dsRNA (GO:0071360),0.345340354910146,0.5646318675845463,0.9876847290640394,1.0,1.0,6/11,17.61%,IFIH1;DHX9;IFIT1;RALB;CGAS;ZCCHC3
prerank,Positive Regulation Of Immune System Process (GO:0002684),-0.29235956218109654,-0.5589555955337494,1.0,0.9997090305344624,1.0,6/25,22.97%,LILRB2;LGALS9;MIA3;ZP3;MADCAM1;IL15
prerank,Mitotic G1/S Transition Checkpoint Signaling (GO:0044819),0.33886165510580607,0.557591245511575,0.9906542056074766,1.0,1.0,2/10,7.71%,WAC;RFWD3
prerank,Protein Targeting To Peroxisome (GO:0006625),-0.3199006950560618,-0.554243239562659,0.9965986394557823,0.9996611350579088,1.0,2/16,10.60%,ZFAND6;PEX26
prerank,Positive Regulation Of Macrophage Chemotaxis (GO:0010759),-0.33414065586720526,-0.5530948974246334,0.992818671454219,0.9992940424600869,1.0,2/13,16.97%,IL34;CMKLR1
prerank,Sarcoplasmic Reticulum Calcium Ion Transport (GO:0070296),0.3318163632236144,0.5526891956383359,0.9950738916256158,1.0,1.0,4/10,18.36%,ATP2A1;CCR5;RYR3;RYR1
prerank,Positive Regulation Of Cell Cycle Phase Transition (GO:1901989),0.30237509090206505,0.5464834985577706,0.9974747474747475,1.0,1.0,4/15,18.93%,EZH2;PHB2;NPM1;CUL3
prerank,Regulation Of Amyloid Precursor Protein Biosynthetic Process (GO:0042984),-0.348682317493401,-0.5456831405222777,0.9948892674616695,0.9993881469083605,1.0,6/10,19.66%,NECAB1;ABCA7;NECAB3;BACE2;ITM2C;ITM2B
prerank,Positive Regulation Of Hemostasis (GO:1900048),0.3308839785540814,0.5413117534852401,0.9863013698630136,1.0,1.0,4/11,18.02%,SERPINE1;HPSE;ST3GAL4;EMILIN2
prerank,Positive Regulation Of Coagulation (GO:0050820),0.3308839785540814,0.5413117534852401,0.9863013698630136,1.0,1.0,4/11,18.02%,SERPINE1;HPSE;ST3GAL4;EMILIN2
prerank,Regulation Of Protein Exit From Endoplasmic Reticulum (GO:0070861),-0.3379400484007346,-0.5320718487874067,0.9930191972076788,0.9996430101514518,1.0,5/11,21.08%,SAR1B;TM9SF4;TMEM30A;CD81;SEC16B
prerank,Positive Regulation Of Myelination (GO:0031643),0.31087803246537227,0.5171588920133371,1.0,1.0,1.0,4/11,14.65%,MYRF;TPPP;NCMAP;DICER1
prerank,Nucleotide-Sugar Metabolic Process (GO:0009225),0.32674592967973476,0.5159305509438733,0.9927007299270073,1.0,1.0,5/10,20.45%,CSGALNACT1;FUT8;ENTPD5;UGP2;GFPT2
prerank,Detection Of Bacterium (GO:0016045),0.3108929765837217,0.5039645220269879,0.9956140350877193,0.999714364802683,1.0,4/10,20.85%,HLA-B;NLRC4;NAIP;HLA-A
prerank,Sensory Perception Of Bitter Taste (GO:0050913),-0.25433547898523284,-0.42883267451312557,1.0,1.0,1.0,13/13,100.00%,TAS2R5;PIP;GNAT3;TAS2R1;RTP1;RTP4;RTP5;GNAT2;CA6;CALHM1;TAS2R8;TAS2R9;LPO
prerank,Detection Of Chemical Stimulus Involved In Sensory Perception Of Bitter Taste (GO:0001580),-0.2543258490780357,-0.42273145656505656,1.0,0.9999003029606379,1.0,12/12,100.00%,TAS2R5;PIP;GNAT3;TAS2R1;RTP1;RTP4;RTP5;GNAT2;CA6;TAS2R8;TAS2R9;LPO
